model,variant,seed,set,cid,rate,n
gemma,da,42,ifeval,change_case:capital_word_frequency,72.0,25
gemma,da,42,ifeval,change_case:english_capital,84.0,25
gemma,da,42,ifeval,change_case:english_lowercase,79.4872,39
gemma,da,42,ifeval,combination:repeat_prompt,43.9024,41
gemma,da,42,ifeval,combination:two_responses,79.1667,24
gemma,da,42,ifeval,detectable_content:number_placeholders,77.7778,27
gemma,da,42,ifeval,detectable_content:postscript,96.1538,26
gemma,da,42,ifeval,detectable_format:constrained_response,100,10
gemma,da,42,ifeval,detectable_format:json_format,82.3529,17
gemma,da,42,ifeval,detectable_format:multiple_sections,92.8571,14
gemma,da,42,ifeval,detectable_format:number_bullet_lists,80.6452,31
gemma,da,42,ifeval,detectable_format:number_highlighted_sections,87.5,48
gemma,da,42,ifeval,detectable_format:title,89.1892,37
gemma,da,42,ifeval,keywords:existence,92.3077,39
gemma,da,42,ifeval,keywords:forbidden_words,77.551,49
gemma,da,42,ifeval,keywords:frequency,71.4286,42
gemma,da,42,ifeval,keywords:letter_frequency,60.6061,33
gemma,da,42,ifeval,language:response_language,87.0968,31
gemma,da,42,ifeval,length_constraints:nth_paragraph_first_word,33.3333,12
gemma,da,42,ifeval,length_constraints:number_paragraphs,48.1481,27
gemma,da,42,ifeval,length_constraints:number_sentences,71.1538,52
gemma,da,42,ifeval,length_constraints:number_words,51.9231,52
gemma,da,42,ifeval,punctuation:no_comma,86.3636,66
gemma,da,42,ifeval,startend:end_checker,76.9231,26
gemma,da,42,ifeval,startend:quotation,87.8049,41
gemma,da,43,assembled500,change_case:capital_word_frequency,50.0,104
gemma,da,43,assembled500,change_case:english_capital,62.5,80
gemma,da,43,assembled500,change_case:english_lowercase,90.5405,74
gemma,da,43,assembled500,combination:repeat_prompt,1.4085,71
gemma,da,43,assembled500,combination:two_responses,73.0769,26
gemma,da,43,assembled500,detectable_content:number_placeholders,96.1538,78
gemma,da,43,assembled500,detectable_content:postscript,91.6667,60
gemma,da,43,assembled500,detectable_format:constrained_response,100,1
gemma,da,43,assembled500,detectable_format:json_format,66.6667,36
gemma,da,43,assembled500,detectable_format:multiple_sections,80.597,67
gemma,da,43,assembled500,detectable_format:number_bullet_lists,80.7018,57
gemma,da,43,assembled500,detectable_format:number_highlighted_sections,93.0556,72
gemma,da,43,assembled500,detectable_format:title,100,68
gemma,da,43,assembled500,detectable_format:xml_format,57.1429,35
gemma,da,43,assembled500,keywords:existence,93.4066,91
gemma,da,43,assembled500,keywords:forbidden_words,98.9011,91
gemma,da,43,assembled500,keywords:frequency,70.4082,98
gemma,da,43,assembled500,keywords:letter_frequency,47.1264,87
gemma,da,43,assembled500,language:response_language,94.1176,51
gemma,da,43,assembled500,length_constraints:nth_paragraph_first_word,18.0328,61
gemma,da,43,assembled500,length_constraints:number_paragraphs,43.2836,67
gemma,da,43,assembled500,length_constraints:number_sentences,61.6822,107
gemma,da,43,assembled500,length_constraints:number_words,65.3061,98
gemma,da,43,assembled500,punctuation:no_comma,98.8889,90
gemma,da,43,assembled500,startend:end_checker,75.2212,113
gemma,da,43,assembled500,startend:quotation,78.9474,38
gemma,da,43,ifeval,change_case:capital_word_frequency,76.0,25
gemma,da,43,ifeval,change_case:english_capital,88.0,25
gemma,da,43,ifeval,change_case:english_lowercase,92.3077,39
gemma,da,43,ifeval,combination:repeat_prompt,41.4634,41
gemma,da,43,ifeval,combination:two_responses,66.6667,24
gemma,da,43,ifeval,detectable_content:number_placeholders,85.1852,27
gemma,da,43,ifeval,detectable_content:postscript,96.1538,26
gemma,da,43,ifeval,detectable_format:constrained_response,100,10
gemma,da,43,ifeval,detectable_format:json_format,88.2353,17
gemma,da,43,ifeval,detectable_format:multiple_sections,92.8571,14
gemma,da,43,ifeval,detectable_format:number_bullet_lists,83.871,31
gemma,da,43,ifeval,detectable_format:number_highlighted_sections,97.9167,48
gemma,da,43,ifeval,detectable_format:title,94.5946,37
gemma,da,43,ifeval,keywords:existence,84.6154,39
gemma,da,43,ifeval,keywords:forbidden_words,83.6735,49
gemma,da,43,ifeval,keywords:frequency,71.4286,42
gemma,da,43,ifeval,keywords:letter_frequency,63.6364,33
gemma,da,43,ifeval,language:response_language,87.0968,31
gemma,da,43,ifeval,length_constraints:nth_paragraph_first_word,66.6667,12
gemma,da,43,ifeval,length_constraints:number_paragraphs,44.4444,27
gemma,da,43,ifeval,length_constraints:number_sentences,69.2308,52
gemma,da,43,ifeval,length_constraints:number_words,59.6154,52
gemma,da,43,ifeval,punctuation:no_comma,90.9091,66
gemma,da,43,ifeval,startend:end_checker,88.4615,26
gemma,da,43,ifeval,startend:quotation,78.0488,41
gemma,da,43,mdp500,change_case:capital_word_frequency,47.6923,65
gemma,da,43,mdp500,change_case:english_capital,60.2941,68
gemma,da,43,mdp500,change_case:english_lowercase,74.359,78
gemma,da,43,mdp500,combination:repeat_prompt,26.087,23
gemma,da,43,mdp500,combination:two_responses,41.6667,24
gemma,da,43,mdp500,detectable_content:number_placeholders,93.0233,86
gemma,da,43,mdp500,detectable_content:postscript,91.7647,85
gemma,da,43,mdp500,detectable_format:constrained_response,93.75,16
gemma,da,43,mdp500,detectable_format:json_format,88.0,25
gemma,da,43,mdp500,detectable_format:multiple_sections,71.4286,63
gemma,da,43,mdp500,detectable_format:number_bullet_lists,68.3673,98
gemma,da,43,mdp500,detectable_format:number_highlighted_sections,86.1111,72
gemma,da,43,mdp500,detectable_format:title,63.7363,91
gemma,da,43,mdp500,detectable_format:xml_format,78.2609,23
gemma,da,43,mdp500,keywords:existence,92.7083,96
gemma,da,43,mdp500,keywords:forbidden_words,85.4369,103
gemma,da,43,mdp500,keywords:frequency,60.5263,76
gemma,da,43,mdp500,keywords:letter_frequency,40.0,85
gemma,da,43,mdp500,language:response_language,58.9286,56
gemma,da,43,mdp500,length_constraints:nth_paragraph_first_word,17.9487,78
gemma,da,43,mdp500,length_constraints:number_paragraphs,48.2759,58
gemma,da,43,mdp500,length_constraints:number_sentences,67.8571,84
gemma,da,43,mdp500,length_constraints:number_words,59.7826,92
gemma,da,43,mdp500,punctuation:no_comma,95.8763,97
gemma,da,43,mdp500,startend:end_checker,80.0,75
gemma,da,43,mdp500,startend:quotation,78.3784,74
gemma,da,44,assembled500,change_case:capital_word_frequency,54.8077,104
gemma,da,44,assembled500,change_case:english_capital,58.75,80
gemma,da,44,assembled500,change_case:english_lowercase,85.1351,74
gemma,da,44,assembled500,combination:repeat_prompt,0,71
gemma,da,44,assembled500,combination:two_responses,80.7692,26
gemma,da,44,assembled500,detectable_content:number_placeholders,98.7179,78
gemma,da,44,assembled500,detectable_content:postscript,96.6667,60
gemma,da,44,assembled500,detectable_format:constrained_response,100,1
gemma,da,44,assembled500,detectable_format:json_format,69.4444,36
gemma,da,44,assembled500,detectable_format:multiple_sections,85.0746,67
gemma,da,44,assembled500,detectable_format:number_bullet_lists,84.2105,57
gemma,da,44,assembled500,detectable_format:number_highlighted_sections,86.1111,72
gemma,da,44,assembled500,detectable_format:title,100,68
gemma,da,44,assembled500,detectable_format:xml_format,60.0,35
gemma,da,44,assembled500,keywords:existence,92.3077,91
gemma,da,44,assembled500,keywords:forbidden_words,100,91
gemma,da,44,assembled500,keywords:frequency,73.4694,98
gemma,da,44,assembled500,keywords:letter_frequency,47.1264,87
gemma,da,44,assembled500,language:response_language,90.1961,51
gemma,da,44,assembled500,length_constraints:nth_paragraph_first_word,14.7541,61
gemma,da,44,assembled500,length_constraints:number_paragraphs,50.7463,67
gemma,da,44,assembled500,length_constraints:number_sentences,51.4019,107
gemma,da,44,assembled500,length_constraints:number_words,56.1224,98
gemma,da,44,assembled500,punctuation:no_comma,98.8889,90
gemma,da,44,assembled500,startend:end_checker,81.4159,113
gemma,da,44,assembled500,startend:quotation,84.2105,38
gemma,da,44,ifeval,change_case:capital_word_frequency,76.0,25
gemma,da,44,ifeval,change_case:english_capital,84.0,25
gemma,da,44,ifeval,change_case:english_lowercase,82.0513,39
gemma,da,44,ifeval,combination:repeat_prompt,51.2195,41
gemma,da,44,ifeval,combination:two_responses,79.1667,24
gemma,da,44,ifeval,detectable_content:number_placeholders,88.8889,27
gemma,da,44,ifeval,detectable_content:postscript,96.1538,26
gemma,da,44,ifeval,detectable_format:constrained_response,100,10
gemma,da,44,ifeval,detectable_format:json_format,100,17
gemma,da,44,ifeval,detectable_format:multiple_sections,85.7143,14
gemma,da,44,ifeval,detectable_format:number_bullet_lists,83.871,31
gemma,da,44,ifeval,detectable_format:number_highlighted_sections,91.6667,48
gemma,da,44,ifeval,detectable_format:title,94.5946,37
gemma,da,44,ifeval,keywords:existence,87.1795,39
gemma,da,44,ifeval,keywords:forbidden_words,83.6735,49
gemma,da,44,ifeval,keywords:frequency,73.8095,42
gemma,da,44,ifeval,keywords:letter_frequency,54.5455,33
gemma,da,44,ifeval,language:response_language,93.5484,31
gemma,da,44,ifeval,length_constraints:nth_paragraph_first_word,66.6667,12
gemma,da,44,ifeval,length_constraints:number_paragraphs,40.7407,27
gemma,da,44,ifeval,length_constraints:number_sentences,67.3077,52
gemma,da,44,ifeval,length_constraints:number_words,51.9231,52
gemma,da,44,ifeval,punctuation:no_comma,89.3939,66
gemma,da,44,ifeval,startend:end_checker,88.4615,26
gemma,da,44,ifeval,startend:quotation,75.6098,41
gemma,da,44,mdp500,change_case:capital_word_frequency,43.0769,65
gemma,da,44,mdp500,change_case:english_capital,60.2941,68
gemma,da,44,mdp500,change_case:english_lowercase,76.9231,78
gemma,da,44,mdp500,combination:repeat_prompt,13.0435,23
gemma,da,44,mdp500,combination:two_responses,45.8333,24
gemma,da,44,mdp500,detectable_content:number_placeholders,94.186,86
gemma,da,44,mdp500,detectable_content:postscript,95.2941,85
gemma,da,44,mdp500,detectable_format:constrained_response,87.5,16
gemma,da,44,mdp500,detectable_format:json_format,96.0,25
gemma,da,44,mdp500,detectable_format:multiple_sections,79.3651,63
gemma,da,44,mdp500,detectable_format:number_bullet_lists,63.2653,98
gemma,da,44,mdp500,detectable_format:number_highlighted_sections,90.2778,72
gemma,da,44,mdp500,detectable_format:title,60.4396,91
gemma,da,44,mdp500,detectable_format:xml_format,78.2609,23
gemma,da,44,mdp500,keywords:existence,92.7083,96
gemma,da,44,mdp500,keywords:forbidden_words,88.3495,103
gemma,da,44,mdp500,keywords:frequency,63.1579,76
gemma,da,44,mdp500,keywords:letter_frequency,41.1765,85
gemma,da,44,mdp500,language:response_language,62.5,56
gemma,da,44,mdp500,length_constraints:nth_paragraph_first_word,17.9487,78
gemma,da,44,mdp500,length_constraints:number_paragraphs,39.6552,58
gemma,da,44,mdp500,length_constraints:number_sentences,67.8571,84
gemma,da,44,mdp500,length_constraints:number_words,56.5217,92
gemma,da,44,mdp500,punctuation:no_comma,89.6907,97
gemma,da,44,mdp500,startend:end_checker,84.0,75
gemma,da,44,mdp500,startend:quotation,78.3784,74
gemma,da_half,42,assembled500,change_case:capital_word_frequency,60.5769,104
gemma,da_half,42,assembled500,change_case:english_capital,67.5,80
gemma,da_half,42,assembled500,change_case:english_lowercase,87.8378,74
gemma,da_half,42,assembled500,combination:repeat_prompt,0,71
gemma,da_half,42,assembled500,combination:two_responses,80.7692,26
gemma,da_half,42,assembled500,detectable_content:number_placeholders,89.7436,78
gemma,da_half,42,assembled500,detectable_content:postscript,100,60
gemma,da_half,42,assembled500,detectable_format:constrained_response,100,1
gemma,da_half,42,assembled500,detectable_format:json_format,75.0,36
gemma,da_half,42,assembled500,detectable_format:multiple_sections,83.5821,67
gemma,da_half,42,assembled500,detectable_format:number_bullet_lists,80.7018,57
gemma,da_half,42,assembled500,detectable_format:number_highlighted_sections,91.6667,72
gemma,da_half,42,assembled500,detectable_format:title,98.5294,68
gemma,da_half,42,assembled500,detectable_format:xml_format,85.7143,35
gemma,da_half,42,assembled500,keywords:existence,98.9011,91
gemma,da_half,42,assembled500,keywords:forbidden_words,98.9011,91
gemma,da_half,42,assembled500,keywords:frequency,74.4898,98
gemma,da_half,42,assembled500,keywords:letter_frequency,50.5747,87
gemma,da_half,42,assembled500,language:response_language,90.1961,51
gemma,da_half,42,assembled500,length_constraints:nth_paragraph_first_word,18.0328,61
gemma,da_half,42,assembled500,length_constraints:number_paragraphs,64.1791,67
gemma,da_half,42,assembled500,length_constraints:number_sentences,56.0748,107
gemma,da_half,42,assembled500,length_constraints:number_words,54.0816,98
gemma,da_half,42,assembled500,punctuation:no_comma,98.8889,90
gemma,da_half,42,assembled500,startend:end_checker,75.2212,113
gemma,da_half,42,assembled500,startend:quotation,57.8947,38
gemma,da_half,42,ifeval,change_case:capital_word_frequency,72.0,25
gemma,da_half,42,ifeval,change_case:english_capital,68.0,25
gemma,da_half,42,ifeval,change_case:english_lowercase,92.3077,39
gemma,da_half,42,ifeval,combination:repeat_prompt,46.3415,41
gemma,da_half,42,ifeval,combination:two_responses,70.8333,24
gemma,da_half,42,ifeval,detectable_content:number_placeholders,85.1852,27
gemma,da_half,42,ifeval,detectable_content:postscript,100,26
gemma,da_half,42,ifeval,detectable_format:constrained_response,90.0,10
gemma,da_half,42,ifeval,detectable_format:json_format,76.4706,17
gemma,da_half,42,ifeval,detectable_format:multiple_sections,85.7143,14
gemma,da_half,42,ifeval,detectable_format:number_bullet_lists,83.871,31
gemma,da_half,42,ifeval,detectable_format:number_highlighted_sections,89.5833,48
gemma,da_half,42,ifeval,detectable_format:title,97.2973,37
gemma,da_half,42,ifeval,keywords:existence,84.6154,39
gemma,da_half,42,ifeval,keywords:forbidden_words,81.6327,49
gemma,da_half,42,ifeval,keywords:frequency,71.4286,42
gemma,da_half,42,ifeval,keywords:letter_frequency,60.6061,33
gemma,da_half,42,ifeval,language:response_language,90.3226,31
gemma,da_half,42,ifeval,length_constraints:nth_paragraph_first_word,66.6667,12
gemma,da_half,42,ifeval,length_constraints:number_paragraphs,48.1481,27
gemma,da_half,42,ifeval,length_constraints:number_sentences,63.4615,52
gemma,da_half,42,ifeval,length_constraints:number_words,46.1538,52
gemma,da_half,42,ifeval,punctuation:no_comma,93.9394,66
gemma,da_half,42,ifeval,startend:end_checker,88.4615,26
gemma,da_half,42,ifeval,startend:quotation,65.8537,41
gemma,da_half,42,mdp500,change_case:capital_word_frequency,43.0769,65
gemma,da_half,42,mdp500,change_case:english_capital,51.4706,68
gemma,da_half,42,mdp500,change_case:english_lowercase,69.2308,78
gemma,da_half,42,mdp500,combination:repeat_prompt,17.3913,23
gemma,da_half,42,mdp500,combination:two_responses,54.1667,24
gemma,da_half,42,mdp500,detectable_content:number_placeholders,90.6977,86
gemma,da_half,42,mdp500,detectable_content:postscript,100,85
gemma,da_half,42,mdp500,detectable_format:constrained_response,100,16
gemma,da_half,42,mdp500,detectable_format:json_format,88.0,25
gemma,da_half,42,mdp500,detectable_format:multiple_sections,74.6032,63
gemma,da_half,42,mdp500,detectable_format:number_bullet_lists,73.4694,98
gemma,da_half,42,mdp500,detectable_format:number_highlighted_sections,86.1111,72
gemma,da_half,42,mdp500,detectable_format:title,63.7363,91
gemma,da_half,42,mdp500,detectable_format:xml_format,91.3043,23
gemma,da_half,42,mdp500,keywords:existence,95.8333,96
gemma,da_half,42,mdp500,keywords:forbidden_words,90.2913,103
gemma,da_half,42,mdp500,keywords:frequency,61.8421,76
gemma,da_half,42,mdp500,keywords:letter_frequency,45.8824,85
gemma,da_half,42,mdp500,language:response_language,64.2857,56
gemma,da_half,42,mdp500,length_constraints:nth_paragraph_first_word,19.2308,78
gemma,da_half,42,mdp500,length_constraints:number_paragraphs,39.6552,58
gemma,da_half,42,mdp500,length_constraints:number_sentences,65.4762,84
gemma,da_half,42,mdp500,length_constraints:number_words,63.0435,92
gemma,da_half,42,mdp500,punctuation:no_comma,95.8763,97
gemma,da_half,42,mdp500,startend:end_checker,86.6667,75
gemma,da_half,42,mdp500,startend:quotation,68.9189,74
gemma,da_half,43,assembled500,change_case:capital_word_frequency,50.0,104
gemma,da_half,43,assembled500,change_case:english_capital,56.25,80
gemma,da_half,43,assembled500,change_case:english_lowercase,85.1351,74
gemma,da_half,43,assembled500,combination:repeat_prompt,1.4085,71
gemma,da_half,43,assembled500,combination:two_responses,76.9231,26
gemma,da_half,43,assembled500,detectable_content:number_placeholders,92.3077,78
gemma,da_half,43,assembled500,detectable_content:postscript,98.3333,60
gemma,da_half,43,assembled500,detectable_format:constrained_response,100,1
gemma,da_half,43,assembled500,detectable_format:json_format,69.4444,36
gemma,da_half,43,assembled500,detectable_format:multiple_sections,85.0746,67
gemma,da_half,43,assembled500,detectable_format:number_bullet_lists,68.4211,57
gemma,da_half,43,assembled500,detectable_format:number_highlighted_sections,83.3333,72
gemma,da_half,43,assembled500,detectable_format:title,100,68
gemma,da_half,43,assembled500,detectable_format:xml_format,62.8571,35
gemma,da_half,43,assembled500,keywords:existence,95.6044,91
gemma,da_half,43,assembled500,keywords:forbidden_words,96.7033,91
gemma,da_half,43,assembled500,keywords:frequency,74.4898,98
gemma,da_half,43,assembled500,keywords:letter_frequency,45.977,87
gemma,da_half,43,assembled500,language:response_language,92.1569,51
gemma,da_half,43,assembled500,length_constraints:nth_paragraph_first_word,14.7541,61
gemma,da_half,43,assembled500,length_constraints:number_paragraphs,49.2537,67
gemma,da_half,43,assembled500,length_constraints:number_sentences,58.8785,107
gemma,da_half,43,assembled500,length_constraints:number_words,57.1429,98
gemma,da_half,43,assembled500,punctuation:no_comma,100,90
gemma,da_half,43,assembled500,startend:end_checker,75.2212,113
gemma,da_half,43,assembled500,startend:quotation,73.6842,38
gemma,da_half,43,ifeval,change_case:capital_word_frequency,76.0,25
gemma,da_half,43,ifeval,change_case:english_capital,88.0,25
gemma,da_half,43,ifeval,change_case:english_lowercase,89.7436,39
gemma,da_half,43,ifeval,combination:repeat_prompt,51.2195,41
gemma,da_half,43,ifeval,combination:two_responses,70.8333,24
gemma,da_half,43,ifeval,detectable_content:number_placeholders,77.7778,27
gemma,da_half,43,ifeval,detectable_content:postscript,100,26
gemma,da_half,43,ifeval,detectable_format:constrained_response,100,10
gemma,da_half,43,ifeval,detectable_format:json_format,94.1176,17
gemma,da_half,43,ifeval,detectable_format:multiple_sections,78.5714,14
gemma,da_half,43,ifeval,detectable_format:number_bullet_lists,77.4194,31
gemma,da_half,43,ifeval,detectable_format:number_highlighted_sections,89.5833,48
gemma,da_half,43,ifeval,detectable_format:title,97.2973,37
gemma,da_half,43,ifeval,keywords:existence,87.1795,39
gemma,da_half,43,ifeval,keywords:forbidden_words,81.6327,49
gemma,da_half,43,ifeval,keywords:frequency,73.8095,42
gemma,da_half,43,ifeval,keywords:letter_frequency,54.5455,33
gemma,da_half,43,ifeval,language:response_language,87.0968,31
gemma,da_half,43,ifeval,length_constraints:nth_paragraph_first_word,58.3333,12
gemma,da_half,43,ifeval,length_constraints:number_paragraphs,59.2593,27
gemma,da_half,43,ifeval,length_constraints:number_sentences,63.4615,52
gemma,da_half,43,ifeval,length_constraints:number_words,48.0769,52
gemma,da_half,43,ifeval,punctuation:no_comma,90.9091,66
gemma,da_half,43,ifeval,startend:end_checker,92.3077,26
gemma,da_half,43,ifeval,startend:quotation,68.2927,41
gemma,da_half,43,mdp500,change_case:capital_word_frequency,49.2308,65
gemma,da_half,43,mdp500,change_case:english_capital,63.2353,68
gemma,da_half,43,mdp500,change_case:english_lowercase,76.9231,78
gemma,da_half,43,mdp500,combination:repeat_prompt,21.7391,23
gemma,da_half,43,mdp500,combination:two_responses,37.5,24
gemma,da_half,43,mdp500,detectable_content:number_placeholders,94.186,86
gemma,da_half,43,mdp500,detectable_content:postscript,100,85
gemma,da_half,43,mdp500,detectable_format:constrained_response,100,16
gemma,da_half,43,mdp500,detectable_format:json_format,80.0,25
gemma,da_half,43,mdp500,detectable_format:multiple_sections,74.6032,63
gemma,da_half,43,mdp500,detectable_format:number_bullet_lists,66.3265,98
gemma,da_half,43,mdp500,detectable_format:number_highlighted_sections,84.7222,72
gemma,da_half,43,mdp500,detectable_format:title,65.9341,91
gemma,da_half,43,mdp500,detectable_format:xml_format,86.9565,23
gemma,da_half,43,mdp500,keywords:existence,95.8333,96
gemma,da_half,43,mdp500,keywords:forbidden_words,90.2913,103
gemma,da_half,43,mdp500,keywords:frequency,63.1579,76
gemma,da_half,43,mdp500,keywords:letter_frequency,40.0,85
gemma,da_half,43,mdp500,language:response_language,67.8571,56
gemma,da_half,43,mdp500,length_constraints:nth_paragraph_first_word,28.2051,78
gemma,da_half,43,mdp500,length_constraints:number_paragraphs,41.3793,58
gemma,da_half,43,mdp500,length_constraints:number_sentences,67.8571,84
gemma,da_half,43,mdp500,length_constraints:number_words,58.6957,92
gemma,da_half,43,mdp500,punctuation:no_comma,96.9072,97
gemma,da_half,43,mdp500,startend:end_checker,81.3333,75
gemma,da_half,43,mdp500,startend:quotation,75.6757,74
gemma,da_half,44,assembled500,change_case:capital_word_frequency,54.8077,104
gemma,da_half,44,assembled500,change_case:english_capital,62.5,80
gemma,da_half,44,assembled500,change_case:english_lowercase,82.4324,74
gemma,da_half,44,assembled500,combination:repeat_prompt,1.4085,71
gemma,da_half,44,assembled500,combination:two_responses,80.7692,26
gemma,da_half,44,assembled500,detectable_content:number_placeholders,94.8718,78
gemma,da_half,44,assembled500,detectable_content:postscript,98.3333,60
gemma,da_half,44,assembled500,detectable_format:constrained_response,100,1
gemma,da_half,44,assembled500,detectable_format:json_format,63.8889,36
gemma,da_half,44,assembled500,detectable_format:multiple_sections,83.5821,67
gemma,da_half,44,assembled500,detectable_format:number_bullet_lists,78.9474,57
gemma,da_half,44,assembled500,detectable_format:number_highlighted_sections,90.2778,72
gemma,da_half,44,assembled500,detectable_format:title,100,68
gemma,da_half,44,assembled500,detectable_format:xml_format,48.5714,35
gemma,da_half,44,assembled500,keywords:existence,96.7033,91
gemma,da_half,44,assembled500,keywords:forbidden_words,96.7033,91
gemma,da_half,44,assembled500,keywords:frequency,74.4898,98
gemma,da_half,44,assembled500,keywords:letter_frequency,49.4253,87
gemma,da_half,44,assembled500,language:response_language,94.1176,51
gemma,da_half,44,assembled500,length_constraints:nth_paragraph_first_word,19.6721,61
gemma,da_half,44,assembled500,length_constraints:number_paragraphs,55.2239,67
gemma,da_half,44,assembled500,length_constraints:number_sentences,49.5327,107
gemma,da_half,44,assembled500,length_constraints:number_words,58.1633,98
gemma,da_half,44,assembled500,punctuation:no_comma,98.8889,90
gemma,da_half,44,assembled500,startend:end_checker,84.9558,113
gemma,da_half,44,assembled500,startend:quotation,57.8947,38
gemma,da_half,44,ifeval,change_case:capital_word_frequency,76.0,25
gemma,da_half,44,ifeval,change_case:english_capital,76.0,25
gemma,da_half,44,ifeval,change_case:english_lowercase,87.1795,39
gemma,da_half,44,ifeval,combination:repeat_prompt,36.5854,41
gemma,da_half,44,ifeval,combination:two_responses,79.1667,24
gemma,da_half,44,ifeval,detectable_content:number_placeholders,77.7778,27
gemma,da_half,44,ifeval,detectable_content:postscript,100,26
gemma,da_half,44,ifeval,detectable_format:constrained_response,90.0,10
gemma,da_half,44,ifeval,detectable_format:json_format,88.2353,17
gemma,da_half,44,ifeval,detectable_format:multiple_sections,78.5714,14
gemma,da_half,44,ifeval,detectable_format:number_bullet_lists,87.0968,31
gemma,da_half,44,ifeval,detectable_format:number_highlighted_sections,85.4167,48
gemma,da_half,44,ifeval,detectable_format:title,91.8919,37
gemma,da_half,44,ifeval,keywords:existence,92.3077,39
gemma,da_half,44,ifeval,keywords:forbidden_words,75.5102,49
gemma,da_half,44,ifeval,keywords:frequency,69.0476,42
gemma,da_half,44,ifeval,keywords:letter_frequency,60.6061,33
gemma,da_half,44,ifeval,language:response_language,90.3226,31
gemma,da_half,44,ifeval,length_constraints:nth_paragraph_first_word,50.0,12
gemma,da_half,44,ifeval,length_constraints:number_paragraphs,55.5556,27
gemma,da_half,44,ifeval,length_constraints:number_sentences,61.5385,52
gemma,da_half,44,ifeval,length_constraints:number_words,48.0769,52
gemma,da_half,44,ifeval,punctuation:no_comma,93.9394,66
gemma,da_half,44,ifeval,startend:end_checker,92.3077,26
gemma,da_half,44,ifeval,startend:quotation,68.2927,41
gemma,da_half,44,mdp500,change_case:capital_word_frequency,47.6923,65
gemma,da_half,44,mdp500,change_case:english_capital,67.6471,68
gemma,da_half,44,mdp500,change_case:english_lowercase,74.359,78
gemma,da_half,44,mdp500,combination:repeat_prompt,13.0435,23
gemma,da_half,44,mdp500,combination:two_responses,58.3333,24
gemma,da_half,44,mdp500,detectable_content:number_placeholders,94.186,86
gemma,da_half,44,mdp500,detectable_content:postscript,100,85
gemma,da_half,44,mdp500,detectable_format:constrained_response,81.25,16
gemma,da_half,44,mdp500,detectable_format:json_format,88.0,25
gemma,da_half,44,mdp500,detectable_format:multiple_sections,68.254,63
gemma,da_half,44,mdp500,detectable_format:number_bullet_lists,77.551,98
gemma,da_half,44,mdp500,detectable_format:number_highlighted_sections,79.1667,72
gemma,da_half,44,mdp500,detectable_format:title,60.4396,91
gemma,da_half,44,mdp500,detectable_format:xml_format,82.6087,23
gemma,da_half,44,mdp500,keywords:existence,97.9167,96
gemma,da_half,44,mdp500,keywords:forbidden_words,84.466,103
gemma,da_half,44,mdp500,keywords:frequency,61.8421,76
gemma,da_half,44,mdp500,keywords:letter_frequency,41.1765,85
gemma,da_half,44,mdp500,language:response_language,62.5,56
gemma,da_half,44,mdp500,length_constraints:nth_paragraph_first_word,21.7949,78
gemma,da_half,44,mdp500,length_constraints:number_paragraphs,48.2759,58
gemma,da_half,44,mdp500,length_constraints:number_sentences,63.0952,84
gemma,da_half,44,mdp500,length_constraints:number_words,59.7826,92
gemma,da_half,44,mdp500,punctuation:no_comma,95.8763,97
gemma,da_half,44,mdp500,startend:end_checker,85.3333,75
gemma,da_half,44,mdp500,startend:quotation,79.7297,74
gemma,grpo,42,assembled500,change_case:capital_word_frequency,56.7308,104
gemma,grpo,42,assembled500,change_case:english_capital,56.25,80
gemma,grpo,42,assembled500,change_case:english_lowercase,86.4865,74
gemma,grpo,42,assembled500,combination:repeat_prompt,0,71
gemma,grpo,42,assembled500,combination:two_responses,65.3846,26
gemma,grpo,42,assembled500,detectable_content:number_placeholders,94.8718,78
gemma,grpo,42,assembled500,detectable_content:postscript,98.3333,60
gemma,grpo,42,assembled500,detectable_format:constrained_response,100,1
gemma,grpo,42,assembled500,detectable_format:json_format,66.6667,36
gemma,grpo,42,assembled500,detectable_format:multiple_sections,82.0896,67
gemma,grpo,42,assembled500,detectable_format:number_bullet_lists,80.7018,57
gemma,grpo,42,assembled500,detectable_format:number_highlighted_sections,88.8889,72
gemma,grpo,42,assembled500,detectable_format:title,100,68
gemma,grpo,42,assembled500,detectable_format:xml_format,45.7143,35
gemma,grpo,42,assembled500,keywords:existence,90.1099,91
gemma,grpo,42,assembled500,keywords:forbidden_words,100,91
gemma,grpo,42,assembled500,keywords:frequency,72.449,98
gemma,grpo,42,assembled500,keywords:letter_frequency,44.8276,87
gemma,grpo,42,assembled500,language:response_language,94.1176,51
gemma,grpo,42,assembled500,length_constraints:nth_paragraph_first_word,13.1148,61
gemma,grpo,42,assembled500,length_constraints:number_paragraphs,50.7463,67
gemma,grpo,42,assembled500,length_constraints:number_sentences,61.6822,107
gemma,grpo,42,assembled500,length_constraints:number_words,66.3265,98
gemma,grpo,42,assembled500,punctuation:no_comma,98.8889,90
gemma,grpo,42,assembled500,startend:end_checker,76.9912,113
gemma,grpo,42,assembled500,startend:quotation,73.6842,38
gemma,grpo,42,ifeval,change_case:capital_word_frequency,80.0,25
gemma,grpo,42,ifeval,change_case:english_capital,84.0,25
gemma,grpo,42,ifeval,change_case:english_lowercase,87.1795,39
gemma,grpo,42,ifeval,combination:repeat_prompt,41.4634,41
gemma,grpo,42,ifeval,combination:two_responses,70.8333,24
gemma,grpo,42,ifeval,detectable_content:number_placeholders,85.1852,27
gemma,grpo,42,ifeval,detectable_content:postscript,96.1538,26
gemma,grpo,42,ifeval,detectable_format:constrained_response,100,10
gemma,grpo,42,ifeval,detectable_format:json_format,88.2353,17
gemma,grpo,42,ifeval,detectable_format:multiple_sections,92.8571,14
gemma,grpo,42,ifeval,detectable_format:number_bullet_lists,80.6452,31
gemma,grpo,42,ifeval,detectable_format:number_highlighted_sections,93.75,48
gemma,grpo,42,ifeval,detectable_format:title,97.2973,37
gemma,grpo,42,ifeval,keywords:existence,94.8718,39
gemma,grpo,42,ifeval,keywords:forbidden_words,75.5102,49
gemma,grpo,42,ifeval,keywords:frequency,71.4286,42
gemma,grpo,42,ifeval,keywords:letter_frequency,54.5455,33
gemma,grpo,42,ifeval,language:response_language,87.0968,31
gemma,grpo,42,ifeval,length_constraints:nth_paragraph_first_word,66.6667,12
gemma,grpo,42,ifeval,length_constraints:number_paragraphs,51.8519,27
gemma,grpo,42,ifeval,length_constraints:number_sentences,61.5385,52
gemma,grpo,42,ifeval,length_constraints:number_words,57.6923,52
gemma,grpo,42,ifeval,punctuation:no_comma,92.4242,66
gemma,grpo,42,ifeval,startend:end_checker,84.6154,26
gemma,grpo,42,ifeval,startend:quotation,80.4878,41
gemma,grpo,42,mdp500,change_case:capital_word_frequency,43.0769,65
gemma,grpo,42,mdp500,change_case:english_capital,61.7647,68
gemma,grpo,42,mdp500,change_case:english_lowercase,70.5128,78
gemma,grpo,42,mdp500,combination:repeat_prompt,17.3913,23
gemma,grpo,42,mdp500,combination:two_responses,33.3333,24
gemma,grpo,42,mdp500,detectable_content:number_placeholders,91.8605,86
gemma,grpo,42,mdp500,detectable_content:postscript,96.4706,85
gemma,grpo,42,mdp500,detectable_format:constrained_response,93.75,16
gemma,grpo,42,mdp500,detectable_format:json_format,76.0,25
gemma,grpo,42,mdp500,detectable_format:multiple_sections,80.9524,63
gemma,grpo,42,mdp500,detectable_format:number_bullet_lists,68.3673,98
gemma,grpo,42,mdp500,detectable_format:number_highlighted_sections,79.1667,72
gemma,grpo,42,mdp500,detectable_format:title,67.033,91
gemma,grpo,42,mdp500,detectable_format:xml_format,86.9565,23
gemma,grpo,42,mdp500,keywords:existence,97.9167,96
gemma,grpo,42,mdp500,keywords:forbidden_words,88.3495,103
gemma,grpo,42,mdp500,keywords:frequency,68.4211,76
gemma,grpo,42,mdp500,keywords:letter_frequency,41.1765,85
gemma,grpo,42,mdp500,language:response_language,60.7143,56
gemma,grpo,42,mdp500,length_constraints:nth_paragraph_first_word,11.5385,78
gemma,grpo,42,mdp500,length_constraints:number_paragraphs,43.1034,58
gemma,grpo,42,mdp500,length_constraints:number_sentences,69.0476,84
gemma,grpo,42,mdp500,length_constraints:number_words,60.8696,92
gemma,grpo,42,mdp500,punctuation:no_comma,92.7835,97
gemma,grpo,42,mdp500,startend:end_checker,85.3333,75
gemma,grpo,42,mdp500,startend:quotation,71.6216,74
gemma,grpo,43,assembled500,change_case:capital_word_frequency,58.6538,104
gemma,grpo,43,assembled500,change_case:english_capital,63.75,80
gemma,grpo,43,assembled500,change_case:english_lowercase,89.1892,74
gemma,grpo,43,assembled500,combination:repeat_prompt,1.4085,71
gemma,grpo,43,assembled500,combination:two_responses,61.5385,26
gemma,grpo,43,assembled500,detectable_content:number_placeholders,91.0256,78
gemma,grpo,43,assembled500,detectable_content:postscript,96.6667,60
gemma,grpo,43,assembled500,detectable_format:constrained_response,100,1
gemma,grpo,43,assembled500,detectable_format:json_format,72.2222,36
gemma,grpo,43,assembled500,detectable_format:multiple_sections,83.5821,67
gemma,grpo,43,assembled500,detectable_format:number_bullet_lists,71.9298,57
gemma,grpo,43,assembled500,detectable_format:number_highlighted_sections,81.9444,72
gemma,grpo,43,assembled500,detectable_format:title,100,68
gemma,grpo,43,assembled500,detectable_format:xml_format,60.0,35
gemma,grpo,43,assembled500,keywords:existence,94.5055,91
gemma,grpo,43,assembled500,keywords:forbidden_words,100,91
gemma,grpo,43,assembled500,keywords:frequency,76.5306,98
gemma,grpo,43,assembled500,keywords:letter_frequency,44.8276,87
gemma,grpo,43,assembled500,language:response_language,94.1176,51
gemma,grpo,43,assembled500,length_constraints:nth_paragraph_first_word,14.7541,61
gemma,grpo,43,assembled500,length_constraints:number_paragraphs,55.2239,67
gemma,grpo,43,assembled500,length_constraints:number_sentences,58.8785,107
gemma,grpo,43,assembled500,length_constraints:number_words,59.1837,98
gemma,grpo,43,assembled500,punctuation:no_comma,98.8889,90
gemma,grpo,43,assembled500,startend:end_checker,79.646,113
gemma,grpo,43,assembled500,startend:quotation,73.6842,38
gemma,grpo,43,ifeval,change_case:capital_word_frequency,72.0,25
gemma,grpo,43,ifeval,change_case:english_capital,84.0,25
gemma,grpo,43,ifeval,change_case:english_lowercase,87.1795,39
gemma,grpo,43,ifeval,combination:repeat_prompt,29.2683,41
gemma,grpo,43,ifeval,combination:two_responses,70.8333,24
gemma,grpo,43,ifeval,detectable_content:number_placeholders,77.7778,27
gemma,grpo,43,ifeval,detectable_content:postscript,96.1538,26
gemma,grpo,43,ifeval,detectable_format:constrained_response,90.0,10
gemma,grpo,43,ifeval,detectable_format:json_format,94.1176,17
gemma,grpo,43,ifeval,detectable_format:multiple_sections,78.5714,14
gemma,grpo,43,ifeval,detectable_format:number_bullet_lists,87.0968,31
gemma,grpo,43,ifeval,detectable_format:number_highlighted_sections,93.75,48
gemma,grpo,43,ifeval,detectable_format:title,91.8919,37
gemma,grpo,43,ifeval,keywords:existence,79.4872,39
gemma,grpo,43,ifeval,keywords:forbidden_words,83.6735,49
gemma,grpo,43,ifeval,keywords:frequency,78.5714,42
gemma,grpo,43,ifeval,keywords:letter_frequency,57.5758,33
gemma,grpo,43,ifeval,language:response_language,87.0968,31
gemma,grpo,43,ifeval,length_constraints:nth_paragraph_first_word,41.6667,12
gemma,grpo,43,ifeval,length_constraints:number_paragraphs,55.5556,27
gemma,grpo,43,ifeval,length_constraints:number_sentences,69.2308,52
gemma,grpo,43,ifeval,length_constraints:number_words,51.9231,52
gemma,grpo,43,ifeval,punctuation:no_comma,92.4242,66
gemma,grpo,43,ifeval,startend:end_checker,80.7692,26
gemma,grpo,43,ifeval,startend:quotation,90.2439,41
gemma,grpo,43,mdp500,change_case:capital_word_frequency,50.7692,65
gemma,grpo,43,mdp500,change_case:english_capital,54.4118,68
gemma,grpo,43,mdp500,change_case:english_lowercase,75.641,78
gemma,grpo,43,mdp500,combination:repeat_prompt,17.3913,23
gemma,grpo,43,mdp500,combination:two_responses,50.0,24
gemma,grpo,43,mdp500,detectable_content:number_placeholders,84.8837,86
gemma,grpo,43,mdp500,detectable_content:postscript,95.2941,85
gemma,grpo,43,mdp500,detectable_format:constrained_response,93.75,16
gemma,grpo,43,mdp500,detectable_format:json_format,88.0,25
gemma,grpo,43,mdp500,detectable_format:multiple_sections,66.6667,63
gemma,grpo,43,mdp500,detectable_format:number_bullet_lists,64.2857,98
gemma,grpo,43,mdp500,detectable_format:number_highlighted_sections,73.6111,72
gemma,grpo,43,mdp500,detectable_format:title,63.7363,91
gemma,grpo,43,mdp500,detectable_format:xml_format,82.6087,23
gemma,grpo,43,mdp500,keywords:existence,94.7917,96
gemma,grpo,43,mdp500,keywords:forbidden_words,88.3495,103
gemma,grpo,43,mdp500,keywords:frequency,59.2105,76
gemma,grpo,43,mdp500,keywords:letter_frequency,42.3529,85
gemma,grpo,43,mdp500,language:response_language,69.6429,56
gemma,grpo,43,mdp500,length_constraints:nth_paragraph_first_word,15.3846,78
gemma,grpo,43,mdp500,length_constraints:number_paragraphs,60.3448,58
gemma,grpo,43,mdp500,length_constraints:number_sentences,71.4286,84
gemma,grpo,43,mdp500,length_constraints:number_words,60.8696,92
gemma,grpo,43,mdp500,punctuation:no_comma,90.7216,97
gemma,grpo,43,mdp500,startend:end_checker,86.6667,75
gemma,grpo,43,mdp500,startend:quotation,74.3243,74
gemma,grpo,44,assembled500,change_case:capital_word_frequency,51.9231,104
gemma,grpo,44,assembled500,change_case:english_capital,58.75,80
gemma,grpo,44,assembled500,change_case:english_lowercase,91.8919,74
gemma,grpo,44,assembled500,combination:repeat_prompt,0,71
gemma,grpo,44,assembled500,combination:two_responses,88.4615,26
gemma,grpo,44,assembled500,detectable_content:number_placeholders,92.3077,78
gemma,grpo,44,assembled500,detectable_content:postscript,100,60
gemma,grpo,44,assembled500,detectable_format:constrained_response,100,1
gemma,grpo,44,assembled500,detectable_format:json_format,72.2222,36
gemma,grpo,44,assembled500,detectable_format:multiple_sections,86.5672,67
gemma,grpo,44,assembled500,detectable_format:number_bullet_lists,77.193,57
gemma,grpo,44,assembled500,detectable_format:number_highlighted_sections,88.8889,72
gemma,grpo,44,assembled500,detectable_format:title,100,68
gemma,grpo,44,assembled500,detectable_format:xml_format,62.8571,35
gemma,grpo,44,assembled500,keywords:existence,97.8022,91
gemma,grpo,44,assembled500,keywords:forbidden_words,97.8022,91
gemma,grpo,44,assembled500,keywords:frequency,77.551,98
gemma,grpo,44,assembled500,keywords:letter_frequency,41.3793,87
gemma,grpo,44,assembled500,language:response_language,98.0392,51
gemma,grpo,44,assembled500,length_constraints:nth_paragraph_first_word,14.7541,61
gemma,grpo,44,assembled500,length_constraints:number_paragraphs,52.2388,67
gemma,grpo,44,assembled500,length_constraints:number_sentences,55.1402,107
gemma,grpo,44,assembled500,length_constraints:number_words,60.2041,98
gemma,grpo,44,assembled500,punctuation:no_comma,96.6667,90
gemma,grpo,44,assembled500,startend:end_checker,82.3009,113
gemma,grpo,44,assembled500,startend:quotation,89.4737,38
gemma,grpo,44,ifeval,change_case:capital_word_frequency,76.0,25
gemma,grpo,44,ifeval,change_case:english_capital,88.0,25
gemma,grpo,44,ifeval,change_case:english_lowercase,89.7436,39
gemma,grpo,44,ifeval,combination:repeat_prompt,31.7073,41
gemma,grpo,44,ifeval,combination:two_responses,83.3333,24
gemma,grpo,44,ifeval,detectable_content:number_placeholders,81.4815,27
gemma,grpo,44,ifeval,detectable_content:postscript,100,26
gemma,grpo,44,ifeval,detectable_format:constrained_response,90.0,10
gemma,grpo,44,ifeval,detectable_format:json_format,100,17
gemma,grpo,44,ifeval,detectable_format:multiple_sections,92.8571,14
gemma,grpo,44,ifeval,detectable_format:number_bullet_lists,87.0968,31
gemma,grpo,44,ifeval,detectable_format:number_highlighted_sections,95.8333,48
gemma,grpo,44,ifeval,detectable_format:title,94.5946,37
gemma,grpo,44,ifeval,keywords:existence,69.2308,39
gemma,grpo,44,ifeval,keywords:forbidden_words,73.4694,49
gemma,grpo,44,ifeval,keywords:frequency,69.0476,42
gemma,grpo,44,ifeval,keywords:letter_frequency,63.6364,33
gemma,grpo,44,ifeval,language:response_language,80.6452,31
gemma,grpo,44,ifeval,length_constraints:nth_paragraph_first_word,50.0,12
gemma,grpo,44,ifeval,length_constraints:number_paragraphs,59.2593,27
gemma,grpo,44,ifeval,length_constraints:number_sentences,67.3077,52
gemma,grpo,44,ifeval,length_constraints:number_words,55.7692,52
gemma,grpo,44,ifeval,punctuation:no_comma,92.4242,66
gemma,grpo,44,ifeval,startend:end_checker,92.3077,26
gemma,grpo,44,ifeval,startend:quotation,85.3659,41
gemma,grpo,44,mdp500,change_case:capital_word_frequency,47.6923,65
gemma,grpo,44,mdp500,change_case:english_capital,57.3529,68
gemma,grpo,44,mdp500,change_case:english_lowercase,73.0769,78
gemma,grpo,44,mdp500,combination:repeat_prompt,13.0435,23
gemma,grpo,44,mdp500,combination:two_responses,45.8333,24
gemma,grpo,44,mdp500,detectable_content:number_placeholders,86.0465,86
gemma,grpo,44,mdp500,detectable_content:postscript,97.6471,85
gemma,grpo,44,mdp500,detectable_format:constrained_response,81.25,16
gemma,grpo,44,mdp500,detectable_format:json_format,92.0,25
gemma,grpo,44,mdp500,detectable_format:multiple_sections,77.7778,63
gemma,grpo,44,mdp500,detectable_format:number_bullet_lists,67.3469,98
gemma,grpo,44,mdp500,detectable_format:number_highlighted_sections,79.1667,72
gemma,grpo,44,mdp500,detectable_format:title,63.7363,91
gemma,grpo,44,mdp500,detectable_format:xml_format,82.6087,23
gemma,grpo,44,mdp500,keywords:existence,95.8333,96
gemma,grpo,44,mdp500,keywords:forbidden_words,87.3786,103
gemma,grpo,44,mdp500,keywords:frequency,53.9474,76
gemma,grpo,44,mdp500,keywords:letter_frequency,40.0,85
gemma,grpo,44,mdp500,language:response_language,66.0714,56
gemma,grpo,44,mdp500,length_constraints:nth_paragraph_first_word,15.3846,78
gemma,grpo,44,mdp500,length_constraints:number_paragraphs,51.7241,58
gemma,grpo,44,mdp500,length_constraints:number_sentences,63.0952,84
gemma,grpo,44,mdp500,length_constraints:number_words,59.7826,92
gemma,grpo,44,mdp500,punctuation:no_comma,91.7526,97
gemma,grpo,44,mdp500,startend:end_checker,80.0,75
gemma,grpo,44,mdp500,startend:quotation,83.7838,74
gemma,grpo,45,assembled500,change_case:capital_word_frequency,51.9231,104
gemma,grpo,45,assembled500,change_case:english_capital,67.5,80
gemma,grpo,45,assembled500,change_case:english_lowercase,87.8378,74
gemma,grpo,45,assembled500,combination:repeat_prompt,0,71
gemma,grpo,45,assembled500,combination:two_responses,69.2308,26
gemma,grpo,45,assembled500,detectable_content:number_placeholders,97.4359,78
gemma,grpo,45,assembled500,detectable_content:postscript,98.3333,60
gemma,grpo,45,assembled500,detectable_format:constrained_response,100,1
gemma,grpo,45,assembled500,detectable_format:json_format,58.3333,36
gemma,grpo,45,assembled500,detectable_format:multiple_sections,89.5522,67
gemma,grpo,45,assembled500,detectable_format:number_bullet_lists,71.9298,57
gemma,grpo,45,assembled500,detectable_format:number_highlighted_sections,84.7222,72
gemma,grpo,45,assembled500,detectable_format:title,100,68
gemma,grpo,45,assembled500,detectable_format:xml_format,62.8571,35
gemma,grpo,45,assembled500,keywords:existence,96.7033,91
gemma,grpo,45,assembled500,keywords:forbidden_words,100,91
gemma,grpo,45,assembled500,keywords:frequency,72.449,98
gemma,grpo,45,assembled500,keywords:letter_frequency,45.977,87
gemma,grpo,45,assembled500,language:response_language,96.0784,51
gemma,grpo,45,assembled500,length_constraints:nth_paragraph_first_word,21.3115,61
gemma,grpo,45,assembled500,length_constraints:number_paragraphs,53.7313,67
gemma,grpo,45,assembled500,length_constraints:number_sentences,57.9439,107
gemma,grpo,45,assembled500,length_constraints:number_words,58.1633,98
gemma,grpo,45,assembled500,punctuation:no_comma,100,90
gemma,grpo,45,assembled500,startend:end_checker,84.9558,113
gemma,grpo,45,assembled500,startend:quotation,78.9474,38
gemma,grpo,45,ifeval,change_case:capital_word_frequency,80.0,25
gemma,grpo,45,ifeval,change_case:english_capital,84.0,25
gemma,grpo,45,ifeval,change_case:english_lowercase,89.7436,39
gemma,grpo,45,ifeval,combination:repeat_prompt,41.4634,41
gemma,grpo,45,ifeval,combination:two_responses,75.0,24
gemma,grpo,45,ifeval,detectable_content:number_placeholders,88.8889,27
gemma,grpo,45,ifeval,detectable_content:postscript,100,26
gemma,grpo,45,ifeval,detectable_format:constrained_response,100,10
gemma,grpo,45,ifeval,detectable_format:json_format,88.2353,17
gemma,grpo,45,ifeval,detectable_format:multiple_sections,85.7143,14
gemma,grpo,45,ifeval,detectable_format:number_bullet_lists,80.6452,31
gemma,grpo,45,ifeval,detectable_format:number_highlighted_sections,89.5833,48
gemma,grpo,45,ifeval,detectable_format:title,89.1892,37
gemma,grpo,45,ifeval,keywords:existence,87.1795,39
gemma,grpo,45,ifeval,keywords:forbidden_words,85.7143,49
gemma,grpo,45,ifeval,keywords:frequency,83.3333,42
gemma,grpo,45,ifeval,keywords:letter_frequency,57.5758,33
gemma,grpo,45,ifeval,language:response_language,83.871,31
gemma,grpo,45,ifeval,length_constraints:nth_paragraph_first_word,83.3333,12
gemma,grpo,45,ifeval,length_constraints:number_paragraphs,62.963,27
gemma,grpo,45,ifeval,length_constraints:number_sentences,67.3077,52
gemma,grpo,45,ifeval,length_constraints:number_words,61.5385,52
gemma,grpo,45,ifeval,punctuation:no_comma,89.3939,66
gemma,grpo,45,ifeval,startend:end_checker,92.3077,26
gemma,grpo,45,ifeval,startend:quotation,73.1707,41
gemma,grpo,45,mdp500,change_case:capital_word_frequency,40.0,65
gemma,grpo,45,mdp500,change_case:english_capital,61.7647,68
gemma,grpo,45,mdp500,change_case:english_lowercase,73.0769,78
gemma,grpo,45,mdp500,combination:repeat_prompt,17.3913,23
gemma,grpo,45,mdp500,combination:two_responses,50.0,24
gemma,grpo,45,mdp500,detectable_content:number_placeholders,91.8605,86
gemma,grpo,45,mdp500,detectable_content:postscript,95.2941,85
gemma,grpo,45,mdp500,detectable_format:constrained_response,93.75,16
gemma,grpo,45,mdp500,detectable_format:json_format,88.0,25
gemma,grpo,45,mdp500,detectable_format:multiple_sections,76.1905,63
gemma,grpo,45,mdp500,detectable_format:number_bullet_lists,70.4082,98
gemma,grpo,45,mdp500,detectable_format:number_highlighted_sections,72.2222,72
gemma,grpo,45,mdp500,detectable_format:title,62.6374,91
gemma,grpo,45,mdp500,detectable_format:xml_format,91.3043,23
gemma,grpo,45,mdp500,keywords:existence,92.7083,96
gemma,grpo,45,mdp500,keywords:forbidden_words,88.3495,103
gemma,grpo,45,mdp500,keywords:frequency,56.5789,76
gemma,grpo,45,mdp500,keywords:letter_frequency,37.6471,85
gemma,grpo,45,mdp500,language:response_language,67.8571,56
gemma,grpo,45,mdp500,length_constraints:nth_paragraph_first_word,23.0769,78
gemma,grpo,45,mdp500,length_constraints:number_paragraphs,58.6207,58
gemma,grpo,45,mdp500,length_constraints:number_sentences,67.8571,84
gemma,grpo,45,mdp500,length_constraints:number_words,55.4348,92
gemma,grpo,45,mdp500,punctuation:no_comma,91.7526,97
gemma,grpo,45,mdp500,startend:end_checker,82.6667,75
gemma,grpo,45,mdp500,startend:quotation,81.0811,74
gemma,grpo,46,assembled500,change_case:capital_word_frequency,50.9615,104
gemma,grpo,46,assembled500,change_case:english_capital,55.0,80
gemma,grpo,46,assembled500,change_case:english_lowercase,83.7838,74
gemma,grpo,46,assembled500,combination:repeat_prompt,1.4085,71
gemma,grpo,46,assembled500,combination:two_responses,69.2308,26
gemma,grpo,46,assembled500,detectable_content:number_placeholders,97.4359,78
gemma,grpo,46,assembled500,detectable_content:postscript,96.6667,60
gemma,grpo,46,assembled500,detectable_format:constrained_response,100,1
gemma,grpo,46,assembled500,detectable_format:json_format,80.5556,36
gemma,grpo,46,assembled500,detectable_format:multiple_sections,80.597,67
gemma,grpo,46,assembled500,detectable_format:number_bullet_lists,75.4386,57
gemma,grpo,46,assembled500,detectable_format:number_highlighted_sections,81.9444,72
gemma,grpo,46,assembled500,detectable_format:title,100,68
gemma,grpo,46,assembled500,detectable_format:xml_format,82.8571,35
gemma,grpo,46,assembled500,keywords:existence,95.6044,91
gemma,grpo,46,assembled500,keywords:forbidden_words,97.8022,91
gemma,grpo,46,assembled500,keywords:frequency,77.551,98
gemma,grpo,46,assembled500,keywords:letter_frequency,45.977,87
gemma,grpo,46,assembled500,language:response_language,96.0784,51
gemma,grpo,46,assembled500,length_constraints:nth_paragraph_first_word,16.3934,61
gemma,grpo,46,assembled500,length_constraints:number_paragraphs,40.2985,67
gemma,grpo,46,assembled500,length_constraints:number_sentences,60.7477,107
gemma,grpo,46,assembled500,length_constraints:number_words,62.2449,98
gemma,grpo,46,assembled500,punctuation:no_comma,96.6667,90
gemma,grpo,46,assembled500,startend:end_checker,69.9115,113
gemma,grpo,46,assembled500,startend:quotation,86.8421,38
gemma,grpo,46,ifeval,change_case:capital_word_frequency,76.0,25
gemma,grpo,46,ifeval,change_case:english_capital,88.0,25
gemma,grpo,46,ifeval,change_case:english_lowercase,82.0513,39
gemma,grpo,46,ifeval,combination:repeat_prompt,56.0976,41
gemma,grpo,46,ifeval,combination:two_responses,75.0,24
gemma,grpo,46,ifeval,detectable_content:number_placeholders,81.4815,27
gemma,grpo,46,ifeval,detectable_content:postscript,100,26
gemma,grpo,46,ifeval,detectable_format:constrained_response,100,10
gemma,grpo,46,ifeval,detectable_format:json_format,94.1176,17
gemma,grpo,46,ifeval,detectable_format:multiple_sections,92.8571,14
gemma,grpo,46,ifeval,detectable_format:number_bullet_lists,90.3226,31
gemma,grpo,46,ifeval,detectable_format:number_highlighted_sections,91.6667,48
gemma,grpo,46,ifeval,detectable_format:title,97.2973,37
gemma,grpo,46,ifeval,keywords:existence,84.6154,39
gemma,grpo,46,ifeval,keywords:forbidden_words,87.7551,49
gemma,grpo,46,ifeval,keywords:frequency,71.4286,42
gemma,grpo,46,ifeval,keywords:letter_frequency,60.6061,33
gemma,grpo,46,ifeval,language:response_language,83.871,31
gemma,grpo,46,ifeval,length_constraints:nth_paragraph_first_word,75.0,12
gemma,grpo,46,ifeval,length_constraints:number_paragraphs,37.037,27
gemma,grpo,46,ifeval,length_constraints:number_sentences,69.2308,52
gemma,grpo,46,ifeval,length_constraints:number_words,50.0,52
gemma,grpo,46,ifeval,punctuation:no_comma,89.3939,66
gemma,grpo,46,ifeval,startend:end_checker,88.4615,26
gemma,grpo,46,ifeval,startend:quotation,87.8049,41
gemma,grpo,46,mdp500,change_case:capital_word_frequency,46.1538,65
gemma,grpo,46,mdp500,change_case:english_capital,58.8235,68
gemma,grpo,46,mdp500,change_case:english_lowercase,67.9487,78
gemma,grpo,46,mdp500,combination:repeat_prompt,21.7391,23
gemma,grpo,46,mdp500,combination:two_responses,37.5,24
gemma,grpo,46,mdp500,detectable_content:number_placeholders,88.3721,86
gemma,grpo,46,mdp500,detectable_content:postscript,96.4706,85
gemma,grpo,46,mdp500,detectable_format:constrained_response,93.75,16
gemma,grpo,46,mdp500,detectable_format:json_format,96.0,25
gemma,grpo,46,mdp500,detectable_format:multiple_sections,77.7778,63
gemma,grpo,46,mdp500,detectable_format:number_bullet_lists,68.3673,98
gemma,grpo,46,mdp500,detectable_format:number_highlighted_sections,76.3889,72
gemma,grpo,46,mdp500,detectable_format:title,62.6374,91
gemma,grpo,46,mdp500,detectable_format:xml_format,82.6087,23
gemma,grpo,46,mdp500,keywords:existence,94.7917,96
gemma,grpo,46,mdp500,keywords:forbidden_words,88.3495,103
gemma,grpo,46,mdp500,keywords:frequency,68.4211,76
gemma,grpo,46,mdp500,keywords:letter_frequency,42.3529,85
gemma,grpo,46,mdp500,language:response_language,67.8571,56
gemma,grpo,46,mdp500,length_constraints:nth_paragraph_first_word,23.0769,78
gemma,grpo,46,mdp500,length_constraints:number_paragraphs,48.2759,58
gemma,grpo,46,mdp500,length_constraints:number_sentences,66.6667,84
gemma,grpo,46,mdp500,length_constraints:number_words,55.4348,92
gemma,grpo,46,mdp500,punctuation:no_comma,92.7835,97
gemma,grpo,46,mdp500,startend:end_checker,84.0,75
gemma,grpo,46,mdp500,startend:quotation,78.3784,74
gemma,pt,42,assembled500,change_case:capital_word_frequency,56.7308,104
gemma,pt,42,assembled500,change_case:english_capital,13.75,80
gemma,pt,42,assembled500,change_case:english_lowercase,45.9459,74
gemma,pt,42,assembled500,combination:repeat_prompt,2.8169,71
gemma,pt,42,assembled500,combination:two_responses,26.9231,26
gemma,pt,42,assembled500,detectable_content:number_placeholders,80.7692,78
gemma,pt,42,assembled500,detectable_content:postscript,88.3333,60
gemma,pt,42,assembled500,detectable_format:constrained_response,100,1
gemma,pt,42,assembled500,detectable_format:json_format,38.8889,36
gemma,pt,42,assembled500,detectable_format:multiple_sections,97.0149,67
gemma,pt,42,assembled500,detectable_format:number_bullet_lists,50.8772,57
gemma,pt,42,assembled500,detectable_format:number_highlighted_sections,76.3889,72
gemma,pt,42,assembled500,detectable_format:title,98.5294,68
gemma,pt,42,assembled500,detectable_format:xml_format,42.8571,35
gemma,pt,42,assembled500,keywords:existence,71.4286,91
gemma,pt,42,assembled500,keywords:forbidden_words,97.8022,91
gemma,pt,42,assembled500,keywords:frequency,58.1633,98
gemma,pt,42,assembled500,keywords:letter_frequency,40.2299,87
gemma,pt,42,assembled500,language:response_language,56.8627,51
gemma,pt,42,assembled500,length_constraints:nth_paragraph_first_word,6.5574,61
gemma,pt,42,assembled500,length_constraints:number_paragraphs,22.3881,67
gemma,pt,42,assembled500,length_constraints:number_sentences,52.3364,107
gemma,pt,42,assembled500,length_constraints:number_words,53.0612,98
gemma,pt,42,assembled500,punctuation:no_comma,95.5556,90
gemma,pt,42,assembled500,startend:end_checker,64.6018,113
gemma,pt,42,assembled500,startend:quotation,60.5263,38
gemma,pt,42,ifeval,change_case:capital_word_frequency,72.0,25
gemma,pt,42,ifeval,change_case:english_capital,44.0,25
gemma,pt,42,ifeval,change_case:english_lowercase,76.9231,39
gemma,pt,42,ifeval,combination:repeat_prompt,58.5366,41
gemma,pt,42,ifeval,combination:two_responses,29.1667,24
gemma,pt,42,ifeval,detectable_content:number_placeholders,81.4815,27
gemma,pt,42,ifeval,detectable_content:postscript,100,26
gemma,pt,42,ifeval,detectable_format:constrained_response,100,10
gemma,pt,42,ifeval,detectable_format:json_format,88.2353,17
gemma,pt,42,ifeval,detectable_format:multiple_sections,85.7143,14
gemma,pt,42,ifeval,detectable_format:number_bullet_lists,77.4194,31
gemma,pt,42,ifeval,detectable_format:number_highlighted_sections,89.5833,48
gemma,pt,42,ifeval,detectable_format:title,91.8919,37
gemma,pt,42,ifeval,keywords:existence,87.1795,39
gemma,pt,42,ifeval,keywords:forbidden_words,81.6327,49
gemma,pt,42,ifeval,keywords:frequency,64.2857,42
gemma,pt,42,ifeval,keywords:letter_frequency,54.5455,33
gemma,pt,42,ifeval,language:response_language,74.1935,31
gemma,pt,42,ifeval,length_constraints:nth_paragraph_first_word,25.0,12
gemma,pt,42,ifeval,length_constraints:number_paragraphs,25.9259,27
gemma,pt,42,ifeval,length_constraints:number_sentences,65.3846,52
gemma,pt,42,ifeval,length_constraints:number_words,57.6923,52
gemma,pt,42,ifeval,punctuation:no_comma,87.8788,66
gemma,pt,42,ifeval,startend:end_checker,80.7692,26
gemma,pt,42,ifeval,startend:quotation,36.5854,41
gemma,pt,42,mdp500,change_case:capital_word_frequency,49.2308,65
gemma,pt,42,mdp500,change_case:english_capital,10.2941,68
gemma,pt,42,mdp500,change_case:english_lowercase,46.1538,78
gemma,pt,42,mdp500,combination:repeat_prompt,21.7391,23
gemma,pt,42,mdp500,combination:two_responses,33.3333,24
gemma,pt,42,mdp500,detectable_content:number_placeholders,75.5814,86
gemma,pt,42,mdp500,detectable_content:postscript,95.2941,85
gemma,pt,42,mdp500,detectable_format:constrained_response,100,16
gemma,pt,42,mdp500,detectable_format:json_format,80.0,25
gemma,pt,42,mdp500,detectable_format:multiple_sections,90.4762,63
gemma,pt,42,mdp500,detectable_format:number_bullet_lists,51.0204,98
gemma,pt,42,mdp500,detectable_format:number_highlighted_sections,63.8889,72
gemma,pt,42,mdp500,detectable_format:title,62.6374,91
gemma,pt,42,mdp500,detectable_format:xml_format,65.2174,23
gemma,pt,42,mdp500,keywords:existence,86.4583,96
gemma,pt,42,mdp500,keywords:forbidden_words,89.3204,103
gemma,pt,42,mdp500,keywords:frequency,59.2105,76
gemma,pt,42,mdp500,keywords:letter_frequency,43.5294,85
gemma,pt,42,mdp500,language:response_language,26.7857,56
gemma,pt,42,mdp500,length_constraints:nth_paragraph_first_word,7.6923,78
gemma,pt,42,mdp500,length_constraints:number_paragraphs,27.5862,58
gemma,pt,42,mdp500,length_constraints:number_sentences,60.7143,84
gemma,pt,42,mdp500,length_constraints:number_words,53.2609,92
gemma,pt,42,mdp500,punctuation:no_comma,89.6907,97
gemma,pt,42,mdp500,startend:end_checker,78.6667,75
gemma,pt,42,mdp500,startend:quotation,58.1081,74
gemma,pt,43,assembled500,change_case:capital_word_frequency,48.0769,104
gemma,pt,43,assembled500,change_case:english_capital,20.0,80
gemma,pt,43,assembled500,change_case:english_lowercase,54.0541,74
gemma,pt,43,assembled500,combination:repeat_prompt,1.4085,71
gemma,pt,43,assembled500,combination:two_responses,30.7692,26
gemma,pt,43,assembled500,detectable_content:number_placeholders,82.0513,78
gemma,pt,43,assembled500,detectable_content:postscript,91.6667,60
gemma,pt,43,assembled500,detectable_format:constrained_response,100,1
gemma,pt,43,assembled500,detectable_format:json_format,44.4444,36
gemma,pt,43,assembled500,detectable_format:multiple_sections,95.5224,67
gemma,pt,43,assembled500,detectable_format:number_bullet_lists,61.4035,57
gemma,pt,43,assembled500,detectable_format:number_highlighted_sections,79.1667,72
gemma,pt,43,assembled500,detectable_format:title,100,68
gemma,pt,43,assembled500,detectable_format:xml_format,42.8571,35
gemma,pt,43,assembled500,keywords:existence,62.6374,91
gemma,pt,43,assembled500,keywords:forbidden_words,98.9011,91
gemma,pt,43,assembled500,keywords:frequency,54.0816,98
gemma,pt,43,assembled500,keywords:letter_frequency,40.2299,87
gemma,pt,43,assembled500,language:response_language,64.7059,51
gemma,pt,43,assembled500,length_constraints:nth_paragraph_first_word,1.6393,61
gemma,pt,43,assembled500,length_constraints:number_paragraphs,23.8806,67
gemma,pt,43,assembled500,length_constraints:number_sentences,52.3364,107
gemma,pt,43,assembled500,length_constraints:number_words,55.102,98
gemma,pt,43,assembled500,punctuation:no_comma,91.1111,90
gemma,pt,43,assembled500,startend:end_checker,60.177,113
gemma,pt,43,assembled500,startend:quotation,65.7895,38
gemma,pt,43,ifeval,change_case:capital_word_frequency,72.0,25
gemma,pt,43,ifeval,change_case:english_capital,52.0,25
gemma,pt,43,ifeval,change_case:english_lowercase,82.0513,39
gemma,pt,43,ifeval,combination:repeat_prompt,46.3415,41
gemma,pt,43,ifeval,combination:two_responses,37.5,24
gemma,pt,43,ifeval,detectable_content:number_placeholders,81.4815,27
gemma,pt,43,ifeval,detectable_content:postscript,92.3077,26
gemma,pt,43,ifeval,detectable_format:constrained_response,100,10
gemma,pt,43,ifeval,detectable_format:json_format,70.5882,17
gemma,pt,43,ifeval,detectable_format:multiple_sections,85.7143,14
gemma,pt,43,ifeval,detectable_format:number_bullet_lists,70.9677,31
gemma,pt,43,ifeval,detectable_format:number_highlighted_sections,89.5833,48
gemma,pt,43,ifeval,detectable_format:title,91.8919,37
gemma,pt,43,ifeval,keywords:existence,79.4872,39
gemma,pt,43,ifeval,keywords:forbidden_words,85.7143,49
gemma,pt,43,ifeval,keywords:frequency,66.6667,42
gemma,pt,43,ifeval,keywords:letter_frequency,57.5758,33
gemma,pt,43,ifeval,language:response_language,83.871,31
gemma,pt,43,ifeval,length_constraints:nth_paragraph_first_word,41.6667,12
gemma,pt,43,ifeval,length_constraints:number_paragraphs,25.9259,27
gemma,pt,43,ifeval,length_constraints:number_sentences,67.3077,52
gemma,pt,43,ifeval,length_constraints:number_words,55.7692,52
gemma,pt,43,ifeval,punctuation:no_comma,90.9091,66
gemma,pt,43,ifeval,startend:end_checker,88.4615,26
gemma,pt,43,ifeval,startend:quotation,63.4146,41
gemma,pt,43,mdp500,change_case:capital_word_frequency,49.2308,65
gemma,pt,43,mdp500,change_case:english_capital,14.7059,68
gemma,pt,43,mdp500,change_case:english_lowercase,44.8718,78
gemma,pt,43,mdp500,combination:repeat_prompt,17.3913,23
gemma,pt,43,mdp500,combination:two_responses,29.1667,24
gemma,pt,43,mdp500,detectable_content:number_placeholders,70.9302,86
gemma,pt,43,mdp500,detectable_content:postscript,91.7647,85
gemma,pt,43,mdp500,detectable_format:constrained_response,100,16
gemma,pt,43,mdp500,detectable_format:json_format,64.0,25
gemma,pt,43,mdp500,detectable_format:multiple_sections,90.4762,63
gemma,pt,43,mdp500,detectable_format:number_bullet_lists,45.9184,98
gemma,pt,43,mdp500,detectable_format:number_highlighted_sections,68.0556,72
gemma,pt,43,mdp500,detectable_format:title,61.5385,91
gemma,pt,43,mdp500,detectable_format:xml_format,60.8696,23
gemma,pt,43,mdp500,keywords:existence,86.4583,96
gemma,pt,43,mdp500,keywords:forbidden_words,85.4369,103
gemma,pt,43,mdp500,keywords:frequency,55.2632,76
gemma,pt,43,mdp500,keywords:letter_frequency,40.0,85
gemma,pt,43,mdp500,language:response_language,32.1429,56
gemma,pt,43,mdp500,length_constraints:nth_paragraph_first_word,8.9744,78
gemma,pt,43,mdp500,length_constraints:number_paragraphs,31.0345,58
gemma,pt,43,mdp500,length_constraints:number_sentences,59.5238,84
gemma,pt,43,mdp500,length_constraints:number_words,58.6957,92
gemma,pt,43,mdp500,punctuation:no_comma,85.567,97
gemma,pt,43,mdp500,startend:end_checker,73.3333,75
gemma,pt,43,mdp500,startend:quotation,70.2703,74
gemma,tb_e025,42,assembled500,change_case:capital_word_frequency,54.8077,104
gemma,tb_e025,42,assembled500,change_case:english_capital,52.5,80
gemma,tb_e025,42,assembled500,change_case:english_lowercase,89.1892,74
gemma,tb_e025,42,assembled500,combination:repeat_prompt,0,71
gemma,tb_e025,42,assembled500,combination:two_responses,76.9231,26
gemma,tb_e025,42,assembled500,detectable_content:number_placeholders,97.4359,78
gemma,tb_e025,42,assembled500,detectable_content:postscript,100,60
gemma,tb_e025,42,assembled500,detectable_format:constrained_response,100,1
gemma,tb_e025,42,assembled500,detectable_format:json_format,58.3333,36
gemma,tb_e025,42,assembled500,detectable_format:multiple_sections,77.6119,67
gemma,tb_e025,42,assembled500,detectable_format:number_bullet_lists,77.193,57
gemma,tb_e025,42,assembled500,detectable_format:number_highlighted_sections,84.7222,72
gemma,tb_e025,42,assembled500,detectable_format:title,100,68
gemma,tb_e025,42,assembled500,detectable_format:xml_format,77.1429,35
gemma,tb_e025,42,assembled500,keywords:existence,96.7033,91
gemma,tb_e025,42,assembled500,keywords:forbidden_words,100,91
gemma,tb_e025,42,assembled500,keywords:frequency,71.4286,98
gemma,tb_e025,42,assembled500,keywords:letter_frequency,47.1264,87
gemma,tb_e025,42,assembled500,language:response_language,92.1569,51
gemma,tb_e025,42,assembled500,length_constraints:nth_paragraph_first_word,21.3115,61
gemma,tb_e025,42,assembled500,length_constraints:number_paragraphs,40.2985,67
gemma,tb_e025,42,assembled500,length_constraints:number_sentences,59.8131,107
gemma,tb_e025,42,assembled500,length_constraints:number_words,61.2245,98
gemma,tb_e025,42,assembled500,punctuation:no_comma,97.7778,90
gemma,tb_e025,42,assembled500,startend:end_checker,74.3363,113
gemma,tb_e025,42,assembled500,startend:quotation,84.2105,38
gemma,tb_e025,42,mdp500,change_case:capital_word_frequency,44.6154,65
gemma,tb_e025,42,mdp500,change_case:english_capital,60.2941,68
gemma,tb_e025,42,mdp500,change_case:english_lowercase,76.9231,78
gemma,tb_e025,42,mdp500,combination:repeat_prompt,26.087,23
gemma,tb_e025,42,mdp500,combination:two_responses,58.3333,24
gemma,tb_e025,42,mdp500,detectable_content:number_placeholders,90.6977,86
gemma,tb_e025,42,mdp500,detectable_content:postscript,98.8235,85
gemma,tb_e025,42,mdp500,detectable_format:constrained_response,100,16
gemma,tb_e025,42,mdp500,detectable_format:json_format,92.0,25
gemma,tb_e025,42,mdp500,detectable_format:multiple_sections,69.8413,63
gemma,tb_e025,42,mdp500,detectable_format:number_bullet_lists,74.4898,98
gemma,tb_e025,42,mdp500,detectable_format:number_highlighted_sections,86.1111,72
gemma,tb_e025,42,mdp500,detectable_format:title,62.6374,91
gemma,tb_e025,42,mdp500,detectable_format:xml_format,86.9565,23
gemma,tb_e025,42,mdp500,keywords:existence,97.9167,96
gemma,tb_e025,42,mdp500,keywords:forbidden_words,86.4078,103
gemma,tb_e025,42,mdp500,keywords:frequency,65.7895,76
gemma,tb_e025,42,mdp500,keywords:letter_frequency,43.5294,85
gemma,tb_e025,42,mdp500,language:response_language,60.7143,56
gemma,tb_e025,42,mdp500,length_constraints:nth_paragraph_first_word,16.6667,78
gemma,tb_e025,42,mdp500,length_constraints:number_paragraphs,34.4828,58
gemma,tb_e025,42,mdp500,length_constraints:number_sentences,67.8571,84
gemma,tb_e025,42,mdp500,length_constraints:number_words,58.6957,92
gemma,tb_e025,42,mdp500,punctuation:no_comma,90.7216,97
gemma,tb_e025,42,mdp500,startend:end_checker,82.6667,75
gemma,tb_e025,42,mdp500,startend:quotation,70.2703,74
gemma,tb_e025,43,assembled500,change_case:capital_word_frequency,54.8077,104
gemma,tb_e025,43,assembled500,change_case:english_capital,58.75,80
gemma,tb_e025,43,assembled500,change_case:english_lowercase,85.1351,74
gemma,tb_e025,43,assembled500,combination:repeat_prompt,0,71
gemma,tb_e025,43,assembled500,combination:two_responses,73.0769,26
gemma,tb_e025,43,assembled500,detectable_content:number_placeholders,96.1538,78
gemma,tb_e025,43,assembled500,detectable_content:postscript,98.3333,60
gemma,tb_e025,43,assembled500,detectable_format:constrained_response,100,1
gemma,tb_e025,43,assembled500,detectable_format:json_format,44.4444,36
gemma,tb_e025,43,assembled500,detectable_format:multiple_sections,82.0896,67
gemma,tb_e025,43,assembled500,detectable_format:number_bullet_lists,75.4386,57
gemma,tb_e025,43,assembled500,detectable_format:number_highlighted_sections,91.6667,72
gemma,tb_e025,43,assembled500,detectable_format:title,100,68
gemma,tb_e025,43,assembled500,detectable_format:xml_format,60.0,35
gemma,tb_e025,43,assembled500,keywords:existence,98.9011,91
gemma,tb_e025,43,assembled500,keywords:forbidden_words,100,91
gemma,tb_e025,43,assembled500,keywords:frequency,73.4694,98
gemma,tb_e025,43,assembled500,keywords:letter_frequency,47.1264,87
gemma,tb_e025,43,assembled500,language:response_language,92.1569,51
gemma,tb_e025,43,assembled500,length_constraints:nth_paragraph_first_word,21.3115,61
gemma,tb_e025,43,assembled500,length_constraints:number_paragraphs,59.7015,67
gemma,tb_e025,43,assembled500,length_constraints:number_sentences,60.7477,107
gemma,tb_e025,43,assembled500,length_constraints:number_words,65.3061,98
gemma,tb_e025,43,assembled500,punctuation:no_comma,100,90
gemma,tb_e025,43,assembled500,startend:end_checker,81.4159,113
gemma,tb_e025,43,assembled500,startend:quotation,84.2105,38
gemma,tb_e025,43,mdp500,change_case:capital_word_frequency,53.8462,65
gemma,tb_e025,43,mdp500,change_case:english_capital,55.8824,68
gemma,tb_e025,43,mdp500,change_case:english_lowercase,71.7949,78
gemma,tb_e025,43,mdp500,combination:repeat_prompt,21.7391,23
gemma,tb_e025,43,mdp500,combination:two_responses,41.6667,24
gemma,tb_e025,43,mdp500,detectable_content:number_placeholders,93.0233,86
gemma,tb_e025,43,mdp500,detectable_content:postscript,96.4706,85
gemma,tb_e025,43,mdp500,detectable_format:constrained_response,93.75,16
gemma,tb_e025,43,mdp500,detectable_format:json_format,92.0,25
gemma,tb_e025,43,mdp500,detectable_format:multiple_sections,73.0159,63
gemma,tb_e025,43,mdp500,detectable_format:number_bullet_lists,67.3469,98
gemma,tb_e025,43,mdp500,detectable_format:number_highlighted_sections,84.7222,72
gemma,tb_e025,43,mdp500,detectable_format:title,64.8352,91
gemma,tb_e025,43,mdp500,detectable_format:xml_format,78.2609,23
gemma,tb_e025,43,mdp500,keywords:existence,95.8333,96
gemma,tb_e025,43,mdp500,keywords:forbidden_words,87.3786,103
gemma,tb_e025,43,mdp500,keywords:frequency,67.1053,76
gemma,tb_e025,43,mdp500,keywords:letter_frequency,43.5294,85
gemma,tb_e025,43,mdp500,language:response_language,62.5,56
gemma,tb_e025,43,mdp500,length_constraints:nth_paragraph_first_word,23.0769,78
gemma,tb_e025,43,mdp500,length_constraints:number_paragraphs,56.8966,58
gemma,tb_e025,43,mdp500,length_constraints:number_sentences,66.6667,84
gemma,tb_e025,43,mdp500,length_constraints:number_words,58.6957,92
gemma,tb_e025,43,mdp500,punctuation:no_comma,92.7835,97
gemma,tb_e025,43,mdp500,startend:end_checker,80.0,75
gemma,tb_e025,43,mdp500,startend:quotation,72.973,74
gemma,tb_e100,42,assembled500,change_case:capital_word_frequency,52.8846,104
gemma,tb_e100,42,assembled500,change_case:english_capital,60.0,80
gemma,tb_e100,42,assembled500,change_case:english_lowercase,86.4865,74
gemma,tb_e100,42,assembled500,combination:repeat_prompt,0,71
gemma,tb_e100,42,assembled500,combination:two_responses,69.2308,26
gemma,tb_e100,42,assembled500,detectable_content:number_placeholders,96.1538,78
gemma,tb_e100,42,assembled500,detectable_content:postscript,100,60
gemma,tb_e100,42,assembled500,detectable_format:constrained_response,100,1
gemma,tb_e100,42,assembled500,detectable_format:json_format,69.4444,36
gemma,tb_e100,42,assembled500,detectable_format:multiple_sections,85.0746,67
gemma,tb_e100,42,assembled500,detectable_format:number_bullet_lists,80.7018,57
gemma,tb_e100,42,assembled500,detectable_format:number_highlighted_sections,88.8889,72
gemma,tb_e100,42,assembled500,detectable_format:title,100,68
gemma,tb_e100,42,assembled500,detectable_format:xml_format,60.0,35
gemma,tb_e100,42,assembled500,keywords:existence,94.5055,91
gemma,tb_e100,42,assembled500,keywords:forbidden_words,100,91
gemma,tb_e100,42,assembled500,keywords:frequency,69.3878,98
gemma,tb_e100,42,assembled500,keywords:letter_frequency,41.3793,87
gemma,tb_e100,42,assembled500,language:response_language,90.1961,51
gemma,tb_e100,42,assembled500,length_constraints:nth_paragraph_first_word,9.8361,61
gemma,tb_e100,42,assembled500,length_constraints:number_paragraphs,46.2687,67
gemma,tb_e100,42,assembled500,length_constraints:number_sentences,56.0748,107
gemma,tb_e100,42,assembled500,length_constraints:number_words,62.2449,98
gemma,tb_e100,42,assembled500,punctuation:no_comma,95.5556,90
gemma,tb_e100,42,assembled500,startend:end_checker,82.3009,113
gemma,tb_e100,42,assembled500,startend:quotation,92.1053,38
gemma,tb_e100,42,mdp500,change_case:capital_word_frequency,41.5385,65
gemma,tb_e100,42,mdp500,change_case:english_capital,60.2941,68
gemma,tb_e100,42,mdp500,change_case:english_lowercase,71.7949,78
gemma,tb_e100,42,mdp500,combination:repeat_prompt,13.0435,23
gemma,tb_e100,42,mdp500,combination:two_responses,29.1667,24
gemma,tb_e100,42,mdp500,detectable_content:number_placeholders,90.6977,86
gemma,tb_e100,42,mdp500,detectable_content:postscript,97.6471,85
gemma,tb_e100,42,mdp500,detectable_format:constrained_response,93.75,16
gemma,tb_e100,42,mdp500,detectable_format:json_format,92.0,25
gemma,tb_e100,42,mdp500,detectable_format:multiple_sections,76.1905,63
gemma,tb_e100,42,mdp500,detectable_format:number_bullet_lists,69.3878,98
gemma,tb_e100,42,mdp500,detectable_format:number_highlighted_sections,81.9444,72
gemma,tb_e100,42,mdp500,detectable_format:title,62.6374,91
gemma,tb_e100,42,mdp500,detectable_format:xml_format,82.6087,23
gemma,tb_e100,42,mdp500,keywords:existence,96.875,96
gemma,tb_e100,42,mdp500,keywords:forbidden_words,90.2913,103
gemma,tb_e100,42,mdp500,keywords:frequency,65.7895,76
gemma,tb_e100,42,mdp500,keywords:letter_frequency,35.2941,85
gemma,tb_e100,42,mdp500,language:response_language,58.9286,56
gemma,tb_e100,42,mdp500,length_constraints:nth_paragraph_first_word,17.9487,78
gemma,tb_e100,42,mdp500,length_constraints:number_paragraphs,48.2759,58
gemma,tb_e100,42,mdp500,length_constraints:number_sentences,69.0476,84
gemma,tb_e100,42,mdp500,length_constraints:number_words,59.7826,92
gemma,tb_e100,42,mdp500,punctuation:no_comma,91.7526,97
gemma,tb_e100,42,mdp500,startend:end_checker,85.3333,75
gemma,tb_e100,42,mdp500,startend:quotation,79.7297,74
gemma,tb_e100,43,assembled500,change_case:capital_word_frequency,52.8846,104
gemma,tb_e100,43,assembled500,change_case:english_capital,50.0,80
gemma,tb_e100,43,assembled500,change_case:english_lowercase,83.7838,74
gemma,tb_e100,43,assembled500,combination:repeat_prompt,0,71
gemma,tb_e100,43,assembled500,combination:two_responses,69.2308,26
gemma,tb_e100,43,assembled500,detectable_content:number_placeholders,94.8718,78
gemma,tb_e100,43,assembled500,detectable_content:postscript,96.6667,60
gemma,tb_e100,43,assembled500,detectable_format:constrained_response,100,1
gemma,tb_e100,43,assembled500,detectable_format:json_format,69.4444,36
gemma,tb_e100,43,assembled500,detectable_format:multiple_sections,79.1045,67
gemma,tb_e100,43,assembled500,detectable_format:number_bullet_lists,77.193,57
gemma,tb_e100,43,assembled500,detectable_format:number_highlighted_sections,94.4444,72
gemma,tb_e100,43,assembled500,detectable_format:title,100,68
gemma,tb_e100,43,assembled500,detectable_format:xml_format,82.8571,35
gemma,tb_e100,43,assembled500,keywords:existence,97.8022,91
gemma,tb_e100,43,assembled500,keywords:forbidden_words,98.9011,91
gemma,tb_e100,43,assembled500,keywords:frequency,84.6939,98
gemma,tb_e100,43,assembled500,keywords:letter_frequency,49.4253,87
gemma,tb_e100,43,assembled500,language:response_language,96.0784,51
gemma,tb_e100,43,assembled500,length_constraints:nth_paragraph_first_word,14.7541,61
gemma,tb_e100,43,assembled500,length_constraints:number_paragraphs,64.1791,67
gemma,tb_e100,43,assembled500,length_constraints:number_sentences,55.1402,107
gemma,tb_e100,43,assembled500,length_constraints:number_words,59.1837,98
gemma,tb_e100,43,assembled500,punctuation:no_comma,96.6667,90
gemma,tb_e100,43,assembled500,startend:end_checker,69.9115,113
gemma,tb_e100,43,assembled500,startend:quotation,78.9474,38
gemma,tb_e100,43,mdp500,change_case:capital_word_frequency,47.6923,65
gemma,tb_e100,43,mdp500,change_case:english_capital,45.5882,68
gemma,tb_e100,43,mdp500,change_case:english_lowercase,70.5128,78
gemma,tb_e100,43,mdp500,combination:repeat_prompt,17.3913,23
gemma,tb_e100,43,mdp500,combination:two_responses,45.8333,24
gemma,tb_e100,43,mdp500,detectable_content:number_placeholders,94.186,86
gemma,tb_e100,43,mdp500,detectable_content:postscript,97.6471,85
gemma,tb_e100,43,mdp500,detectable_format:constrained_response,87.5,16
gemma,tb_e100,43,mdp500,detectable_format:json_format,92.0,25
gemma,tb_e100,43,mdp500,detectable_format:multiple_sections,73.0159,63
gemma,tb_e100,43,mdp500,detectable_format:number_bullet_lists,74.4898,98
gemma,tb_e100,43,mdp500,detectable_format:number_highlighted_sections,93.0556,72
gemma,tb_e100,43,mdp500,detectable_format:title,68.1319,91
gemma,tb_e100,43,mdp500,detectable_format:xml_format,82.6087,23
gemma,tb_e100,43,mdp500,keywords:existence,96.875,96
gemma,tb_e100,43,mdp500,keywords:forbidden_words,88.3495,103
gemma,tb_e100,43,mdp500,keywords:frequency,69.7368,76
gemma,tb_e100,43,mdp500,keywords:letter_frequency,44.7059,85
gemma,tb_e100,43,mdp500,language:response_language,64.2857,56
gemma,tb_e100,43,mdp500,length_constraints:nth_paragraph_first_word,25.641,78
gemma,tb_e100,43,mdp500,length_constraints:number_paragraphs,53.4483,58
gemma,tb_e100,43,mdp500,length_constraints:number_sentences,67.8571,84
gemma,tb_e100,43,mdp500,length_constraints:number_words,61.9565,92
gemma,tb_e100,43,mdp500,punctuation:no_comma,91.7526,97
gemma,tb_e100,43,mdp500,startend:end_checker,86.6667,75
gemma,tb_e100,43,mdp500,startend:quotation,79.7297,74
gemma,tb_mplacebo,42,assembled500,change_case:capital_word_frequency,51.9231,104
gemma,tb_mplacebo,42,assembled500,change_case:english_capital,58.75,80
gemma,tb_mplacebo,42,assembled500,change_case:english_lowercase,90.5405,74
gemma,tb_mplacebo,42,assembled500,combination:repeat_prompt,0,71
gemma,tb_mplacebo,42,assembled500,combination:two_responses,65.3846,26
gemma,tb_mplacebo,42,assembled500,detectable_content:number_placeholders,93.5897,78
gemma,tb_mplacebo,42,assembled500,detectable_content:postscript,96.6667,60
gemma,tb_mplacebo,42,assembled500,detectable_format:constrained_response,100,1
gemma,tb_mplacebo,42,assembled500,detectable_format:json_format,75.0,36
gemma,tb_mplacebo,42,assembled500,detectable_format:multiple_sections,82.0896,67
gemma,tb_mplacebo,42,assembled500,detectable_format:number_bullet_lists,71.9298,57
gemma,tb_mplacebo,42,assembled500,detectable_format:number_highlighted_sections,91.6667,72
gemma,tb_mplacebo,42,assembled500,detectable_format:title,100,68
gemma,tb_mplacebo,42,assembled500,detectable_format:xml_format,77.1429,35
gemma,tb_mplacebo,42,assembled500,keywords:existence,92.3077,91
gemma,tb_mplacebo,42,assembled500,keywords:forbidden_words,100,91
gemma,tb_mplacebo,42,assembled500,keywords:frequency,71.4286,98
gemma,tb_mplacebo,42,assembled500,keywords:letter_frequency,43.6782,87
gemma,tb_mplacebo,42,assembled500,language:response_language,94.1176,51
gemma,tb_mplacebo,42,assembled500,length_constraints:nth_paragraph_first_word,24.5902,61
gemma,tb_mplacebo,42,assembled500,length_constraints:number_paragraphs,44.7761,67
gemma,tb_mplacebo,42,assembled500,length_constraints:number_sentences,56.0748,107
gemma,tb_mplacebo,42,assembled500,length_constraints:number_words,60.2041,98
gemma,tb_mplacebo,42,assembled500,punctuation:no_comma,95.5556,90
gemma,tb_mplacebo,42,assembled500,startend:end_checker,69.0265,113
gemma,tb_mplacebo,42,assembled500,startend:quotation,89.4737,38
gemma,tb_mplacebo,42,mdp500,change_case:capital_word_frequency,53.8462,65
gemma,tb_mplacebo,42,mdp500,change_case:english_capital,54.4118,68
gemma,tb_mplacebo,42,mdp500,change_case:english_lowercase,71.7949,78
gemma,tb_mplacebo,42,mdp500,combination:repeat_prompt,13.0435,23
gemma,tb_mplacebo,42,mdp500,combination:two_responses,50.0,24
gemma,tb_mplacebo,42,mdp500,detectable_content:number_placeholders,89.5349,86
gemma,tb_mplacebo,42,mdp500,detectable_content:postscript,97.6471,85
gemma,tb_mplacebo,42,mdp500,detectable_format:constrained_response,93.75,16
gemma,tb_mplacebo,42,mdp500,detectable_format:json_format,88.0,25
gemma,tb_mplacebo,42,mdp500,detectable_format:multiple_sections,71.4286,63
gemma,tb_mplacebo,42,mdp500,detectable_format:number_bullet_lists,67.3469,98
gemma,tb_mplacebo,42,mdp500,detectable_format:number_highlighted_sections,84.7222,72
gemma,tb_mplacebo,42,mdp500,detectable_format:title,62.6374,91
gemma,tb_mplacebo,42,mdp500,detectable_format:xml_format,82.6087,23
gemma,tb_mplacebo,42,mdp500,keywords:existence,94.7917,96
gemma,tb_mplacebo,42,mdp500,keywords:forbidden_words,86.4078,103
gemma,tb_mplacebo,42,mdp500,keywords:frequency,56.5789,76
gemma,tb_mplacebo,42,mdp500,keywords:letter_frequency,40.0,85
gemma,tb_mplacebo,42,mdp500,language:response_language,58.9286,56
gemma,tb_mplacebo,42,mdp500,length_constraints:nth_paragraph_first_word,19.2308,78
gemma,tb_mplacebo,42,mdp500,length_constraints:number_paragraphs,43.1034,58
gemma,tb_mplacebo,42,mdp500,length_constraints:number_sentences,61.9048,84
gemma,tb_mplacebo,42,mdp500,length_constraints:number_words,57.6087,92
gemma,tb_mplacebo,42,mdp500,punctuation:no_comma,89.6907,97
gemma,tb_mplacebo,42,mdp500,startend:end_checker,85.3333,75
gemma,tb_mplacebo,42,mdp500,startend:quotation,89.1892,74
gemma,tb_mplacebo,43,assembled500,change_case:capital_word_frequency,51.9231,104
gemma,tb_mplacebo,43,assembled500,change_case:english_capital,40.0,80
gemma,tb_mplacebo,43,assembled500,change_case:english_lowercase,86.4865,74
gemma,tb_mplacebo,43,assembled500,combination:repeat_prompt,0,71
gemma,tb_mplacebo,43,assembled500,combination:two_responses,80.7692,26
gemma,tb_mplacebo,43,assembled500,detectable_content:number_placeholders,98.7179,78
gemma,tb_mplacebo,43,assembled500,detectable_content:postscript,96.6667,60
gemma,tb_mplacebo,43,assembled500,detectable_format:constrained_response,100,1
gemma,tb_mplacebo,43,assembled500,detectable_format:json_format,69.4444,36
gemma,tb_mplacebo,43,assembled500,detectable_format:multiple_sections,85.0746,67
gemma,tb_mplacebo,43,assembled500,detectable_format:number_bullet_lists,82.4561,57
gemma,tb_mplacebo,43,assembled500,detectable_format:number_highlighted_sections,84.7222,72
gemma,tb_mplacebo,43,assembled500,detectable_format:title,100,68
gemma,tb_mplacebo,43,assembled500,detectable_format:xml_format,60.0,35
gemma,tb_mplacebo,43,assembled500,keywords:existence,93.4066,91
gemma,tb_mplacebo,43,assembled500,keywords:forbidden_words,98.9011,91
gemma,tb_mplacebo,43,assembled500,keywords:frequency,68.3673,98
gemma,tb_mplacebo,43,assembled500,keywords:letter_frequency,49.4253,87
gemma,tb_mplacebo,43,assembled500,language:response_language,98.0392,51
gemma,tb_mplacebo,43,assembled500,length_constraints:nth_paragraph_first_word,13.1148,61
gemma,tb_mplacebo,43,assembled500,length_constraints:number_paragraphs,49.2537,67
gemma,tb_mplacebo,43,assembled500,length_constraints:number_sentences,55.1402,107
gemma,tb_mplacebo,43,assembled500,length_constraints:number_words,56.1224,98
gemma,tb_mplacebo,43,assembled500,punctuation:no_comma,98.8889,90
gemma,tb_mplacebo,43,assembled500,startend:end_checker,77.8761,113
gemma,tb_mplacebo,43,assembled500,startend:quotation,71.0526,38
gemma,tb_mplacebo,43,mdp500,change_case:capital_word_frequency,41.5385,65
gemma,tb_mplacebo,43,mdp500,change_case:english_capital,47.0588,68
gemma,tb_mplacebo,43,mdp500,change_case:english_lowercase,74.359,78
gemma,tb_mplacebo,43,mdp500,combination:repeat_prompt,26.087,23
gemma,tb_mplacebo,43,mdp500,combination:two_responses,45.8333,24
gemma,tb_mplacebo,43,mdp500,detectable_content:number_placeholders,87.2093,86
gemma,tb_mplacebo,43,mdp500,detectable_content:postscript,96.4706,85
gemma,tb_mplacebo,43,mdp500,detectable_format:constrained_response,100,16
gemma,tb_mplacebo,43,mdp500,detectable_format:json_format,96.0,25
gemma,tb_mplacebo,43,mdp500,detectable_format:multiple_sections,68.254,63
gemma,tb_mplacebo,43,mdp500,detectable_format:number_bullet_lists,73.4694,98
gemma,tb_mplacebo,43,mdp500,detectable_format:number_highlighted_sections,83.3333,72
gemma,tb_mplacebo,43,mdp500,detectable_format:title,60.4396,91
gemma,tb_mplacebo,43,mdp500,detectable_format:xml_format,82.6087,23
gemma,tb_mplacebo,43,mdp500,keywords:existence,96.875,96
gemma,tb_mplacebo,43,mdp500,keywords:forbidden_words,89.3204,103
gemma,tb_mplacebo,43,mdp500,keywords:frequency,67.1053,76
gemma,tb_mplacebo,43,mdp500,keywords:letter_frequency,40.0,85
gemma,tb_mplacebo,43,mdp500,language:response_language,71.4286,56
gemma,tb_mplacebo,43,mdp500,length_constraints:nth_paragraph_first_word,14.1026,78
gemma,tb_mplacebo,43,mdp500,length_constraints:number_paragraphs,56.8966,58
gemma,tb_mplacebo,43,mdp500,length_constraints:number_sentences,67.8571,84
gemma,tb_mplacebo,43,mdp500,length_constraints:number_words,60.8696,92
gemma,tb_mplacebo,43,mdp500,punctuation:no_comma,92.7835,97
gemma,tb_mplacebo,43,mdp500,startend:end_checker,81.3333,75
gemma,tb_mplacebo,43,mdp500,startend:quotation,75.6757,74
gemma,tb_mplacebo,44,assembled500,change_case:capital_word_frequency,55.7692,104
gemma,tb_mplacebo,44,assembled500,change_case:english_capital,46.25,80
gemma,tb_mplacebo,44,assembled500,change_case:english_lowercase,78.3784,74
gemma,tb_mplacebo,44,assembled500,combination:repeat_prompt,0,71
gemma,tb_mplacebo,44,assembled500,combination:two_responses,88.4615,26
gemma,tb_mplacebo,44,assembled500,detectable_content:number_placeholders,97.4359,78
gemma,tb_mplacebo,44,assembled500,detectable_content:postscript,96.6667,60
gemma,tb_mplacebo,44,assembled500,detectable_format:constrained_response,100,1
gemma,tb_mplacebo,44,assembled500,detectable_format:json_format,66.6667,36
gemma,tb_mplacebo,44,assembled500,detectable_format:multiple_sections,83.5821,67
gemma,tb_mplacebo,44,assembled500,detectable_format:number_bullet_lists,70.1754,57
gemma,tb_mplacebo,44,assembled500,detectable_format:number_highlighted_sections,84.7222,72
gemma,tb_mplacebo,44,assembled500,detectable_format:title,98.5294,68
gemma,tb_mplacebo,44,assembled500,detectable_format:xml_format,65.7143,35
gemma,tb_mplacebo,44,assembled500,keywords:existence,96.7033,91
gemma,tb_mplacebo,44,assembled500,keywords:forbidden_words,97.8022,91
gemma,tb_mplacebo,44,assembled500,keywords:frequency,69.3878,98
gemma,tb_mplacebo,44,assembled500,keywords:letter_frequency,49.4253,87
gemma,tb_mplacebo,44,assembled500,language:response_language,94.1176,51
gemma,tb_mplacebo,44,assembled500,length_constraints:nth_paragraph_first_word,14.7541,61
gemma,tb_mplacebo,44,assembled500,length_constraints:number_paragraphs,35.8209,67
gemma,tb_mplacebo,44,assembled500,length_constraints:number_sentences,58.8785,107
gemma,tb_mplacebo,44,assembled500,length_constraints:number_words,55.102,98
gemma,tb_mplacebo,44,assembled500,punctuation:no_comma,98.8889,90
gemma,tb_mplacebo,44,assembled500,startend:end_checker,77.8761,113
gemma,tb_mplacebo,44,assembled500,startend:quotation,84.2105,38
gemma,tb_mplacebo,44,mdp500,change_case:capital_word_frequency,46.1538,65
gemma,tb_mplacebo,44,mdp500,change_case:english_capital,47.0588,68
gemma,tb_mplacebo,44,mdp500,change_case:english_lowercase,73.0769,78
gemma,tb_mplacebo,44,mdp500,combination:repeat_prompt,26.087,23
gemma,tb_mplacebo,44,mdp500,combination:two_responses,45.8333,24
gemma,tb_mplacebo,44,mdp500,detectable_content:number_placeholders,94.186,86
gemma,tb_mplacebo,44,mdp500,detectable_content:postscript,96.4706,85
gemma,tb_mplacebo,44,mdp500,detectable_format:constrained_response,93.75,16
gemma,tb_mplacebo,44,mdp500,detectable_format:json_format,92.0,25
gemma,tb_mplacebo,44,mdp500,detectable_format:multiple_sections,74.6032,63
gemma,tb_mplacebo,44,mdp500,detectable_format:number_bullet_lists,69.3878,98
gemma,tb_mplacebo,44,mdp500,detectable_format:number_highlighted_sections,84.7222,72
gemma,tb_mplacebo,44,mdp500,detectable_format:title,61.5385,91
gemma,tb_mplacebo,44,mdp500,detectable_format:xml_format,82.6087,23
gemma,tb_mplacebo,44,mdp500,keywords:existence,94.7917,96
gemma,tb_mplacebo,44,mdp500,keywords:forbidden_words,90.2913,103
gemma,tb_mplacebo,44,mdp500,keywords:frequency,68.4211,76
gemma,tb_mplacebo,44,mdp500,keywords:letter_frequency,37.6471,85
gemma,tb_mplacebo,44,mdp500,language:response_language,67.8571,56
gemma,tb_mplacebo,44,mdp500,length_constraints:nth_paragraph_first_word,15.3846,78
gemma,tb_mplacebo,44,mdp500,length_constraints:number_paragraphs,48.2759,58
gemma,tb_mplacebo,44,mdp500,length_constraints:number_sentences,61.9048,84
gemma,tb_mplacebo,44,mdp500,length_constraints:number_words,61.9565,92
gemma,tb_mplacebo,44,mdp500,punctuation:no_comma,92.7835,97
gemma,tb_mplacebo,44,mdp500,startend:end_checker,86.6667,75
gemma,tb_mplacebo,44,mdp500,startend:quotation,81.0811,74
gemma,tb_nz,42,assembled500,change_case:capital_word_frequency,57.6923,104
gemma,tb_nz,42,assembled500,change_case:english_capital,66.25,80
gemma,tb_nz,42,assembled500,change_case:english_lowercase,86.4865,74
gemma,tb_nz,42,assembled500,combination:repeat_prompt,0,71
gemma,tb_nz,42,assembled500,combination:two_responses,57.6923,26
gemma,tb_nz,42,assembled500,detectable_content:number_placeholders,97.4359,78
gemma,tb_nz,42,assembled500,detectable_content:postscript,96.6667,60
gemma,tb_nz,42,assembled500,detectable_format:constrained_response,100,1
gemma,tb_nz,42,assembled500,detectable_format:json_format,50.0,36
gemma,tb_nz,42,assembled500,detectable_format:multiple_sections,83.5821,67
gemma,tb_nz,42,assembled500,detectable_format:number_bullet_lists,70.1754,57
gemma,tb_nz,42,assembled500,detectable_format:number_highlighted_sections,88.8889,72
gemma,tb_nz,42,assembled500,detectable_format:title,100,68
gemma,tb_nz,42,assembled500,detectable_format:xml_format,60.0,35
gemma,tb_nz,42,assembled500,keywords:existence,100,91
gemma,tb_nz,42,assembled500,keywords:forbidden_words,98.9011,91
gemma,tb_nz,42,assembled500,keywords:frequency,78.5714,98
gemma,tb_nz,42,assembled500,keywords:letter_frequency,47.1264,87
gemma,tb_nz,42,assembled500,language:response_language,92.1569,51
gemma,tb_nz,42,assembled500,length_constraints:nth_paragraph_first_word,22.9508,61
gemma,tb_nz,42,assembled500,length_constraints:number_paragraphs,53.7313,67
gemma,tb_nz,42,assembled500,length_constraints:number_sentences,58.8785,107
gemma,tb_nz,42,assembled500,length_constraints:number_words,63.2653,98
gemma,tb_nz,42,assembled500,punctuation:no_comma,100,90
gemma,tb_nz,42,assembled500,startend:end_checker,79.646,113
gemma,tb_nz,42,assembled500,startend:quotation,89.4737,38
gemma,tb_nz,42,mdp500,change_case:capital_word_frequency,44.6154,65
gemma,tb_nz,42,mdp500,change_case:english_capital,61.7647,68
gemma,tb_nz,42,mdp500,change_case:english_lowercase,73.0769,78
gemma,tb_nz,42,mdp500,combination:repeat_prompt,17.3913,23
gemma,tb_nz,42,mdp500,combination:two_responses,41.6667,24
gemma,tb_nz,42,mdp500,detectable_content:number_placeholders,94.186,86
gemma,tb_nz,42,mdp500,detectable_content:postscript,92.9412,85
gemma,tb_nz,42,mdp500,detectable_format:constrained_response,100,16
gemma,tb_nz,42,mdp500,detectable_format:json_format,92.0,25
gemma,tb_nz,42,mdp500,detectable_format:multiple_sections,71.4286,63
gemma,tb_nz,42,mdp500,detectable_format:number_bullet_lists,71.4286,98
gemma,tb_nz,42,mdp500,detectable_format:number_highlighted_sections,76.3889,72
gemma,tb_nz,42,mdp500,detectable_format:title,63.7363,91
gemma,tb_nz,42,mdp500,detectable_format:xml_format,91.3043,23
gemma,tb_nz,42,mdp500,keywords:existence,96.875,96
gemma,tb_nz,42,mdp500,keywords:forbidden_words,88.3495,103
gemma,tb_nz,42,mdp500,keywords:frequency,65.7895,76
gemma,tb_nz,42,mdp500,keywords:letter_frequency,42.3529,85
gemma,tb_nz,42,mdp500,language:response_language,66.0714,56
gemma,tb_nz,42,mdp500,length_constraints:nth_paragraph_first_word,16.6667,78
gemma,tb_nz,42,mdp500,length_constraints:number_paragraphs,43.1034,58
gemma,tb_nz,42,mdp500,length_constraints:number_sentences,66.6667,84
gemma,tb_nz,42,mdp500,length_constraints:number_words,59.7826,92
gemma,tb_nz,42,mdp500,punctuation:no_comma,91.7526,97
gemma,tb_nz,42,mdp500,startend:end_checker,81.3333,75
gemma,tb_nz,42,mdp500,startend:quotation,79.7297,74
gemma,tb_nz,43,assembled500,change_case:capital_word_frequency,61.5385,104
gemma,tb_nz,43,assembled500,change_case:english_capital,63.75,80
gemma,tb_nz,43,assembled500,change_case:english_lowercase,83.7838,74
gemma,tb_nz,43,assembled500,combination:repeat_prompt,0,71
gemma,tb_nz,43,assembled500,combination:two_responses,50.0,26
gemma,tb_nz,43,assembled500,detectable_content:number_placeholders,91.0256,78
gemma,tb_nz,43,assembled500,detectable_content:postscript,95.0,60
gemma,tb_nz,43,assembled500,detectable_format:constrained_response,100,1
gemma,tb_nz,43,assembled500,detectable_format:json_format,61.1111,36
gemma,tb_nz,43,assembled500,detectable_format:multiple_sections,80.597,67
gemma,tb_nz,43,assembled500,detectable_format:number_bullet_lists,87.7193,57
gemma,tb_nz,43,assembled500,detectable_format:number_highlighted_sections,88.8889,72
gemma,tb_nz,43,assembled500,detectable_format:title,100,68
gemma,tb_nz,43,assembled500,detectable_format:xml_format,80.0,35
gemma,tb_nz,43,assembled500,keywords:existence,96.7033,91
gemma,tb_nz,43,assembled500,keywords:forbidden_words,100,91
gemma,tb_nz,43,assembled500,keywords:frequency,73.4694,98
gemma,tb_nz,43,assembled500,keywords:letter_frequency,45.977,87
gemma,tb_nz,43,assembled500,language:response_language,94.1176,51
gemma,tb_nz,43,assembled500,length_constraints:nth_paragraph_first_word,16.3934,61
gemma,tb_nz,43,assembled500,length_constraints:number_paragraphs,50.7463,67
gemma,tb_nz,43,assembled500,length_constraints:number_sentences,54.2056,107
gemma,tb_nz,43,assembled500,length_constraints:number_words,58.1633,98
gemma,tb_nz,43,assembled500,punctuation:no_comma,98.8889,90
gemma,tb_nz,43,assembled500,startend:end_checker,75.2212,113
gemma,tb_nz,43,assembled500,startend:quotation,71.0526,38
gemma,tb_nz,43,mdp500,change_case:capital_word_frequency,49.2308,65
gemma,tb_nz,43,mdp500,change_case:english_capital,61.7647,68
gemma,tb_nz,43,mdp500,change_case:english_lowercase,70.5128,78
gemma,tb_nz,43,mdp500,combination:repeat_prompt,30.4348,23
gemma,tb_nz,43,mdp500,combination:two_responses,50.0,24
gemma,tb_nz,43,mdp500,detectable_content:number_placeholders,86.0465,86
gemma,tb_nz,43,mdp500,detectable_content:postscript,92.9412,85
gemma,tb_nz,43,mdp500,detectable_format:constrained_response,87.5,16
gemma,tb_nz,43,mdp500,detectable_format:json_format,92.0,25
gemma,tb_nz,43,mdp500,detectable_format:multiple_sections,66.6667,63
gemma,tb_nz,43,mdp500,detectable_format:number_bullet_lists,83.6735,98
gemma,tb_nz,43,mdp500,detectable_format:number_highlighted_sections,77.7778,72
gemma,tb_nz,43,mdp500,detectable_format:title,63.7363,91
gemma,tb_nz,43,mdp500,detectable_format:xml_format,86.9565,23
gemma,tb_nz,43,mdp500,keywords:existence,95.8333,96
gemma,tb_nz,43,mdp500,keywords:forbidden_words,91.2621,103
gemma,tb_nz,43,mdp500,keywords:frequency,65.7895,76
gemma,tb_nz,43,mdp500,keywords:letter_frequency,47.0588,85
gemma,tb_nz,43,mdp500,language:response_language,62.5,56
gemma,tb_nz,43,mdp500,length_constraints:nth_paragraph_first_word,15.3846,78
gemma,tb_nz,43,mdp500,length_constraints:number_paragraphs,44.8276,58
gemma,tb_nz,43,mdp500,length_constraints:number_sentences,69.0476,84
gemma,tb_nz,43,mdp500,length_constraints:number_words,61.9565,92
gemma,tb_nz,43,mdp500,punctuation:no_comma,91.7526,97
gemma,tb_nz,43,mdp500,startend:end_checker,82.6667,75
gemma,tb_nz,43,mdp500,startend:quotation,75.6757,74
gemma,tb_nz,44,assembled500,change_case:capital_word_frequency,60.5769,104
gemma,tb_nz,44,assembled500,change_case:english_capital,72.5,80
gemma,tb_nz,44,assembled500,change_case:english_lowercase,85.1351,74
gemma,tb_nz,44,assembled500,combination:repeat_prompt,0,71
gemma,tb_nz,44,assembled500,combination:two_responses,57.6923,26
gemma,tb_nz,44,assembled500,detectable_content:number_placeholders,93.5897,78
gemma,tb_nz,44,assembled500,detectable_content:postscript,100,60
gemma,tb_nz,44,assembled500,detectable_format:constrained_response,100,1
gemma,tb_nz,44,assembled500,detectable_format:json_format,58.3333,36
gemma,tb_nz,44,assembled500,detectable_format:multiple_sections,86.5672,67
gemma,tb_nz,44,assembled500,detectable_format:number_bullet_lists,71.9298,57
gemma,tb_nz,44,assembled500,detectable_format:number_highlighted_sections,83.3333,72
gemma,tb_nz,44,assembled500,detectable_format:title,98.5294,68
gemma,tb_nz,44,assembled500,detectable_format:xml_format,62.8571,35
gemma,tb_nz,44,assembled500,keywords:existence,97.8022,91
gemma,tb_nz,44,assembled500,keywords:forbidden_words,100,91
gemma,tb_nz,44,assembled500,keywords:frequency,80.6122,98
gemma,tb_nz,44,assembled500,keywords:letter_frequency,51.7241,87
gemma,tb_nz,44,assembled500,language:response_language,94.1176,51
gemma,tb_nz,44,assembled500,length_constraints:nth_paragraph_first_word,13.1148,61
gemma,tb_nz,44,assembled500,length_constraints:number_paragraphs,59.7015,67
gemma,tb_nz,44,assembled500,length_constraints:number_sentences,63.5514,107
gemma,tb_nz,44,assembled500,length_constraints:number_words,61.2245,98
gemma,tb_nz,44,assembled500,punctuation:no_comma,98.8889,90
gemma,tb_nz,44,assembled500,startend:end_checker,76.1062,113
gemma,tb_nz,44,assembled500,startend:quotation,73.6842,38
gemma,tb_nz,44,mdp500,change_case:capital_word_frequency,49.2308,65
gemma,tb_nz,44,mdp500,change_case:english_capital,60.2941,68
gemma,tb_nz,44,mdp500,change_case:english_lowercase,74.359,78
gemma,tb_nz,44,mdp500,combination:repeat_prompt,17.3913,23
gemma,tb_nz,44,mdp500,combination:two_responses,45.8333,24
gemma,tb_nz,44,mdp500,detectable_content:number_placeholders,91.8605,86
gemma,tb_nz,44,mdp500,detectable_content:postscript,95.2941,85
gemma,tb_nz,44,mdp500,detectable_format:constrained_response,87.5,16
gemma,tb_nz,44,mdp500,detectable_format:json_format,92.0,25
gemma,tb_nz,44,mdp500,detectable_format:multiple_sections,76.1905,63
gemma,tb_nz,44,mdp500,detectable_format:number_bullet_lists,63.2653,98
gemma,tb_nz,44,mdp500,detectable_format:number_highlighted_sections,68.0556,72
gemma,tb_nz,44,mdp500,detectable_format:title,67.033,91
gemma,tb_nz,44,mdp500,detectable_format:xml_format,78.2609,23
gemma,tb_nz,44,mdp500,keywords:existence,97.9167,96
gemma,tb_nz,44,mdp500,keywords:forbidden_words,88.3495,103
gemma,tb_nz,44,mdp500,keywords:frequency,73.6842,76
gemma,tb_nz,44,mdp500,keywords:letter_frequency,41.1765,85
gemma,tb_nz,44,mdp500,language:response_language,64.2857,56
gemma,tb_nz,44,mdp500,length_constraints:nth_paragraph_first_word,12.8205,78
gemma,tb_nz,44,mdp500,length_constraints:number_paragraphs,46.5517,58
gemma,tb_nz,44,mdp500,length_constraints:number_sentences,70.2381,84
gemma,tb_nz,44,mdp500,length_constraints:number_words,60.8696,92
gemma,tb_nz,44,mdp500,punctuation:no_comma,95.8763,97
gemma,tb_nz,44,mdp500,startend:end_checker,81.3333,75
gemma,tb_nz,44,mdp500,startend:quotation,63.5135,74
gemma,tb_part,42,assembled500,change_case:capital_word_frequency,51.9231,104
gemma,tb_part,42,assembled500,change_case:english_capital,57.5,80
gemma,tb_part,42,assembled500,change_case:english_lowercase,91.8919,74
gemma,tb_part,42,assembled500,combination:repeat_prompt,0,71
gemma,tb_part,42,assembled500,combination:two_responses,69.2308,26
gemma,tb_part,42,assembled500,detectable_content:number_placeholders,98.7179,78
gemma,tb_part,42,assembled500,detectable_content:postscript,100,60
gemma,tb_part,42,assembled500,detectable_format:constrained_response,0,1
gemma,tb_part,42,assembled500,detectable_format:json_format,69.4444,36
gemma,tb_part,42,assembled500,detectable_format:multiple_sections,86.5672,67
gemma,tb_part,42,assembled500,detectable_format:number_bullet_lists,71.9298,57
gemma,tb_part,42,assembled500,detectable_format:number_highlighted_sections,93.0556,72
gemma,tb_part,42,assembled500,detectable_format:title,98.5294,68
gemma,tb_part,42,assembled500,detectable_format:xml_format,60.0,35
gemma,tb_part,42,assembled500,keywords:existence,96.7033,91
gemma,tb_part,42,assembled500,keywords:forbidden_words,98.9011,91
gemma,tb_part,42,assembled500,keywords:frequency,77.551,98
gemma,tb_part,42,assembled500,keywords:letter_frequency,47.1264,87
gemma,tb_part,42,assembled500,language:response_language,96.0784,51
gemma,tb_part,42,assembled500,length_constraints:nth_paragraph_first_word,8.1967,61
gemma,tb_part,42,assembled500,length_constraints:number_paragraphs,41.791,67
gemma,tb_part,42,assembled500,length_constraints:number_sentences,56.0748,107
gemma,tb_part,42,assembled500,length_constraints:number_words,61.2245,98
gemma,tb_part,42,assembled500,punctuation:no_comma,97.7778,90
gemma,tb_part,42,assembled500,startend:end_checker,81.4159,113
gemma,tb_part,42,assembled500,startend:quotation,81.5789,38
gemma,tb_part,42,mdp500,change_case:capital_word_frequency,49.2308,65
gemma,tb_part,42,mdp500,change_case:english_capital,54.4118,68
gemma,tb_part,42,mdp500,change_case:english_lowercase,76.9231,78
gemma,tb_part,42,mdp500,combination:repeat_prompt,17.3913,23
gemma,tb_part,42,mdp500,combination:two_responses,45.8333,24
gemma,tb_part,42,mdp500,detectable_content:number_placeholders,94.186,86
gemma,tb_part,42,mdp500,detectable_content:postscript,96.4706,85
gemma,tb_part,42,mdp500,detectable_format:constrained_response,75.0,16
gemma,tb_part,42,mdp500,detectable_format:json_format,84.0,25
gemma,tb_part,42,mdp500,detectable_format:multiple_sections,73.0159,63
gemma,tb_part,42,mdp500,detectable_format:number_bullet_lists,64.2857,98
gemma,tb_part,42,mdp500,detectable_format:number_highlighted_sections,87.5,72
gemma,tb_part,42,mdp500,detectable_format:title,61.5385,91
gemma,tb_part,42,mdp500,detectable_format:xml_format,82.6087,23
gemma,tb_part,42,mdp500,keywords:existence,95.8333,96
gemma,tb_part,42,mdp500,keywords:forbidden_words,87.3786,103
gemma,tb_part,42,mdp500,keywords:frequency,60.5263,76
gemma,tb_part,42,mdp500,keywords:letter_frequency,40.0,85
gemma,tb_part,42,mdp500,language:response_language,62.5,56
gemma,tb_part,42,mdp500,length_constraints:nth_paragraph_first_word,16.6667,78
gemma,tb_part,42,mdp500,length_constraints:number_paragraphs,48.2759,58
gemma,tb_part,42,mdp500,length_constraints:number_sentences,69.0476,84
gemma,tb_part,42,mdp500,length_constraints:number_words,57.6087,92
gemma,tb_part,42,mdp500,punctuation:no_comma,91.7526,97
gemma,tb_part,42,mdp500,startend:end_checker,82.6667,75
gemma,tb_part,42,mdp500,startend:quotation,82.4324,74
gemma,tb_placebo,42,assembled500,change_case:capital_word_frequency,52.8846,104
gemma,tb_placebo,42,assembled500,change_case:english_capital,63.75,80
gemma,tb_placebo,42,assembled500,change_case:english_lowercase,87.8378,74
gemma,tb_placebo,42,assembled500,combination:repeat_prompt,1.4085,71
gemma,tb_placebo,42,assembled500,combination:two_responses,88.4615,26
gemma,tb_placebo,42,assembled500,detectable_content:number_placeholders,96.1538,78
gemma,tb_placebo,42,assembled500,detectable_content:postscript,96.6667,60
gemma,tb_placebo,42,assembled500,detectable_format:constrained_response,100,1
gemma,tb_placebo,42,assembled500,detectable_format:json_format,69.4444,36
gemma,tb_placebo,42,assembled500,detectable_format:multiple_sections,83.5821,67
gemma,tb_placebo,42,assembled500,detectable_format:number_bullet_lists,63.1579,57
gemma,tb_placebo,42,assembled500,detectable_format:number_highlighted_sections,91.6667,72
gemma,tb_placebo,42,assembled500,detectable_format:title,98.5294,68
gemma,tb_placebo,42,assembled500,detectable_format:xml_format,77.1429,35
gemma,tb_placebo,42,assembled500,keywords:existence,96.7033,91
gemma,tb_placebo,42,assembled500,keywords:forbidden_words,97.8022,91
gemma,tb_placebo,42,assembled500,keywords:frequency,73.4694,98
gemma,tb_placebo,42,assembled500,keywords:letter_frequency,43.6782,87
gemma,tb_placebo,42,assembled500,language:response_language,98.0392,51
gemma,tb_placebo,42,assembled500,length_constraints:nth_paragraph_first_word,18.0328,61
gemma,tb_placebo,42,assembled500,length_constraints:number_paragraphs,44.7761,67
gemma,tb_placebo,42,assembled500,length_constraints:number_sentences,57.9439,107
gemma,tb_placebo,42,assembled500,length_constraints:number_words,60.2041,98
gemma,tb_placebo,42,assembled500,punctuation:no_comma,97.7778,90
gemma,tb_placebo,42,assembled500,startend:end_checker,72.5664,113
gemma,tb_placebo,42,assembled500,startend:quotation,86.8421,38
gemma,tb_placebo,42,ifeval,change_case:capital_word_frequency,76.0,25
gemma,tb_placebo,42,ifeval,change_case:english_capital,84.0,25
gemma,tb_placebo,42,ifeval,change_case:english_lowercase,87.1795,39
gemma,tb_placebo,42,ifeval,combination:repeat_prompt,39.0244,41
gemma,tb_placebo,42,ifeval,combination:two_responses,62.5,24
gemma,tb_placebo,42,ifeval,detectable_content:number_placeholders,85.1852,27
gemma,tb_placebo,42,ifeval,detectable_content:postscript,100,26
gemma,tb_placebo,42,ifeval,detectable_format:constrained_response,100,10
gemma,tb_placebo,42,ifeval,detectable_format:json_format,88.2353,17
gemma,tb_placebo,42,ifeval,detectable_format:multiple_sections,85.7143,14
gemma,tb_placebo,42,ifeval,detectable_format:number_bullet_lists,83.871,31
gemma,tb_placebo,42,ifeval,detectable_format:number_highlighted_sections,93.75,48
gemma,tb_placebo,42,ifeval,detectable_format:title,81.0811,37
gemma,tb_placebo,42,ifeval,keywords:existence,92.3077,39
gemma,tb_placebo,42,ifeval,keywords:forbidden_words,73.4694,49
gemma,tb_placebo,42,ifeval,keywords:frequency,83.3333,42
gemma,tb_placebo,42,ifeval,keywords:letter_frequency,57.5758,33
gemma,tb_placebo,42,ifeval,language:response_language,90.3226,31
gemma,tb_placebo,42,ifeval,length_constraints:nth_paragraph_first_word,75.0,12
gemma,tb_placebo,42,ifeval,length_constraints:number_paragraphs,48.1481,27
gemma,tb_placebo,42,ifeval,length_constraints:number_sentences,67.3077,52
gemma,tb_placebo,42,ifeval,length_constraints:number_words,51.9231,52
gemma,tb_placebo,42,ifeval,punctuation:no_comma,93.9394,66
gemma,tb_placebo,42,ifeval,startend:end_checker,84.6154,26
gemma,tb_placebo,42,ifeval,startend:quotation,82.9268,41
gemma,tb_placebo,42,mdp500,change_case:capital_word_frequency,41.5385,65
gemma,tb_placebo,42,mdp500,change_case:english_capital,61.7647,68
gemma,tb_placebo,42,mdp500,change_case:english_lowercase,73.0769,78
gemma,tb_placebo,42,mdp500,combination:repeat_prompt,21.7391,23
gemma,tb_placebo,42,mdp500,combination:two_responses,45.8333,24
gemma,tb_placebo,42,mdp500,detectable_content:number_placeholders,93.0233,86
gemma,tb_placebo,42,mdp500,detectable_content:postscript,94.1176,85
gemma,tb_placebo,42,mdp500,detectable_format:constrained_response,100,16
gemma,tb_placebo,42,mdp500,detectable_format:json_format,84.0,25
gemma,tb_placebo,42,mdp500,detectable_format:multiple_sections,71.4286,63
gemma,tb_placebo,42,mdp500,detectable_format:number_bullet_lists,68.3673,98
gemma,tb_placebo,42,mdp500,detectable_format:number_highlighted_sections,79.1667,72
gemma,tb_placebo,42,mdp500,detectable_format:title,60.4396,91
gemma,tb_placebo,42,mdp500,detectable_format:xml_format,73.913,23
gemma,tb_placebo,42,mdp500,keywords:existence,94.7917,96
gemma,tb_placebo,42,mdp500,keywords:forbidden_words,84.466,103
gemma,tb_placebo,42,mdp500,keywords:frequency,60.5263,76
gemma,tb_placebo,42,mdp500,keywords:letter_frequency,42.3529,85
gemma,tb_placebo,42,mdp500,language:response_language,66.0714,56
gemma,tb_placebo,42,mdp500,length_constraints:nth_paragraph_first_word,17.9487,78
gemma,tb_placebo,42,mdp500,length_constraints:number_paragraphs,51.7241,58
gemma,tb_placebo,42,mdp500,length_constraints:number_sentences,70.2381,84
gemma,tb_placebo,42,mdp500,length_constraints:number_words,57.6087,92
gemma,tb_placebo,42,mdp500,punctuation:no_comma,93.8144,97
gemma,tb_placebo,42,mdp500,startend:end_checker,81.3333,75
gemma,tb_placebo,42,mdp500,startend:quotation,68.9189,74
gemma,tb_placebo,43,assembled500,change_case:capital_word_frequency,50.0,104
gemma,tb_placebo,43,assembled500,change_case:english_capital,57.5,80
gemma,tb_placebo,43,assembled500,change_case:english_lowercase,86.4865,74
gemma,tb_placebo,43,assembled500,combination:repeat_prompt,2.8169,71
gemma,tb_placebo,43,assembled500,combination:two_responses,88.4615,26
gemma,tb_placebo,43,assembled500,detectable_content:number_placeholders,98.7179,78
gemma,tb_placebo,43,assembled500,detectable_content:postscript,98.3333,60
gemma,tb_placebo,43,assembled500,detectable_format:constrained_response,100,1
gemma,tb_placebo,43,assembled500,detectable_format:json_format,69.4444,36
gemma,tb_placebo,43,assembled500,detectable_format:multiple_sections,79.1045,67
gemma,tb_placebo,43,assembled500,detectable_format:number_bullet_lists,70.1754,57
gemma,tb_placebo,43,assembled500,detectable_format:number_highlighted_sections,84.7222,72
gemma,tb_placebo,43,assembled500,detectable_format:title,100,68
gemma,tb_placebo,43,assembled500,detectable_format:xml_format,71.4286,35
gemma,tb_placebo,43,assembled500,keywords:existence,94.5055,91
gemma,tb_placebo,43,assembled500,keywords:forbidden_words,96.7033,91
gemma,tb_placebo,43,assembled500,keywords:frequency,71.4286,98
gemma,tb_placebo,43,assembled500,keywords:letter_frequency,54.023,87
gemma,tb_placebo,43,assembled500,language:response_language,96.0784,51
gemma,tb_placebo,43,assembled500,length_constraints:nth_paragraph_first_word,16.3934,61
gemma,tb_placebo,43,assembled500,length_constraints:number_paragraphs,41.791,67
gemma,tb_placebo,43,assembled500,length_constraints:number_sentences,58.8785,107
gemma,tb_placebo,43,assembled500,length_constraints:number_words,53.0612,98
gemma,tb_placebo,43,assembled500,punctuation:no_comma,98.8889,90
gemma,tb_placebo,43,assembled500,startend:end_checker,76.1062,113
gemma,tb_placebo,43,assembled500,startend:quotation,76.3158,38
gemma,tb_placebo,43,ifeval,change_case:capital_word_frequency,76.0,25
gemma,tb_placebo,43,ifeval,change_case:english_capital,84.0,25
gemma,tb_placebo,43,ifeval,change_case:english_lowercase,84.6154,39
gemma,tb_placebo,43,ifeval,combination:repeat_prompt,48.7805,41
gemma,tb_placebo,43,ifeval,combination:two_responses,70.8333,24
gemma,tb_placebo,43,ifeval,detectable_content:number_placeholders,92.5926,27
gemma,tb_placebo,43,ifeval,detectable_content:postscript,92.3077,26
gemma,tb_placebo,43,ifeval,detectable_format:constrained_response,100,10
gemma,tb_placebo,43,ifeval,detectable_format:json_format,94.1176,17
gemma,tb_placebo,43,ifeval,detectable_format:multiple_sections,78.5714,14
gemma,tb_placebo,43,ifeval,detectable_format:number_bullet_lists,80.6452,31
gemma,tb_placebo,43,ifeval,detectable_format:number_highlighted_sections,93.75,48
gemma,tb_placebo,43,ifeval,detectable_format:title,97.2973,37
gemma,tb_placebo,43,ifeval,keywords:existence,87.1795,39
gemma,tb_placebo,43,ifeval,keywords:forbidden_words,75.5102,49
gemma,tb_placebo,43,ifeval,keywords:frequency,80.9524,42
gemma,tb_placebo,43,ifeval,keywords:letter_frequency,57.5758,33
gemma,tb_placebo,43,ifeval,language:response_language,77.4194,31
gemma,tb_placebo,43,ifeval,length_constraints:nth_paragraph_first_word,41.6667,12
gemma,tb_placebo,43,ifeval,length_constraints:number_paragraphs,48.1481,27
gemma,tb_placebo,43,ifeval,length_constraints:number_sentences,69.2308,52
gemma,tb_placebo,43,ifeval,length_constraints:number_words,48.0769,52
gemma,tb_placebo,43,ifeval,punctuation:no_comma,90.9091,66
gemma,tb_placebo,43,ifeval,startend:end_checker,88.4615,26
gemma,tb_placebo,43,ifeval,startend:quotation,85.3659,41
gemma,tb_placebo,43,mdp500,change_case:capital_word_frequency,46.1538,65
gemma,tb_placebo,43,mdp500,change_case:english_capital,57.3529,68
gemma,tb_placebo,43,mdp500,change_case:english_lowercase,74.359,78
gemma,tb_placebo,43,mdp500,combination:repeat_prompt,39.1304,23
gemma,tb_placebo,43,mdp500,combination:two_responses,54.1667,24
gemma,tb_placebo,43,mdp500,detectable_content:number_placeholders,90.6977,86
gemma,tb_placebo,43,mdp500,detectable_content:postscript,92.9412,85
gemma,tb_placebo,43,mdp500,detectable_format:constrained_response,100,16
gemma,tb_placebo,43,mdp500,detectable_format:json_format,92.0,25
gemma,tb_placebo,43,mdp500,detectable_format:multiple_sections,68.254,63
gemma,tb_placebo,43,mdp500,detectable_format:number_bullet_lists,73.4694,98
gemma,tb_placebo,43,mdp500,detectable_format:number_highlighted_sections,80.5556,72
gemma,tb_placebo,43,mdp500,detectable_format:title,61.5385,91
gemma,tb_placebo,43,mdp500,detectable_format:xml_format,78.2609,23
gemma,tb_placebo,43,mdp500,keywords:existence,93.75,96
gemma,tb_placebo,43,mdp500,keywords:forbidden_words,88.3495,103
gemma,tb_placebo,43,mdp500,keywords:frequency,69.7368,76
gemma,tb_placebo,43,mdp500,keywords:letter_frequency,42.3529,85
gemma,tb_placebo,43,mdp500,language:response_language,67.8571,56
gemma,tb_placebo,43,mdp500,length_constraints:nth_paragraph_first_word,11.5385,78
gemma,tb_placebo,43,mdp500,length_constraints:number_paragraphs,44.8276,58
gemma,tb_placebo,43,mdp500,length_constraints:number_sentences,67.8571,84
gemma,tb_placebo,43,mdp500,length_constraints:number_words,63.0435,92
gemma,tb_placebo,43,mdp500,punctuation:no_comma,88.6598,97
gemma,tb_placebo,43,mdp500,startend:end_checker,88.0,75
gemma,tb_placebo,43,mdp500,startend:quotation,75.6757,74
gemma,tb_placebo,44,assembled500,change_case:capital_word_frequency,53.8462,104
gemma,tb_placebo,44,assembled500,change_case:english_capital,56.25,80
gemma,tb_placebo,44,assembled500,change_case:english_lowercase,86.4865,74
gemma,tb_placebo,44,assembled500,combination:repeat_prompt,1.4085,71
gemma,tb_placebo,44,assembled500,combination:two_responses,53.8462,26
gemma,tb_placebo,44,assembled500,detectable_content:number_placeholders,94.8718,78
gemma,tb_placebo,44,assembled500,detectable_content:postscript,95.0,60
gemma,tb_placebo,44,assembled500,detectable_format:constrained_response,100,1
gemma,tb_placebo,44,assembled500,detectable_format:json_format,66.6667,36
gemma,tb_placebo,44,assembled500,detectable_format:multiple_sections,80.597,67
gemma,tb_placebo,44,assembled500,detectable_format:number_bullet_lists,78.9474,57
gemma,tb_placebo,44,assembled500,detectable_format:number_highlighted_sections,80.5556,72
gemma,tb_placebo,44,assembled500,detectable_format:title,100,68
gemma,tb_placebo,44,assembled500,detectable_format:xml_format,57.1429,35
gemma,tb_placebo,44,assembled500,keywords:existence,95.6044,91
gemma,tb_placebo,44,assembled500,keywords:forbidden_words,97.8022,91
gemma,tb_placebo,44,assembled500,keywords:frequency,72.449,98
gemma,tb_placebo,44,assembled500,keywords:letter_frequency,44.8276,87
gemma,tb_placebo,44,assembled500,language:response_language,94.1176,51
gemma,tb_placebo,44,assembled500,length_constraints:nth_paragraph_first_word,18.0328,61
gemma,tb_placebo,44,assembled500,length_constraints:number_paragraphs,46.2687,67
gemma,tb_placebo,44,assembled500,length_constraints:number_sentences,57.0093,107
gemma,tb_placebo,44,assembled500,length_constraints:number_words,50.0,98
gemma,tb_placebo,44,assembled500,punctuation:no_comma,98.8889,90
gemma,tb_placebo,44,assembled500,startend:end_checker,81.4159,113
gemma,tb_placebo,44,assembled500,startend:quotation,76.3158,38
gemma,tb_placebo,44,ifeval,change_case:capital_word_frequency,76.0,25
gemma,tb_placebo,44,ifeval,change_case:english_capital,84.0,25
gemma,tb_placebo,44,ifeval,change_case:english_lowercase,87.1795,39
gemma,tb_placebo,44,ifeval,combination:repeat_prompt,60.9756,41
gemma,tb_placebo,44,ifeval,combination:two_responses,79.1667,24
gemma,tb_placebo,44,ifeval,detectable_content:number_placeholders,85.1852,27
gemma,tb_placebo,44,ifeval,detectable_content:postscript,100,26
gemma,tb_placebo,44,ifeval,detectable_format:constrained_response,100,10
gemma,tb_placebo,44,ifeval,detectable_format:json_format,94.1176,17
gemma,tb_placebo,44,ifeval,detectable_format:multiple_sections,85.7143,14
gemma,tb_placebo,44,ifeval,detectable_format:number_bullet_lists,80.6452,31
gemma,tb_placebo,44,ifeval,detectable_format:number_highlighted_sections,87.5,48
gemma,tb_placebo,44,ifeval,detectable_format:title,94.5946,37
gemma,tb_placebo,44,ifeval,keywords:existence,92.3077,39
gemma,tb_placebo,44,ifeval,keywords:forbidden_words,83.6735,49
gemma,tb_placebo,44,ifeval,keywords:frequency,76.1905,42
gemma,tb_placebo,44,ifeval,keywords:letter_frequency,57.5758,33
gemma,tb_placebo,44,ifeval,language:response_language,80.6452,31
gemma,tb_placebo,44,ifeval,length_constraints:nth_paragraph_first_word,50.0,12
gemma,tb_placebo,44,ifeval,length_constraints:number_paragraphs,48.1481,27
gemma,tb_placebo,44,ifeval,length_constraints:number_sentences,65.3846,52
gemma,tb_placebo,44,ifeval,length_constraints:number_words,51.9231,52
gemma,tb_placebo,44,ifeval,punctuation:no_comma,90.9091,66
gemma,tb_placebo,44,ifeval,startend:end_checker,92.3077,26
gemma,tb_placebo,44,ifeval,startend:quotation,80.4878,41
gemma,tb_placebo,44,mdp500,change_case:capital_word_frequency,52.3077,65
gemma,tb_placebo,44,mdp500,change_case:english_capital,57.3529,68
gemma,tb_placebo,44,mdp500,change_case:english_lowercase,70.5128,78
gemma,tb_placebo,44,mdp500,combination:repeat_prompt,30.4348,23
gemma,tb_placebo,44,mdp500,combination:two_responses,37.5,24
gemma,tb_placebo,44,mdp500,detectable_content:number_placeholders,90.6977,86
gemma,tb_placebo,44,mdp500,detectable_content:postscript,94.1176,85
gemma,tb_placebo,44,mdp500,detectable_format:constrained_response,100,16
gemma,tb_placebo,44,mdp500,detectable_format:json_format,92.0,25
gemma,tb_placebo,44,mdp500,detectable_format:multiple_sections,77.7778,63
gemma,tb_placebo,44,mdp500,detectable_format:number_bullet_lists,68.3673,98
gemma,tb_placebo,44,mdp500,detectable_format:number_highlighted_sections,72.2222,72
gemma,tb_placebo,44,mdp500,detectable_format:title,64.8352,91
gemma,tb_placebo,44,mdp500,detectable_format:xml_format,86.9565,23
gemma,tb_placebo,44,mdp500,keywords:existence,96.875,96
gemma,tb_placebo,44,mdp500,keywords:forbidden_words,87.3786,103
gemma,tb_placebo,44,mdp500,keywords:frequency,55.2632,76
gemma,tb_placebo,44,mdp500,keywords:letter_frequency,44.7059,85
gemma,tb_placebo,44,mdp500,language:response_language,58.9286,56
gemma,tb_placebo,44,mdp500,length_constraints:nth_paragraph_first_word,21.7949,78
gemma,tb_placebo,44,mdp500,length_constraints:number_paragraphs,44.8276,58
gemma,tb_placebo,44,mdp500,length_constraints:number_sentences,65.4762,84
gemma,tb_placebo,44,mdp500,length_constraints:number_words,56.5217,92
gemma,tb_placebo,44,mdp500,punctuation:no_comma,93.8144,97
gemma,tb_placebo,44,mdp500,startend:end_checker,86.6667,75
gemma,tb_placebo,44,mdp500,startend:quotation,74.3243,74
gemma,tb_prox,42,assembled500,change_case:capital_word_frequency,61.5385,104
gemma,tb_prox,42,assembled500,change_case:english_capital,68.75,80
gemma,tb_prox,42,assembled500,change_case:english_lowercase,86.4865,74
gemma,tb_prox,42,assembled500,combination:repeat_prompt,1.4085,71
gemma,tb_prox,42,assembled500,combination:two_responses,69.2308,26
gemma,tb_prox,42,assembled500,detectable_content:number_placeholders,97.4359,78
gemma,tb_prox,42,assembled500,detectable_content:postscript,91.6667,60
gemma,tb_prox,42,assembled500,detectable_format:constrained_response,0,1
gemma,tb_prox,42,assembled500,detectable_format:json_format,72.2222,36
gemma,tb_prox,42,assembled500,detectable_format:multiple_sections,83.5821,67
gemma,tb_prox,42,assembled500,detectable_format:number_bullet_lists,70.1754,57
gemma,tb_prox,42,assembled500,detectable_format:number_highlighted_sections,90.2778,72
gemma,tb_prox,42,assembled500,detectable_format:title,97.0588,68
gemma,tb_prox,42,assembled500,detectable_format:xml_format,65.7143,35
gemma,tb_prox,42,assembled500,keywords:existence,97.8022,91
gemma,tb_prox,42,assembled500,keywords:forbidden_words,97.8022,91
gemma,tb_prox,42,assembled500,keywords:frequency,82.6531,98
gemma,tb_prox,42,assembled500,keywords:letter_frequency,45.977,87
gemma,tb_prox,42,assembled500,language:response_language,94.1176,51
gemma,tb_prox,42,assembled500,length_constraints:nth_paragraph_first_word,18.0328,61
gemma,tb_prox,42,assembled500,length_constraints:number_paragraphs,46.2687,67
gemma,tb_prox,42,assembled500,length_constraints:number_sentences,61.6822,107
gemma,tb_prox,42,assembled500,length_constraints:number_words,59.1837,98
gemma,tb_prox,42,assembled500,punctuation:no_comma,98.8889,90
gemma,tb_prox,42,assembled500,startend:end_checker,77.8761,113
gemma,tb_prox,42,assembled500,startend:quotation,60.5263,38
gemma,tb_prox,42,ifeval,change_case:capital_word_frequency,80.0,25
gemma,tb_prox,42,ifeval,change_case:english_capital,80.0,25
gemma,tb_prox,42,ifeval,change_case:english_lowercase,87.1795,39
gemma,tb_prox,42,ifeval,combination:repeat_prompt,39.0244,41
gemma,tb_prox,42,ifeval,combination:two_responses,66.6667,24
gemma,tb_prox,42,ifeval,detectable_content:number_placeholders,85.1852,27
gemma,tb_prox,42,ifeval,detectable_content:postscript,96.1538,26
gemma,tb_prox,42,ifeval,detectable_format:constrained_response,100,10
gemma,tb_prox,42,ifeval,detectable_format:json_format,88.2353,17
gemma,tb_prox,42,ifeval,detectable_format:multiple_sections,78.5714,14
gemma,tb_prox,42,ifeval,detectable_format:number_bullet_lists,90.3226,31
gemma,tb_prox,42,ifeval,detectable_format:number_highlighted_sections,93.75,48
gemma,tb_prox,42,ifeval,detectable_format:title,91.8919,37
gemma,tb_prox,42,ifeval,keywords:existence,87.1795,39
gemma,tb_prox,42,ifeval,keywords:forbidden_words,79.5918,49
gemma,tb_prox,42,ifeval,keywords:frequency,85.7143,42
gemma,tb_prox,42,ifeval,keywords:letter_frequency,54.5455,33
gemma,tb_prox,42,ifeval,language:response_language,80.6452,31
gemma,tb_prox,42,ifeval,length_constraints:nth_paragraph_first_word,58.3333,12
gemma,tb_prox,42,ifeval,length_constraints:number_paragraphs,48.1481,27
gemma,tb_prox,42,ifeval,length_constraints:number_sentences,67.3077,52
gemma,tb_prox,42,ifeval,length_constraints:number_words,59.6154,52
gemma,tb_prox,42,ifeval,punctuation:no_comma,89.3939,66
gemma,tb_prox,42,ifeval,startend:end_checker,88.4615,26
gemma,tb_prox,42,ifeval,startend:quotation,78.0488,41
gemma,tb_prox,42,mdp500,change_case:capital_word_frequency,50.7692,65
gemma,tb_prox,42,mdp500,change_case:english_capital,54.4118,68
gemma,tb_prox,42,mdp500,change_case:english_lowercase,70.5128,78
gemma,tb_prox,42,mdp500,combination:repeat_prompt,13.0435,23
gemma,tb_prox,42,mdp500,combination:two_responses,50.0,24
gemma,tb_prox,42,mdp500,detectable_content:number_placeholders,94.186,86
gemma,tb_prox,42,mdp500,detectable_content:postscript,96.4706,85
gemma,tb_prox,42,mdp500,detectable_format:constrained_response,87.5,16
gemma,tb_prox,42,mdp500,detectable_format:json_format,92.0,25
gemma,tb_prox,42,mdp500,detectable_format:multiple_sections,74.6032,63
gemma,tb_prox,42,mdp500,detectable_format:number_bullet_lists,66.3265,98
gemma,tb_prox,42,mdp500,detectable_format:number_highlighted_sections,84.7222,72
gemma,tb_prox,42,mdp500,detectable_format:title,65.9341,91
gemma,tb_prox,42,mdp500,detectable_format:xml_format,78.2609,23
gemma,tb_prox,42,mdp500,keywords:existence,93.75,96
gemma,tb_prox,42,mdp500,keywords:forbidden_words,88.3495,103
gemma,tb_prox,42,mdp500,keywords:frequency,68.4211,76
gemma,tb_prox,42,mdp500,keywords:letter_frequency,41.1765,85
gemma,tb_prox,42,mdp500,language:response_language,62.5,56
gemma,tb_prox,42,mdp500,length_constraints:nth_paragraph_first_word,19.2308,78
gemma,tb_prox,42,mdp500,length_constraints:number_paragraphs,48.2759,58
gemma,tb_prox,42,mdp500,length_constraints:number_sentences,70.2381,84
gemma,tb_prox,42,mdp500,length_constraints:number_words,61.9565,92
gemma,tb_prox,42,mdp500,punctuation:no_comma,87.6289,97
gemma,tb_prox,42,mdp500,startend:end_checker,88.0,75
gemma,tb_prox,42,mdp500,startend:quotation,82.4324,74
gemma,tb_prox,43,assembled500,change_case:capital_word_frequency,59.6154,104
gemma,tb_prox,43,assembled500,change_case:english_capital,72.5,80
gemma,tb_prox,43,assembled500,change_case:english_lowercase,90.5405,74
gemma,tb_prox,43,assembled500,combination:repeat_prompt,0,71
gemma,tb_prox,43,assembled500,combination:two_responses,65.3846,26
gemma,tb_prox,43,assembled500,detectable_content:number_placeholders,96.1538,78
gemma,tb_prox,43,assembled500,detectable_content:postscript,95.0,60
gemma,tb_prox,43,assembled500,detectable_format:constrained_response,100,1
gemma,tb_prox,43,assembled500,detectable_format:json_format,63.8889,36
gemma,tb_prox,43,assembled500,detectable_format:multiple_sections,86.5672,67
gemma,tb_prox,43,assembled500,detectable_format:number_bullet_lists,77.193,57
gemma,tb_prox,43,assembled500,detectable_format:number_highlighted_sections,84.7222,72
gemma,tb_prox,43,assembled500,detectable_format:title,100,68
gemma,tb_prox,43,assembled500,detectable_format:xml_format,71.4286,35
gemma,tb_prox,43,assembled500,keywords:existence,95.6044,91
gemma,tb_prox,43,assembled500,keywords:forbidden_words,100,91
gemma,tb_prox,43,assembled500,keywords:frequency,71.4286,98
gemma,tb_prox,43,assembled500,keywords:letter_frequency,45.977,87
gemma,tb_prox,43,assembled500,language:response_language,96.0784,51
gemma,tb_prox,43,assembled500,length_constraints:nth_paragraph_first_word,19.6721,61
gemma,tb_prox,43,assembled500,length_constraints:number_paragraphs,44.7761,67
gemma,tb_prox,43,assembled500,length_constraints:number_sentences,59.8131,107
gemma,tb_prox,43,assembled500,length_constraints:number_words,59.1837,98
gemma,tb_prox,43,assembled500,punctuation:no_comma,100,90
gemma,tb_prox,43,assembled500,startend:end_checker,73.4513,113
gemma,tb_prox,43,assembled500,startend:quotation,81.5789,38
gemma,tb_prox,43,ifeval,change_case:capital_word_frequency,76.0,25
gemma,tb_prox,43,ifeval,change_case:english_capital,92.0,25
gemma,tb_prox,43,ifeval,change_case:english_lowercase,89.7436,39
gemma,tb_prox,43,ifeval,combination:repeat_prompt,29.2683,41
gemma,tb_prox,43,ifeval,combination:two_responses,79.1667,24
gemma,tb_prox,43,ifeval,detectable_content:number_placeholders,77.7778,27
gemma,tb_prox,43,ifeval,detectable_content:postscript,92.3077,26
gemma,tb_prox,43,ifeval,detectable_format:constrained_response,100,10
gemma,tb_prox,43,ifeval,detectable_format:json_format,88.2353,17
gemma,tb_prox,43,ifeval,detectable_format:multiple_sections,85.7143,14
gemma,tb_prox,43,ifeval,detectable_format:number_bullet_lists,87.0968,31
gemma,tb_prox,43,ifeval,detectable_format:number_highlighted_sections,93.75,48
gemma,tb_prox,43,ifeval,detectable_format:title,94.5946,37
gemma,tb_prox,43,ifeval,keywords:existence,82.0513,39
gemma,tb_prox,43,ifeval,keywords:forbidden_words,77.551,49
gemma,tb_prox,43,ifeval,keywords:frequency,78.5714,42
gemma,tb_prox,43,ifeval,keywords:letter_frequency,63.6364,33
gemma,tb_prox,43,ifeval,language:response_language,87.0968,31
gemma,tb_prox,43,ifeval,length_constraints:nth_paragraph_first_word,50.0,12
gemma,tb_prox,43,ifeval,length_constraints:number_paragraphs,40.7407,27
gemma,tb_prox,43,ifeval,length_constraints:number_sentences,63.4615,52
gemma,tb_prox,43,ifeval,length_constraints:number_words,53.8462,52
gemma,tb_prox,43,ifeval,punctuation:no_comma,93.9394,66
gemma,tb_prox,43,ifeval,startend:end_checker,88.4615,26
gemma,tb_prox,43,ifeval,startend:quotation,82.9268,41
gemma,tb_prox,43,mdp500,change_case:capital_word_frequency,44.6154,65
gemma,tb_prox,43,mdp500,change_case:english_capital,69.1176,68
gemma,tb_prox,43,mdp500,change_case:english_lowercase,75.641,78
gemma,tb_prox,43,mdp500,combination:repeat_prompt,17.3913,23
gemma,tb_prox,43,mdp500,combination:two_responses,45.8333,24
gemma,tb_prox,43,mdp500,detectable_content:number_placeholders,93.0233,86
gemma,tb_prox,43,mdp500,detectable_content:postscript,97.6471,85
gemma,tb_prox,43,mdp500,detectable_format:constrained_response,87.5,16
gemma,tb_prox,43,mdp500,detectable_format:json_format,88.0,25
gemma,tb_prox,43,mdp500,detectable_format:multiple_sections,76.1905,63
gemma,tb_prox,43,mdp500,detectable_format:number_bullet_lists,67.3469,98
gemma,tb_prox,43,mdp500,detectable_format:number_highlighted_sections,83.3333,72
gemma,tb_prox,43,mdp500,detectable_format:title,64.8352,91
gemma,tb_prox,43,mdp500,detectable_format:xml_format,82.6087,23
gemma,tb_prox,43,mdp500,keywords:existence,94.7917,96
gemma,tb_prox,43,mdp500,keywords:forbidden_words,88.3495,103
gemma,tb_prox,43,mdp500,keywords:frequency,65.7895,76
gemma,tb_prox,43,mdp500,keywords:letter_frequency,41.1765,85
gemma,tb_prox,43,mdp500,language:response_language,67.8571,56
gemma,tb_prox,43,mdp500,length_constraints:nth_paragraph_first_word,14.1026,78
gemma,tb_prox,43,mdp500,length_constraints:number_paragraphs,53.4483,58
gemma,tb_prox,43,mdp500,length_constraints:number_sentences,69.0476,84
gemma,tb_prox,43,mdp500,length_constraints:number_words,53.2609,92
gemma,tb_prox,43,mdp500,punctuation:no_comma,92.7835,97
gemma,tb_prox,43,mdp500,startend:end_checker,85.3333,75
gemma,tb_prox,43,mdp500,startend:quotation,78.3784,74
gemma,tb_prox,44,assembled500,change_case:capital_word_frequency,50.9615,104
gemma,tb_prox,44,assembled500,change_case:english_capital,47.5,80
gemma,tb_prox,44,assembled500,change_case:english_lowercase,86.4865,74
gemma,tb_prox,44,assembled500,combination:repeat_prompt,1.4085,71
gemma,tb_prox,44,assembled500,combination:two_responses,65.3846,26
gemma,tb_prox,44,assembled500,detectable_content:number_placeholders,94.8718,78
gemma,tb_prox,44,assembled500,detectable_content:postscript,100,60
gemma,tb_prox,44,assembled500,detectable_format:constrained_response,100,1
gemma,tb_prox,44,assembled500,detectable_format:json_format,63.8889,36
gemma,tb_prox,44,assembled500,detectable_format:multiple_sections,89.5522,67
gemma,tb_prox,44,assembled500,detectable_format:number_bullet_lists,73.6842,57
gemma,tb_prox,44,assembled500,detectable_format:number_highlighted_sections,79.1667,72
gemma,tb_prox,44,assembled500,detectable_format:title,100,68
gemma,tb_prox,44,assembled500,detectable_format:xml_format,60.0,35
gemma,tb_prox,44,assembled500,keywords:existence,97.8022,91
gemma,tb_prox,44,assembled500,keywords:forbidden_words,96.7033,91
gemma,tb_prox,44,assembled500,keywords:frequency,69.3878,98
gemma,tb_prox,44,assembled500,keywords:letter_frequency,43.6782,87
gemma,tb_prox,44,assembled500,language:response_language,94.1176,51
gemma,tb_prox,44,assembled500,length_constraints:nth_paragraph_first_word,18.0328,61
gemma,tb_prox,44,assembled500,length_constraints:number_paragraphs,46.2687,67
gemma,tb_prox,44,assembled500,length_constraints:number_sentences,57.0093,107
gemma,tb_prox,44,assembled500,length_constraints:number_words,60.2041,98
gemma,tb_prox,44,assembled500,punctuation:no_comma,98.8889,90
gemma,tb_prox,44,assembled500,startend:end_checker,78.7611,113
gemma,tb_prox,44,assembled500,startend:quotation,81.5789,38
gemma,tb_prox,44,ifeval,change_case:capital_word_frequency,80.0,25
gemma,tb_prox,44,ifeval,change_case:english_capital,80.0,25
gemma,tb_prox,44,ifeval,change_case:english_lowercase,89.7436,39
gemma,tb_prox,44,ifeval,combination:repeat_prompt,41.4634,41
gemma,tb_prox,44,ifeval,combination:two_responses,75.0,24
gemma,tb_prox,44,ifeval,detectable_content:number_placeholders,81.4815,27
gemma,tb_prox,44,ifeval,detectable_content:postscript,100,26
gemma,tb_prox,44,ifeval,detectable_format:constrained_response,100,10
gemma,tb_prox,44,ifeval,detectable_format:json_format,88.2353,17
gemma,tb_prox,44,ifeval,detectable_format:multiple_sections,85.7143,14
gemma,tb_prox,44,ifeval,detectable_format:number_bullet_lists,87.0968,31
gemma,tb_prox,44,ifeval,detectable_format:number_highlighted_sections,87.5,48
gemma,tb_prox,44,ifeval,detectable_format:title,94.5946,37
gemma,tb_prox,44,ifeval,keywords:existence,82.0513,39
gemma,tb_prox,44,ifeval,keywords:forbidden_words,83.6735,49
gemma,tb_prox,44,ifeval,keywords:frequency,73.8095,42
gemma,tb_prox,44,ifeval,keywords:letter_frequency,57.5758,33
gemma,tb_prox,44,ifeval,language:response_language,83.871,31
gemma,tb_prox,44,ifeval,length_constraints:nth_paragraph_first_word,50.0,12
gemma,tb_prox,44,ifeval,length_constraints:number_paragraphs,37.037,27
gemma,tb_prox,44,ifeval,length_constraints:number_sentences,67.3077,52
gemma,tb_prox,44,ifeval,length_constraints:number_words,51.9231,52
gemma,tb_prox,44,ifeval,punctuation:no_comma,92.4242,66
gemma,tb_prox,44,ifeval,startend:end_checker,84.6154,26
gemma,tb_prox,44,ifeval,startend:quotation,85.3659,41
gemma,tb_prox,44,mdp500,change_case:capital_word_frequency,47.6923,65
gemma,tb_prox,44,mdp500,change_case:english_capital,70.5882,68
gemma,tb_prox,44,mdp500,change_case:english_lowercase,78.2051,78
gemma,tb_prox,44,mdp500,combination:repeat_prompt,26.087,23
gemma,tb_prox,44,mdp500,combination:two_responses,45.8333,24
gemma,tb_prox,44,mdp500,detectable_content:number_placeholders,83.7209,86
gemma,tb_prox,44,mdp500,detectable_content:postscript,96.4706,85
gemma,tb_prox,44,mdp500,detectable_format:constrained_response,100,16
gemma,tb_prox,44,mdp500,detectable_format:json_format,88.0,25
gemma,tb_prox,44,mdp500,detectable_format:multiple_sections,69.8413,63
gemma,tb_prox,44,mdp500,detectable_format:number_bullet_lists,64.2857,98
gemma,tb_prox,44,mdp500,detectable_format:number_highlighted_sections,77.7778,72
gemma,tb_prox,44,mdp500,detectable_format:title,62.6374,91
gemma,tb_prox,44,mdp500,detectable_format:xml_format,86.9565,23
gemma,tb_prox,44,mdp500,keywords:existence,97.9167,96
gemma,tb_prox,44,mdp500,keywords:forbidden_words,86.4078,103
gemma,tb_prox,44,mdp500,keywords:frequency,68.4211,76
gemma,tb_prox,44,mdp500,keywords:letter_frequency,41.1765,85
gemma,tb_prox,44,mdp500,language:response_language,66.0714,56
gemma,tb_prox,44,mdp500,length_constraints:nth_paragraph_first_word,19.2308,78
gemma,tb_prox,44,mdp500,length_constraints:number_paragraphs,55.1724,58
gemma,tb_prox,44,mdp500,length_constraints:number_sentences,66.6667,84
gemma,tb_prox,44,mdp500,length_constraints:number_words,59.7826,92
gemma,tb_prox,44,mdp500,punctuation:no_comma,94.8454,97
gemma,tb_prox,44,mdp500,startend:end_checker,84.0,75
gemma,tb_prox,44,mdp500,startend:quotation,77.027,74
gemma,tb_tie,42,assembled500,change_case:capital_word_frequency,58.6538,104
gemma,tb_tie,42,assembled500,change_case:english_capital,67.5,80
gemma,tb_tie,42,assembled500,change_case:english_lowercase,86.4865,74
gemma,tb_tie,42,assembled500,combination:repeat_prompt,1.4085,71
gemma,tb_tie,42,assembled500,combination:two_responses,76.9231,26
gemma,tb_tie,42,assembled500,detectable_content:number_placeholders,94.8718,78
gemma,tb_tie,42,assembled500,detectable_content:postscript,100,60
gemma,tb_tie,42,assembled500,detectable_format:constrained_response,100,1
gemma,tb_tie,42,assembled500,detectable_format:json_format,63.8889,36
gemma,tb_tie,42,assembled500,detectable_format:multiple_sections,86.5672,67
gemma,tb_tie,42,assembled500,detectable_format:number_bullet_lists,78.9474,57
gemma,tb_tie,42,assembled500,detectable_format:number_highlighted_sections,86.1111,72
gemma,tb_tie,42,assembled500,detectable_format:title,98.5294,68
gemma,tb_tie,42,assembled500,detectable_format:xml_format,71.4286,35
gemma,tb_tie,42,assembled500,keywords:existence,97.8022,91
gemma,tb_tie,42,assembled500,keywords:forbidden_words,97.8022,91
gemma,tb_tie,42,assembled500,keywords:frequency,82.6531,98
gemma,tb_tie,42,assembled500,keywords:letter_frequency,43.6782,87
gemma,tb_tie,42,assembled500,language:response_language,90.1961,51
gemma,tb_tie,42,assembled500,length_constraints:nth_paragraph_first_word,16.3934,61
gemma,tb_tie,42,assembled500,length_constraints:number_paragraphs,49.2537,67
gemma,tb_tie,42,assembled500,length_constraints:number_sentences,61.6822,107
gemma,tb_tie,42,assembled500,length_constraints:number_words,69.3878,98
gemma,tb_tie,42,assembled500,punctuation:no_comma,98.8889,90
gemma,tb_tie,42,assembled500,startend:end_checker,80.531,113
gemma,tb_tie,42,assembled500,startend:quotation,84.2105,38
gemma,tb_tie,42,ifeval,change_case:capital_word_frequency,80.0,25
gemma,tb_tie,42,ifeval,change_case:english_capital,88.0,25
gemma,tb_tie,42,ifeval,change_case:english_lowercase,84.6154,39
gemma,tb_tie,42,ifeval,combination:repeat_prompt,51.2195,41
gemma,tb_tie,42,ifeval,combination:two_responses,83.3333,24
gemma,tb_tie,42,ifeval,detectable_content:number_placeholders,96.2963,27
gemma,tb_tie,42,ifeval,detectable_content:postscript,92.3077,26
gemma,tb_tie,42,ifeval,detectable_format:constrained_response,100,10
gemma,tb_tie,42,ifeval,detectable_format:json_format,94.1176,17
gemma,tb_tie,42,ifeval,detectable_format:multiple_sections,92.8571,14
gemma,tb_tie,42,ifeval,detectable_format:number_bullet_lists,83.871,31
gemma,tb_tie,42,ifeval,detectable_format:number_highlighted_sections,87.5,48
gemma,tb_tie,42,ifeval,detectable_format:title,94.5946,37
gemma,tb_tie,42,ifeval,keywords:existence,84.6154,39
gemma,tb_tie,42,ifeval,keywords:forbidden_words,79.5918,49
gemma,tb_tie,42,ifeval,keywords:frequency,83.3333,42
gemma,tb_tie,42,ifeval,keywords:letter_frequency,57.5758,33
gemma,tb_tie,42,ifeval,language:response_language,87.0968,31
gemma,tb_tie,42,ifeval,length_constraints:nth_paragraph_first_word,66.6667,12
gemma,tb_tie,42,ifeval,length_constraints:number_paragraphs,51.8519,27
gemma,tb_tie,42,ifeval,length_constraints:number_sentences,71.1538,52
gemma,tb_tie,42,ifeval,length_constraints:number_words,65.3846,52
gemma,tb_tie,42,ifeval,punctuation:no_comma,89.3939,66
gemma,tb_tie,42,ifeval,startend:end_checker,88.4615,26
gemma,tb_tie,42,ifeval,startend:quotation,85.3659,41
gemma,tb_tie,42,mdp500,change_case:capital_word_frequency,53.8462,65
gemma,tb_tie,42,mdp500,change_case:english_capital,61.7647,68
gemma,tb_tie,42,mdp500,change_case:english_lowercase,70.5128,78
gemma,tb_tie,42,mdp500,combination:repeat_prompt,21.7391,23
gemma,tb_tie,42,mdp500,combination:two_responses,33.3333,24
gemma,tb_tie,42,mdp500,detectable_content:number_placeholders,94.186,86
gemma,tb_tie,42,mdp500,detectable_content:postscript,96.4706,85
gemma,tb_tie,42,mdp500,detectable_format:constrained_response,87.5,16
gemma,tb_tie,42,mdp500,detectable_format:json_format,88.0,25
gemma,tb_tie,42,mdp500,detectable_format:multiple_sections,77.7778,63
gemma,tb_tie,42,mdp500,detectable_format:number_bullet_lists,75.5102,98
gemma,tb_tie,42,mdp500,detectable_format:number_highlighted_sections,86.1111,72
gemma,tb_tie,42,mdp500,detectable_format:title,62.6374,91
gemma,tb_tie,42,mdp500,detectable_format:xml_format,86.9565,23
gemma,tb_tie,42,mdp500,keywords:existence,94.7917,96
gemma,tb_tie,42,mdp500,keywords:forbidden_words,88.3495,103
gemma,tb_tie,42,mdp500,keywords:frequency,68.4211,76
gemma,tb_tie,42,mdp500,keywords:letter_frequency,40.0,85
gemma,tb_tie,42,mdp500,language:response_language,58.9286,56
gemma,tb_tie,42,mdp500,length_constraints:nth_paragraph_first_word,11.5385,78
gemma,tb_tie,42,mdp500,length_constraints:number_paragraphs,36.2069,58
gemma,tb_tie,42,mdp500,length_constraints:number_sentences,69.0476,84
gemma,tb_tie,42,mdp500,length_constraints:number_words,58.6957,92
gemma,tb_tie,42,mdp500,punctuation:no_comma,90.7216,97
gemma,tb_tie,42,mdp500,startend:end_checker,86.6667,75
gemma,tb_tie,42,mdp500,startend:quotation,77.027,74
gemma,tb_tie,43,assembled500,change_case:capital_word_frequency,54.8077,104
gemma,tb_tie,43,assembled500,change_case:english_capital,45.0,80
gemma,tb_tie,43,assembled500,change_case:english_lowercase,85.1351,74
gemma,tb_tie,43,assembled500,combination:repeat_prompt,0,71
gemma,tb_tie,43,assembled500,combination:two_responses,73.0769,26
gemma,tb_tie,43,assembled500,detectable_content:number_placeholders,96.1538,78
gemma,tb_tie,43,assembled500,detectable_content:postscript,98.3333,60
gemma,tb_tie,43,assembled500,detectable_format:constrained_response,100,1
gemma,tb_tie,43,assembled500,detectable_format:json_format,63.8889,36
gemma,tb_tie,43,assembled500,detectable_format:multiple_sections,85.0746,67
gemma,tb_tie,43,assembled500,detectable_format:number_bullet_lists,68.4211,57
gemma,tb_tie,43,assembled500,detectable_format:number_highlighted_sections,84.7222,72
gemma,tb_tie,43,assembled500,detectable_format:title,100,68
gemma,tb_tie,43,assembled500,detectable_format:xml_format,65.7143,35
gemma,tb_tie,43,assembled500,keywords:existence,98.9011,91
gemma,tb_tie,43,assembled500,keywords:forbidden_words,98.9011,91
gemma,tb_tie,43,assembled500,keywords:frequency,75.5102,98
gemma,tb_tie,43,assembled500,keywords:letter_frequency,39.0805,87
gemma,tb_tie,43,assembled500,language:response_language,90.1961,51
gemma,tb_tie,43,assembled500,length_constraints:nth_paragraph_first_word,16.3934,61
gemma,tb_tie,43,assembled500,length_constraints:number_paragraphs,44.7761,67
gemma,tb_tie,43,assembled500,length_constraints:number_sentences,59.8131,107
gemma,tb_tie,43,assembled500,length_constraints:number_words,62.2449,98
gemma,tb_tie,43,assembled500,punctuation:no_comma,97.7778,90
gemma,tb_tie,43,assembled500,startend:end_checker,83.1858,113
gemma,tb_tie,43,assembled500,startend:quotation,76.3158,38
gemma,tb_tie,43,ifeval,change_case:capital_word_frequency,80.0,25
gemma,tb_tie,43,ifeval,change_case:english_capital,80.0,25
gemma,tb_tie,43,ifeval,change_case:english_lowercase,87.1795,39
gemma,tb_tie,43,ifeval,combination:repeat_prompt,43.9024,41
gemma,tb_tie,43,ifeval,combination:two_responses,70.8333,24
gemma,tb_tie,43,ifeval,detectable_content:number_placeholders,81.4815,27
gemma,tb_tie,43,ifeval,detectable_content:postscript,96.1538,26
gemma,tb_tie,43,ifeval,detectable_format:constrained_response,100,10
gemma,tb_tie,43,ifeval,detectable_format:json_format,94.1176,17
gemma,tb_tie,43,ifeval,detectable_format:multiple_sections,92.8571,14
gemma,tb_tie,43,ifeval,detectable_format:number_bullet_lists,80.6452,31
gemma,tb_tie,43,ifeval,detectable_format:number_highlighted_sections,87.5,48
gemma,tb_tie,43,ifeval,detectable_format:title,94.5946,37
gemma,tb_tie,43,ifeval,keywords:existence,97.4359,39
gemma,tb_tie,43,ifeval,keywords:forbidden_words,83.6735,49
gemma,tb_tie,43,ifeval,keywords:frequency,76.1905,42
gemma,tb_tie,43,ifeval,keywords:letter_frequency,57.5758,33
gemma,tb_tie,43,ifeval,language:response_language,80.6452,31
gemma,tb_tie,43,ifeval,length_constraints:nth_paragraph_first_word,58.3333,12
gemma,tb_tie,43,ifeval,length_constraints:number_paragraphs,66.6667,27
gemma,tb_tie,43,ifeval,length_constraints:number_sentences,69.2308,52
gemma,tb_tie,43,ifeval,length_constraints:number_words,57.6923,52
gemma,tb_tie,43,ifeval,punctuation:no_comma,90.9091,66
gemma,tb_tie,43,ifeval,startend:end_checker,96.1538,26
gemma,tb_tie,43,ifeval,startend:quotation,82.9268,41
gemma,tb_tie,43,mdp500,change_case:capital_word_frequency,47.6923,65
gemma,tb_tie,43,mdp500,change_case:english_capital,50.0,68
gemma,tb_tie,43,mdp500,change_case:english_lowercase,70.5128,78
gemma,tb_tie,43,mdp500,combination:repeat_prompt,17.3913,23
gemma,tb_tie,43,mdp500,combination:two_responses,45.8333,24
gemma,tb_tie,43,mdp500,detectable_content:number_placeholders,89.5349,86
gemma,tb_tie,43,mdp500,detectable_content:postscript,97.6471,85
gemma,tb_tie,43,mdp500,detectable_format:constrained_response,100,16
gemma,tb_tie,43,mdp500,detectable_format:json_format,88.0,25
gemma,tb_tie,43,mdp500,detectable_format:multiple_sections,77.7778,63
gemma,tb_tie,43,mdp500,detectable_format:number_bullet_lists,71.4286,98
gemma,tb_tie,43,mdp500,detectable_format:number_highlighted_sections,75.0,72
gemma,tb_tie,43,mdp500,detectable_format:title,65.9341,91
gemma,tb_tie,43,mdp500,detectable_format:xml_format,82.6087,23
gemma,tb_tie,43,mdp500,keywords:existence,96.875,96
gemma,tb_tie,43,mdp500,keywords:forbidden_words,82.5243,103
gemma,tb_tie,43,mdp500,keywords:frequency,61.8421,76
gemma,tb_tie,43,mdp500,keywords:letter_frequency,43.5294,85
gemma,tb_tie,43,mdp500,language:response_language,64.2857,56
gemma,tb_tie,43,mdp500,length_constraints:nth_paragraph_first_word,14.1026,78
gemma,tb_tie,43,mdp500,length_constraints:number_paragraphs,50.0,58
gemma,tb_tie,43,mdp500,length_constraints:number_sentences,69.0476,84
gemma,tb_tie,43,mdp500,length_constraints:number_words,60.8696,92
gemma,tb_tie,43,mdp500,punctuation:no_comma,94.8454,97
gemma,tb_tie,43,mdp500,startend:end_checker,86.6667,75
gemma,tb_tie,43,mdp500,startend:quotation,75.6757,74
gemma,tb_tie,44,assembled500,change_case:capital_word_frequency,53.8462,104
gemma,tb_tie,44,assembled500,change_case:english_capital,71.25,80
gemma,tb_tie,44,assembled500,change_case:english_lowercase,90.5405,74
gemma,tb_tie,44,assembled500,combination:repeat_prompt,0,71
gemma,tb_tie,44,assembled500,combination:two_responses,65.3846,26
gemma,tb_tie,44,assembled500,detectable_content:number_placeholders,97.4359,78
gemma,tb_tie,44,assembled500,detectable_content:postscript,98.3333,60
gemma,tb_tie,44,assembled500,detectable_format:constrained_response,100,1
gemma,tb_tie,44,assembled500,detectable_format:json_format,61.1111,36
gemma,tb_tie,44,assembled500,detectable_format:multiple_sections,83.5821,67
gemma,tb_tie,44,assembled500,detectable_format:number_bullet_lists,77.193,57
gemma,tb_tie,44,assembled500,detectable_format:number_highlighted_sections,86.1111,72
gemma,tb_tie,44,assembled500,detectable_format:title,98.5294,68
gemma,tb_tie,44,assembled500,detectable_format:xml_format,80.0,35
gemma,tb_tie,44,assembled500,keywords:existence,98.9011,91
gemma,tb_tie,44,assembled500,keywords:forbidden_words,97.8022,91
gemma,tb_tie,44,assembled500,keywords:frequency,77.551,98
gemma,tb_tie,44,assembled500,keywords:letter_frequency,50.5747,87
gemma,tb_tie,44,assembled500,language:response_language,96.0784,51
gemma,tb_tie,44,assembled500,length_constraints:nth_paragraph_first_word,21.3115,61
gemma,tb_tie,44,assembled500,length_constraints:number_paragraphs,62.6866,67
gemma,tb_tie,44,assembled500,length_constraints:number_sentences,65.4206,107
gemma,tb_tie,44,assembled500,length_constraints:number_words,59.1837,98
gemma,tb_tie,44,assembled500,punctuation:no_comma,96.6667,90
gemma,tb_tie,44,assembled500,startend:end_checker,74.3363,113
gemma,tb_tie,44,assembled500,startend:quotation,81.5789,38
gemma,tb_tie,44,ifeval,change_case:capital_word_frequency,76.0,25
gemma,tb_tie,44,ifeval,change_case:english_capital,88.0,25
gemma,tb_tie,44,ifeval,change_case:english_lowercase,87.1795,39
gemma,tb_tie,44,ifeval,combination:repeat_prompt,60.9756,41
gemma,tb_tie,44,ifeval,combination:two_responses,75.0,24
gemma,tb_tie,44,ifeval,detectable_content:number_placeholders,77.7778,27
gemma,tb_tie,44,ifeval,detectable_content:postscript,100,26
gemma,tb_tie,44,ifeval,detectable_format:constrained_response,100,10
gemma,tb_tie,44,ifeval,detectable_format:json_format,94.1176,17
gemma,tb_tie,44,ifeval,detectable_format:multiple_sections,92.8571,14
gemma,tb_tie,44,ifeval,detectable_format:number_bullet_lists,87.0968,31
gemma,tb_tie,44,ifeval,detectable_format:number_highlighted_sections,89.5833,48
gemma,tb_tie,44,ifeval,detectable_format:title,97.2973,37
gemma,tb_tie,44,ifeval,keywords:existence,87.1795,39
gemma,tb_tie,44,ifeval,keywords:forbidden_words,85.7143,49
gemma,tb_tie,44,ifeval,keywords:frequency,71.4286,42
gemma,tb_tie,44,ifeval,keywords:letter_frequency,57.5758,33
gemma,tb_tie,44,ifeval,language:response_language,90.3226,31
gemma,tb_tie,44,ifeval,length_constraints:nth_paragraph_first_word,50.0,12
gemma,tb_tie,44,ifeval,length_constraints:number_paragraphs,59.2593,27
gemma,tb_tie,44,ifeval,length_constraints:number_sentences,65.3846,52
gemma,tb_tie,44,ifeval,length_constraints:number_words,55.7692,52
gemma,tb_tie,44,ifeval,punctuation:no_comma,93.9394,66
gemma,tb_tie,44,ifeval,startend:end_checker,88.4615,26
gemma,tb_tie,44,ifeval,startend:quotation,90.2439,41
gemma,tb_tie,44,mdp500,change_case:capital_word_frequency,44.6154,65
gemma,tb_tie,44,mdp500,change_case:english_capital,55.8824,68
gemma,tb_tie,44,mdp500,change_case:english_lowercase,75.641,78
gemma,tb_tie,44,mdp500,combination:repeat_prompt,21.7391,23
gemma,tb_tie,44,mdp500,combination:two_responses,58.3333,24
gemma,tb_tie,44,mdp500,detectable_content:number_placeholders,97.6744,86
gemma,tb_tie,44,mdp500,detectable_content:postscript,98.8235,85
gemma,tb_tie,44,mdp500,detectable_format:constrained_response,93.75,16
gemma,tb_tie,44,mdp500,detectable_format:json_format,92.0,25
gemma,tb_tie,44,mdp500,detectable_format:multiple_sections,77.7778,63
gemma,tb_tie,44,mdp500,detectable_format:number_bullet_lists,81.6327,98
gemma,tb_tie,44,mdp500,detectable_format:number_highlighted_sections,80.5556,72
gemma,tb_tie,44,mdp500,detectable_format:title,67.033,91
gemma,tb_tie,44,mdp500,detectable_format:xml_format,86.9565,23
gemma,tb_tie,44,mdp500,keywords:existence,96.875,96
gemma,tb_tie,44,mdp500,keywords:forbidden_words,88.3495,103
gemma,tb_tie,44,mdp500,keywords:frequency,68.4211,76
gemma,tb_tie,44,mdp500,keywords:letter_frequency,49.4118,85
gemma,tb_tie,44,mdp500,language:response_language,62.5,56
gemma,tb_tie,44,mdp500,length_constraints:nth_paragraph_first_word,19.2308,78
gemma,tb_tie,44,mdp500,length_constraints:number_paragraphs,55.1724,58
gemma,tb_tie,44,mdp500,length_constraints:number_sentences,70.2381,84
gemma,tb_tie,44,mdp500,length_constraints:number_words,64.1304,92
gemma,tb_tie,44,mdp500,punctuation:no_comma,93.8144,97
gemma,tb_tie,44,mdp500,startend:end_checker,85.3333,75
gemma,tb_tie,44,mdp500,startend:quotation,66.2162,74
gemma,tb_tie,45,assembled500,change_case:capital_word_frequency,54.8077,104
gemma,tb_tie,45,assembled500,change_case:english_capital,77.5,80
gemma,tb_tie,45,assembled500,change_case:english_lowercase,83.7838,74
gemma,tb_tie,45,assembled500,combination:repeat_prompt,0,71
gemma,tb_tie,45,assembled500,combination:two_responses,61.5385,26
gemma,tb_tie,45,assembled500,detectable_content:number_placeholders,98.7179,78
gemma,tb_tie,45,assembled500,detectable_content:postscript,98.3333,60
gemma,tb_tie,45,assembled500,detectable_format:constrained_response,100,1
gemma,tb_tie,45,assembled500,detectable_format:json_format,52.7778,36
gemma,tb_tie,45,assembled500,detectable_format:multiple_sections,83.5821,67
gemma,tb_tie,45,assembled500,detectable_format:number_bullet_lists,87.7193,57
gemma,tb_tie,45,assembled500,detectable_format:number_highlighted_sections,88.8889,72
gemma,tb_tie,45,assembled500,detectable_format:title,100,68
gemma,tb_tie,45,assembled500,detectable_format:xml_format,57.1429,35
gemma,tb_tie,45,assembled500,keywords:existence,94.5055,91
gemma,tb_tie,45,assembled500,keywords:forbidden_words,98.9011,91
gemma,tb_tie,45,assembled500,keywords:frequency,72.449,98
gemma,tb_tie,45,assembled500,keywords:letter_frequency,48.2759,87
gemma,tb_tie,45,assembled500,language:response_language,94.1176,51
gemma,tb_tie,45,assembled500,length_constraints:nth_paragraph_first_word,22.9508,61
gemma,tb_tie,45,assembled500,length_constraints:number_paragraphs,50.7463,67
gemma,tb_tie,45,assembled500,length_constraints:number_sentences,57.9439,107
gemma,tb_tie,45,assembled500,length_constraints:number_words,63.2653,98
gemma,tb_tie,45,assembled500,punctuation:no_comma,100,90
gemma,tb_tie,45,assembled500,startend:end_checker,72.5664,113
gemma,tb_tie,45,assembled500,startend:quotation,71.0526,38
gemma,tb_tie,45,ifeval,change_case:capital_word_frequency,76.0,25
gemma,tb_tie,45,ifeval,change_case:english_capital,88.0,25
gemma,tb_tie,45,ifeval,change_case:english_lowercase,92.3077,39
gemma,tb_tie,45,ifeval,combination:repeat_prompt,29.2683,41
gemma,tb_tie,45,ifeval,combination:two_responses,62.5,24
gemma,tb_tie,45,ifeval,detectable_content:number_placeholders,81.4815,27
gemma,tb_tie,45,ifeval,detectable_content:postscript,92.3077,26
gemma,tb_tie,45,ifeval,detectable_format:constrained_response,100,10
gemma,tb_tie,45,ifeval,detectable_format:json_format,88.2353,17
gemma,tb_tie,45,ifeval,detectable_format:multiple_sections,92.8571,14
gemma,tb_tie,45,ifeval,detectable_format:number_bullet_lists,80.6452,31
gemma,tb_tie,45,ifeval,detectable_format:number_highlighted_sections,93.75,48
gemma,tb_tie,45,ifeval,detectable_format:title,97.2973,37
gemma,tb_tie,45,ifeval,keywords:existence,87.1795,39
gemma,tb_tie,45,ifeval,keywords:forbidden_words,83.6735,49
gemma,tb_tie,45,ifeval,keywords:frequency,76.1905,42
gemma,tb_tie,45,ifeval,keywords:letter_frequency,63.6364,33
gemma,tb_tie,45,ifeval,language:response_language,80.6452,31
gemma,tb_tie,45,ifeval,length_constraints:nth_paragraph_first_word,66.6667,12
gemma,tb_tie,45,ifeval,length_constraints:number_paragraphs,55.5556,27
gemma,tb_tie,45,ifeval,length_constraints:number_sentences,75.0,52
gemma,tb_tie,45,ifeval,length_constraints:number_words,55.7692,52
gemma,tb_tie,45,ifeval,punctuation:no_comma,92.4242,66
gemma,tb_tie,45,ifeval,startend:end_checker,84.6154,26
gemma,tb_tie,45,ifeval,startend:quotation,82.9268,41
gemma,tb_tie,45,mdp500,change_case:capital_word_frequency,49.2308,65
gemma,tb_tie,45,mdp500,change_case:english_capital,67.6471,68
gemma,tb_tie,45,mdp500,change_case:english_lowercase,73.0769,78
gemma,tb_tie,45,mdp500,combination:repeat_prompt,13.0435,23
gemma,tb_tie,45,mdp500,combination:two_responses,37.5,24
gemma,tb_tie,45,mdp500,detectable_content:number_placeholders,94.186,86
gemma,tb_tie,45,mdp500,detectable_content:postscript,97.6471,85
gemma,tb_tie,45,mdp500,detectable_format:constrained_response,87.5,16
gemma,tb_tie,45,mdp500,detectable_format:json_format,84.0,25
gemma,tb_tie,45,mdp500,detectable_format:multiple_sections,74.6032,63
gemma,tb_tie,45,mdp500,detectable_format:number_bullet_lists,82.6531,98
gemma,tb_tie,45,mdp500,detectable_format:number_highlighted_sections,81.9444,72
gemma,tb_tie,45,mdp500,detectable_format:title,67.033,91
gemma,tb_tie,45,mdp500,detectable_format:xml_format,73.913,23
gemma,tb_tie,45,mdp500,keywords:existence,96.875,96
gemma,tb_tie,45,mdp500,keywords:forbidden_words,87.3786,103
gemma,tb_tie,45,mdp500,keywords:frequency,68.4211,76
gemma,tb_tie,45,mdp500,keywords:letter_frequency,45.8824,85
gemma,tb_tie,45,mdp500,language:response_language,58.9286,56
gemma,tb_tie,45,mdp500,length_constraints:nth_paragraph_first_word,20.5128,78
gemma,tb_tie,45,mdp500,length_constraints:number_paragraphs,43.1034,58
gemma,tb_tie,45,mdp500,length_constraints:number_sentences,71.4286,84
gemma,tb_tie,45,mdp500,length_constraints:number_words,60.8696,92
gemma,tb_tie,45,mdp500,punctuation:no_comma,95.8763,97
gemma,tb_tie,45,mdp500,startend:end_checker,89.3333,75
gemma,tb_tie,45,mdp500,startend:quotation,75.6757,74
gemma,tb_tie,46,assembled500,change_case:capital_word_frequency,50.0,104
gemma,tb_tie,46,assembled500,change_case:english_capital,62.5,80
gemma,tb_tie,46,assembled500,change_case:english_lowercase,86.4865,74
gemma,tb_tie,46,assembled500,combination:repeat_prompt,0,71
gemma,tb_tie,46,assembled500,combination:two_responses,73.0769,26
gemma,tb_tie,46,assembled500,detectable_content:number_placeholders,93.5897,78
gemma,tb_tie,46,assembled500,detectable_content:postscript,96.6667,60
gemma,tb_tie,46,assembled500,detectable_format:constrained_response,100,1
gemma,tb_tie,46,assembled500,detectable_format:json_format,69.4444,36
gemma,tb_tie,46,assembled500,detectable_format:multiple_sections,85.0746,67
gemma,tb_tie,46,assembled500,detectable_format:number_bullet_lists,80.7018,57
gemma,tb_tie,46,assembled500,detectable_format:number_highlighted_sections,86.1111,72
gemma,tb_tie,46,assembled500,detectable_format:title,100,68
gemma,tb_tie,46,assembled500,detectable_format:xml_format,74.2857,35
gemma,tb_tie,46,assembled500,keywords:existence,96.7033,91
gemma,tb_tie,46,assembled500,keywords:forbidden_words,100,91
gemma,tb_tie,46,assembled500,keywords:frequency,71.4286,98
gemma,tb_tie,46,assembled500,keywords:letter_frequency,47.1264,87
gemma,tb_tie,46,assembled500,language:response_language,98.0392,51
gemma,tb_tie,46,assembled500,length_constraints:nth_paragraph_first_word,9.8361,61
gemma,tb_tie,46,assembled500,length_constraints:number_paragraphs,58.209,67
gemma,tb_tie,46,assembled500,length_constraints:number_sentences,54.2056,107
gemma,tb_tie,46,assembled500,length_constraints:number_words,62.2449,98
gemma,tb_tie,46,assembled500,punctuation:no_comma,97.7778,90
gemma,tb_tie,46,assembled500,startend:end_checker,73.4513,113
gemma,tb_tie,46,assembled500,startend:quotation,84.2105,38
gemma,tb_tie,46,ifeval,change_case:capital_word_frequency,80.0,25
gemma,tb_tie,46,ifeval,change_case:english_capital,88.0,25
gemma,tb_tie,46,ifeval,change_case:english_lowercase,84.6154,39
gemma,tb_tie,46,ifeval,combination:repeat_prompt,48.7805,41
gemma,tb_tie,46,ifeval,combination:two_responses,75.0,24
gemma,tb_tie,46,ifeval,detectable_content:number_placeholders,81.4815,27
gemma,tb_tie,46,ifeval,detectable_content:postscript,96.1538,26
gemma,tb_tie,46,ifeval,detectable_format:constrained_response,100,10
gemma,tb_tie,46,ifeval,detectable_format:json_format,100,17
gemma,tb_tie,46,ifeval,detectable_format:multiple_sections,85.7143,14
gemma,tb_tie,46,ifeval,detectable_format:number_bullet_lists,87.0968,31
gemma,tb_tie,46,ifeval,detectable_format:number_highlighted_sections,93.75,48
gemma,tb_tie,46,ifeval,detectable_format:title,94.5946,37
gemma,tb_tie,46,ifeval,keywords:existence,89.7436,39
gemma,tb_tie,46,ifeval,keywords:forbidden_words,77.551,49
gemma,tb_tie,46,ifeval,keywords:frequency,73.8095,42
gemma,tb_tie,46,ifeval,keywords:letter_frequency,51.5152,33
gemma,tb_tie,46,ifeval,language:response_language,87.0968,31
gemma,tb_tie,46,ifeval,length_constraints:nth_paragraph_first_word,33.3333,12
gemma,tb_tie,46,ifeval,length_constraints:number_paragraphs,51.8519,27
gemma,tb_tie,46,ifeval,length_constraints:number_sentences,69.2308,52
gemma,tb_tie,46,ifeval,length_constraints:number_words,51.9231,52
gemma,tb_tie,46,ifeval,punctuation:no_comma,90.9091,66
gemma,tb_tie,46,ifeval,startend:end_checker,84.6154,26
gemma,tb_tie,46,ifeval,startend:quotation,90.2439,41
gemma,tb_tie,46,mdp500,change_case:capital_word_frequency,47.6923,65
gemma,tb_tie,46,mdp500,change_case:english_capital,41.1765,68
gemma,tb_tie,46,mdp500,change_case:english_lowercase,69.2308,78
gemma,tb_tie,46,mdp500,combination:repeat_prompt,17.3913,23
gemma,tb_tie,46,mdp500,combination:two_responses,58.3333,24
gemma,tb_tie,46,mdp500,detectable_content:number_placeholders,93.0233,86
gemma,tb_tie,46,mdp500,detectable_content:postscript,96.4706,85
gemma,tb_tie,46,mdp500,detectable_format:constrained_response,87.5,16
gemma,tb_tie,46,mdp500,detectable_format:json_format,96.0,25
gemma,tb_tie,46,mdp500,detectable_format:multiple_sections,82.5397,63
gemma,tb_tie,46,mdp500,detectable_format:number_bullet_lists,70.4082,98
gemma,tb_tie,46,mdp500,detectable_format:number_highlighted_sections,83.3333,72
gemma,tb_tie,46,mdp500,detectable_format:title,61.5385,91
gemma,tb_tie,46,mdp500,detectable_format:xml_format,73.913,23
gemma,tb_tie,46,mdp500,keywords:existence,95.8333,96
gemma,tb_tie,46,mdp500,keywords:forbidden_words,90.2913,103
gemma,tb_tie,46,mdp500,keywords:frequency,60.5263,76
gemma,tb_tie,46,mdp500,keywords:letter_frequency,40.0,85
gemma,tb_tie,46,mdp500,language:response_language,64.2857,56
gemma,tb_tie,46,mdp500,length_constraints:nth_paragraph_first_word,15.3846,78
gemma,tb_tie,46,mdp500,length_constraints:number_paragraphs,50.0,58
gemma,tb_tie,46,mdp500,length_constraints:number_sentences,72.619,84
gemma,tb_tie,46,mdp500,length_constraints:number_words,61.9565,92
gemma,tb_tie,46,mdp500,punctuation:no_comma,92.7835,97
gemma,tb_tie,46,mdp500,startend:end_checker,78.6667,75
gemma,tb_tie,46,mdp500,startend:quotation,79.7297,74
gemma,tb_v2,42,assembled500,change_case:capital_word_frequency,57.6923,104
gemma,tb_v2,42,assembled500,change_case:english_capital,72.5,80
gemma,tb_v2,42,assembled500,change_case:english_lowercase,86.4865,74
gemma,tb_v2,42,assembled500,combination:repeat_prompt,0,71
gemma,tb_v2,42,assembled500,combination:two_responses,65.3846,26
gemma,tb_v2,42,assembled500,detectable_content:number_placeholders,94.8718,78
gemma,tb_v2,42,assembled500,detectable_content:postscript,96.6667,60
gemma,tb_v2,42,assembled500,detectable_format:constrained_response,100,1
gemma,tb_v2,42,assembled500,detectable_format:json_format,75.0,36
gemma,tb_v2,42,assembled500,detectable_format:multiple_sections,83.5821,67
gemma,tb_v2,42,assembled500,detectable_format:number_bullet_lists,77.193,57
gemma,tb_v2,42,assembled500,detectable_format:number_highlighted_sections,94.4444,72
gemma,tb_v2,42,assembled500,detectable_format:title,100,68
gemma,tb_v2,42,assembled500,detectable_format:xml_format,71.4286,35
gemma,tb_v2,42,assembled500,keywords:existence,95.6044,91
gemma,tb_v2,42,assembled500,keywords:forbidden_words,98.9011,91
gemma,tb_v2,42,assembled500,keywords:frequency,73.4694,98
gemma,tb_v2,42,assembled500,keywords:letter_frequency,43.6782,87
gemma,tb_v2,42,assembled500,language:response_language,96.0784,51
gemma,tb_v2,42,assembled500,length_constraints:nth_paragraph_first_word,13.1148,61
gemma,tb_v2,42,assembled500,length_constraints:number_paragraphs,43.2836,67
gemma,tb_v2,42,assembled500,length_constraints:number_sentences,57.0093,107
gemma,tb_v2,42,assembled500,length_constraints:number_words,57.1429,98
gemma,tb_v2,42,assembled500,punctuation:no_comma,97.7778,90
gemma,tb_v2,42,assembled500,startend:end_checker,73.4513,113
gemma,tb_v2,42,assembled500,startend:quotation,81.5789,38
gemma,tb_v2,42,mdp500,change_case:capital_word_frequency,50.7692,65
gemma,tb_v2,42,mdp500,change_case:english_capital,54.4118,68
gemma,tb_v2,42,mdp500,change_case:english_lowercase,69.2308,78
gemma,tb_v2,42,mdp500,combination:repeat_prompt,8.6957,23
gemma,tb_v2,42,mdp500,combination:two_responses,37.5,24
gemma,tb_v2,42,mdp500,detectable_content:number_placeholders,95.3488,86
gemma,tb_v2,42,mdp500,detectable_content:postscript,97.6471,85
gemma,tb_v2,42,mdp500,detectable_format:constrained_response,81.25,16
gemma,tb_v2,42,mdp500,detectable_format:json_format,88.0,25
gemma,tb_v2,42,mdp500,detectable_format:multiple_sections,73.0159,63
gemma,tb_v2,42,mdp500,detectable_format:number_bullet_lists,71.4286,98
gemma,tb_v2,42,mdp500,detectable_format:number_highlighted_sections,86.1111,72
gemma,tb_v2,42,mdp500,detectable_format:title,61.5385,91
gemma,tb_v2,42,mdp500,detectable_format:xml_format,73.913,23
gemma,tb_v2,42,mdp500,keywords:existence,90.625,96
gemma,tb_v2,42,mdp500,keywords:forbidden_words,89.3204,103
gemma,tb_v2,42,mdp500,keywords:frequency,59.2105,76
gemma,tb_v2,42,mdp500,keywords:letter_frequency,41.1765,85
gemma,tb_v2,42,mdp500,language:response_language,64.2857,56
gemma,tb_v2,42,mdp500,length_constraints:nth_paragraph_first_word,15.3846,78
gemma,tb_v2,42,mdp500,length_constraints:number_paragraphs,44.8276,58
gemma,tb_v2,42,mdp500,length_constraints:number_sentences,60.7143,84
gemma,tb_v2,42,mdp500,length_constraints:number_words,56.5217,92
gemma,tb_v2,42,mdp500,punctuation:no_comma,91.7526,97
gemma,tb_v2,42,mdp500,startend:end_checker,82.6667,75
gemma,tb_v2,42,mdp500,startend:quotation,85.1351,74
gemma,tb_vc,42,assembled500,change_case:capital_word_frequency,57.6923,104
gemma,tb_vc,42,assembled500,change_case:english_capital,56.25,80
gemma,tb_vc,42,assembled500,change_case:english_lowercase,89.1892,74
gemma,tb_vc,42,assembled500,combination:repeat_prompt,0,71
gemma,tb_vc,42,assembled500,combination:two_responses,76.9231,26
gemma,tb_vc,42,assembled500,detectable_content:number_placeholders,97.4359,78
gemma,tb_vc,42,assembled500,detectable_content:postscript,98.3333,60
gemma,tb_vc,42,assembled500,detectable_format:constrained_response,100,1
gemma,tb_vc,42,assembled500,detectable_format:json_format,80.5556,36
gemma,tb_vc,42,assembled500,detectable_format:multiple_sections,79.1045,67
gemma,tb_vc,42,assembled500,detectable_format:number_bullet_lists,80.7018,57
gemma,tb_vc,42,assembled500,detectable_format:number_highlighted_sections,87.5,72
gemma,tb_vc,42,assembled500,detectable_format:title,100,68
gemma,tb_vc,42,assembled500,detectable_format:xml_format,77.1429,35
gemma,tb_vc,42,assembled500,keywords:existence,96.7033,91
gemma,tb_vc,42,assembled500,keywords:forbidden_words,100,91
gemma,tb_vc,42,assembled500,keywords:frequency,76.5306,98
gemma,tb_vc,42,assembled500,keywords:letter_frequency,50.5747,87
gemma,tb_vc,42,assembled500,language:response_language,90.1961,51
gemma,tb_vc,42,assembled500,length_constraints:nth_paragraph_first_word,24.5902,61
gemma,tb_vc,42,assembled500,length_constraints:number_paragraphs,44.7761,67
gemma,tb_vc,42,assembled500,length_constraints:number_sentences,60.7477,107
gemma,tb_vc,42,assembled500,length_constraints:number_words,60.2041,98
gemma,tb_vc,42,assembled500,punctuation:no_comma,96.6667,90
gemma,tb_vc,42,assembled500,startend:end_checker,68.1416,113
gemma,tb_vc,42,assembled500,startend:quotation,89.4737,38
gemma,tb_vc,42,mdp500,change_case:capital_word_frequency,43.0769,65
gemma,tb_vc,42,mdp500,change_case:english_capital,48.5294,68
gemma,tb_vc,42,mdp500,change_case:english_lowercase,74.359,78
gemma,tb_vc,42,mdp500,combination:repeat_prompt,30.4348,23
gemma,tb_vc,42,mdp500,combination:two_responses,33.3333,24
gemma,tb_vc,42,mdp500,detectable_content:number_placeholders,96.5116,86
gemma,tb_vc,42,mdp500,detectable_content:postscript,97.6471,85
gemma,tb_vc,42,mdp500,detectable_format:constrained_response,75.0,16
gemma,tb_vc,42,mdp500,detectable_format:json_format,92.0,25
gemma,tb_vc,42,mdp500,detectable_format:multiple_sections,74.6032,63
gemma,tb_vc,42,mdp500,detectable_format:number_bullet_lists,69.3878,98
gemma,tb_vc,42,mdp500,detectable_format:number_highlighted_sections,79.1667,72
gemma,tb_vc,42,mdp500,detectable_format:title,60.4396,91
gemma,tb_vc,42,mdp500,detectable_format:xml_format,91.3043,23
gemma,tb_vc,42,mdp500,keywords:existence,96.875,96
gemma,tb_vc,42,mdp500,keywords:forbidden_words,92.233,103
gemma,tb_vc,42,mdp500,keywords:frequency,64.4737,76
gemma,tb_vc,42,mdp500,keywords:letter_frequency,45.8824,85
gemma,tb_vc,42,mdp500,language:response_language,66.0714,56
gemma,tb_vc,42,mdp500,length_constraints:nth_paragraph_first_word,17.9487,78
gemma,tb_vc,42,mdp500,length_constraints:number_paragraphs,62.069,58
gemma,tb_vc,42,mdp500,length_constraints:number_sentences,64.2857,84
gemma,tb_vc,42,mdp500,length_constraints:number_words,63.0435,92
gemma,tb_vc,42,mdp500,punctuation:no_comma,92.7835,97
gemma,tb_vc,42,mdp500,startend:end_checker,86.6667,75
gemma,tb_vc,42,mdp500,startend:quotation,87.8378,74
gemma,tb_vc,43,assembled500,change_case:capital_word_frequency,56.7308,104
gemma,tb_vc,43,assembled500,change_case:english_capital,52.5,80
gemma,tb_vc,43,assembled500,change_case:english_lowercase,85.1351,74
gemma,tb_vc,43,assembled500,combination:repeat_prompt,0,71
gemma,tb_vc,43,assembled500,combination:two_responses,73.0769,26
gemma,tb_vc,43,assembled500,detectable_content:number_placeholders,96.1538,78
gemma,tb_vc,43,assembled500,detectable_content:postscript,100,60
gemma,tb_vc,43,assembled500,detectable_format:constrained_response,100,1
gemma,tb_vc,43,assembled500,detectable_format:json_format,69.4444,36
gemma,tb_vc,43,assembled500,detectable_format:multiple_sections,85.0746,67
gemma,tb_vc,43,assembled500,detectable_format:number_bullet_lists,77.193,57
gemma,tb_vc,43,assembled500,detectable_format:number_highlighted_sections,90.2778,72
gemma,tb_vc,43,assembled500,detectable_format:title,100,68
gemma,tb_vc,43,assembled500,detectable_format:xml_format,51.4286,35
gemma,tb_vc,43,assembled500,keywords:existence,95.6044,91
gemma,tb_vc,43,assembled500,keywords:forbidden_words,100,91
gemma,tb_vc,43,assembled500,keywords:frequency,76.5306,98
gemma,tb_vc,43,assembled500,keywords:letter_frequency,47.1264,87
gemma,tb_vc,43,assembled500,language:response_language,92.1569,51
gemma,tb_vc,43,assembled500,length_constraints:nth_paragraph_first_word,14.7541,61
gemma,tb_vc,43,assembled500,length_constraints:number_paragraphs,44.7761,67
gemma,tb_vc,43,assembled500,length_constraints:number_sentences,57.0093,107
gemma,tb_vc,43,assembled500,length_constraints:number_words,66.3265,98
gemma,tb_vc,43,assembled500,punctuation:no_comma,93.3333,90
gemma,tb_vc,43,assembled500,startend:end_checker,80.531,113
gemma,tb_vc,43,assembled500,startend:quotation,86.8421,38
gemma,tb_vc,43,mdp500,change_case:capital_word_frequency,55.3846,65
gemma,tb_vc,43,mdp500,change_case:english_capital,63.2353,68
gemma,tb_vc,43,mdp500,change_case:english_lowercase,78.2051,78
gemma,tb_vc,43,mdp500,combination:repeat_prompt,17.3913,23
gemma,tb_vc,43,mdp500,combination:two_responses,33.3333,24
gemma,tb_vc,43,mdp500,detectable_content:number_placeholders,93.0233,86
gemma,tb_vc,43,mdp500,detectable_content:postscript,98.8235,85
gemma,tb_vc,43,mdp500,detectable_format:constrained_response,87.5,16
gemma,tb_vc,43,mdp500,detectable_format:json_format,92.0,25
gemma,tb_vc,43,mdp500,detectable_format:multiple_sections,66.6667,63
gemma,tb_vc,43,mdp500,detectable_format:number_bullet_lists,78.5714,98
gemma,tb_vc,43,mdp500,detectable_format:number_highlighted_sections,87.5,72
gemma,tb_vc,43,mdp500,detectable_format:title,64.8352,91
gemma,tb_vc,43,mdp500,detectable_format:xml_format,73.913,23
gemma,tb_vc,43,mdp500,keywords:existence,96.875,96
gemma,tb_vc,43,mdp500,keywords:forbidden_words,85.4369,103
gemma,tb_vc,43,mdp500,keywords:frequency,68.4211,76
gemma,tb_vc,43,mdp500,keywords:letter_frequency,45.8824,85
gemma,tb_vc,43,mdp500,language:response_language,67.8571,56
gemma,tb_vc,43,mdp500,length_constraints:nth_paragraph_first_word,16.6667,78
gemma,tb_vc,43,mdp500,length_constraints:number_paragraphs,51.7241,58
gemma,tb_vc,43,mdp500,length_constraints:number_sentences,72.619,84
gemma,tb_vc,43,mdp500,length_constraints:number_words,59.7826,92
gemma,tb_vc,43,mdp500,punctuation:no_comma,89.6907,97
gemma,tb_vc,43,mdp500,startend:end_checker,86.6667,75
gemma,tb_vc,43,mdp500,startend:quotation,89.1892,74
gemma,tb_vc,44,assembled500,change_case:capital_word_frequency,61.5385,104
gemma,tb_vc,44,assembled500,change_case:english_capital,56.25,80
gemma,tb_vc,44,assembled500,change_case:english_lowercase,83.7838,74
gemma,tb_vc,44,assembled500,combination:repeat_prompt,0,71
gemma,tb_vc,44,assembled500,combination:two_responses,69.2308,26
gemma,tb_vc,44,assembled500,detectable_content:number_placeholders,96.1538,78
gemma,tb_vc,44,assembled500,detectable_content:postscript,98.3333,60
gemma,tb_vc,44,assembled500,detectable_format:constrained_response,100,1
gemma,tb_vc,44,assembled500,detectable_format:json_format,58.3333,36
gemma,tb_vc,44,assembled500,detectable_format:multiple_sections,80.597,67
gemma,tb_vc,44,assembled500,detectable_format:number_bullet_lists,84.2105,57
gemma,tb_vc,44,assembled500,detectable_format:number_highlighted_sections,86.1111,72
gemma,tb_vc,44,assembled500,detectable_format:title,100,68
gemma,tb_vc,44,assembled500,detectable_format:xml_format,48.5714,35
gemma,tb_vc,44,assembled500,keywords:existence,94.5055,91
gemma,tb_vc,44,assembled500,keywords:forbidden_words,100,91
gemma,tb_vc,44,assembled500,keywords:frequency,74.4898,98
gemma,tb_vc,44,assembled500,keywords:letter_frequency,52.8736,87
gemma,tb_vc,44,assembled500,language:response_language,90.1961,51
gemma,tb_vc,44,assembled500,length_constraints:nth_paragraph_first_word,8.1967,61
gemma,tb_vc,44,assembled500,length_constraints:number_paragraphs,44.7761,67
gemma,tb_vc,44,assembled500,length_constraints:number_sentences,59.8131,107
gemma,tb_vc,44,assembled500,length_constraints:number_words,56.1224,98
gemma,tb_vc,44,assembled500,punctuation:no_comma,100,90
gemma,tb_vc,44,assembled500,startend:end_checker,83.1858,113
gemma,tb_vc,44,assembled500,startend:quotation,84.2105,38
gemma,tb_vc,44,mdp500,change_case:capital_word_frequency,47.6923,65
gemma,tb_vc,44,mdp500,change_case:english_capital,67.6471,68
gemma,tb_vc,44,mdp500,change_case:english_lowercase,78.2051,78
gemma,tb_vc,44,mdp500,combination:repeat_prompt,17.3913,23
gemma,tb_vc,44,mdp500,combination:two_responses,45.8333,24
gemma,tb_vc,44,mdp500,detectable_content:number_placeholders,93.0233,86
gemma,tb_vc,44,mdp500,detectable_content:postscript,97.6471,85
gemma,tb_vc,44,mdp500,detectable_format:constrained_response,93.75,16
gemma,tb_vc,44,mdp500,detectable_format:json_format,92.0,25
gemma,tb_vc,44,mdp500,detectable_format:multiple_sections,68.254,63
gemma,tb_vc,44,mdp500,detectable_format:number_bullet_lists,77.551,98
gemma,tb_vc,44,mdp500,detectable_format:number_highlighted_sections,84.7222,72
gemma,tb_vc,44,mdp500,detectable_format:title,64.8352,91
gemma,tb_vc,44,mdp500,detectable_format:xml_format,73.913,23
gemma,tb_vc,44,mdp500,keywords:existence,93.75,96
gemma,tb_vc,44,mdp500,keywords:forbidden_words,88.3495,103
gemma,tb_vc,44,mdp500,keywords:frequency,75.0,76
gemma,tb_vc,44,mdp500,keywords:letter_frequency,41.1765,85
gemma,tb_vc,44,mdp500,language:response_language,60.7143,56
gemma,tb_vc,44,mdp500,length_constraints:nth_paragraph_first_word,16.6667,78
gemma,tb_vc,44,mdp500,length_constraints:number_paragraphs,48.2759,58
gemma,tb_vc,44,mdp500,length_constraints:number_sentences,69.0476,84
gemma,tb_vc,44,mdp500,length_constraints:number_words,67.3913,92
gemma,tb_vc,44,mdp500,punctuation:no_comma,97.9381,97
gemma,tb_vc,44,mdp500,startend:end_checker,85.3333,75
gemma,tb_vc,44,mdp500,startend:quotation,82.4324,74
gemma,w_adapt,42,assembled500,change_case:capital_word_frequency,50.9615,104
gemma,w_adapt,42,assembled500,change_case:english_capital,60.0,80
gemma,w_adapt,42,assembled500,change_case:english_lowercase,93.2432,74
gemma,w_adapt,42,assembled500,combination:repeat_prompt,0,71
gemma,w_adapt,42,assembled500,combination:two_responses,69.2308,26
gemma,w_adapt,42,assembled500,detectable_content:number_placeholders,91.0256,78
gemma,w_adapt,42,assembled500,detectable_content:postscript,96.6667,60
gemma,w_adapt,42,assembled500,detectable_format:constrained_response,100,1
gemma,w_adapt,42,assembled500,detectable_format:json_format,72.2222,36
gemma,w_adapt,42,assembled500,detectable_format:multiple_sections,85.0746,67
gemma,w_adapt,42,assembled500,detectable_format:number_bullet_lists,71.9298,57
gemma,w_adapt,42,assembled500,detectable_format:number_highlighted_sections,86.1111,72
gemma,w_adapt,42,assembled500,detectable_format:title,100,68
gemma,w_adapt,42,assembled500,detectable_format:xml_format,80.0,35
gemma,w_adapt,42,assembled500,keywords:existence,91.2088,91
gemma,w_adapt,42,assembled500,keywords:forbidden_words,100,91
gemma,w_adapt,42,assembled500,keywords:frequency,73.4694,98
gemma,w_adapt,42,assembled500,keywords:letter_frequency,40.2299,87
gemma,w_adapt,42,assembled500,language:response_language,92.1569,51
gemma,w_adapt,42,assembled500,length_constraints:nth_paragraph_first_word,16.3934,61
gemma,w_adapt,42,assembled500,length_constraints:number_paragraphs,40.2985,67
gemma,w_adapt,42,assembled500,length_constraints:number_sentences,59.8131,107
gemma,w_adapt,42,assembled500,length_constraints:number_words,63.2653,98
gemma,w_adapt,42,assembled500,punctuation:no_comma,98.8889,90
gemma,w_adapt,42,assembled500,startend:end_checker,71.6814,113
gemma,w_adapt,42,assembled500,startend:quotation,89.4737,38
gemma,w_adapt,42,mdp500,change_case:capital_word_frequency,49.2308,65
gemma,w_adapt,42,mdp500,change_case:english_capital,69.1176,68
gemma,w_adapt,42,mdp500,change_case:english_lowercase,74.359,78
gemma,w_adapt,42,mdp500,combination:repeat_prompt,17.3913,23
gemma,w_adapt,42,mdp500,combination:two_responses,45.8333,24
gemma,w_adapt,42,mdp500,detectable_content:number_placeholders,83.7209,86
gemma,w_adapt,42,mdp500,detectable_content:postscript,96.4706,85
gemma,w_adapt,42,mdp500,detectable_format:constrained_response,87.5,16
gemma,w_adapt,42,mdp500,detectable_format:json_format,92.0,25
gemma,w_adapt,42,mdp500,detectable_format:multiple_sections,69.8413,63
gemma,w_adapt,42,mdp500,detectable_format:number_bullet_lists,76.5306,98
gemma,w_adapt,42,mdp500,detectable_format:number_highlighted_sections,79.1667,72
gemma,w_adapt,42,mdp500,detectable_format:title,63.7363,91
gemma,w_adapt,42,mdp500,detectable_format:xml_format,86.9565,23
gemma,w_adapt,42,mdp500,keywords:existence,94.7917,96
gemma,w_adapt,42,mdp500,keywords:forbidden_words,88.3495,103
gemma,w_adapt,42,mdp500,keywords:frequency,68.4211,76
gemma,w_adapt,42,mdp500,keywords:letter_frequency,37.6471,85
gemma,w_adapt,42,mdp500,language:response_language,62.5,56
gemma,w_adapt,42,mdp500,length_constraints:nth_paragraph_first_word,21.7949,78
gemma,w_adapt,42,mdp500,length_constraints:number_paragraphs,46.5517,58
gemma,w_adapt,42,mdp500,length_constraints:number_sentences,64.2857,84
gemma,w_adapt,42,mdp500,length_constraints:number_words,58.6957,92
gemma,w_adapt,42,mdp500,punctuation:no_comma,91.7526,97
gemma,w_adapt,42,mdp500,startend:end_checker,85.3333,75
gemma,w_adapt,42,mdp500,startend:quotation,66.2162,74
gemma3_1b,da_half,42,assembled500,change_case:capital_word_frequency,56.7308,104
gemma3_1b,da_half,42,assembled500,change_case:english_capital,5.0,80
gemma3_1b,da_half,42,assembled500,change_case:english_lowercase,75.6757,74
gemma3_1b,da_half,42,assembled500,combination:repeat_prompt,0,71
gemma3_1b,da_half,42,assembled500,combination:two_responses,65.3846,26
gemma3_1b,da_half,42,assembled500,detectable_content:number_placeholders,89.7436,78
gemma3_1b,da_half,42,assembled500,detectable_content:postscript,90.0,60
gemma3_1b,da_half,42,assembled500,detectable_format:constrained_response,100,1
gemma3_1b,da_half,42,assembled500,detectable_format:json_format,75.0,36
gemma3_1b,da_half,42,assembled500,detectable_format:multiple_sections,82.0896,67
gemma3_1b,da_half,42,assembled500,detectable_format:number_bullet_lists,54.386,57
gemma3_1b,da_half,42,assembled500,detectable_format:number_highlighted_sections,90.2778,72
gemma3_1b,da_half,42,assembled500,detectable_format:title,94.1176,68
gemma3_1b,da_half,42,assembled500,detectable_format:xml_format,74.2857,35
gemma3_1b,da_half,42,assembled500,keywords:existence,58.2418,91
gemma3_1b,da_half,42,assembled500,keywords:forbidden_words,100,91
gemma3_1b,da_half,42,assembled500,keywords:frequency,58.1633,98
gemma3_1b,da_half,42,assembled500,keywords:letter_frequency,37.931,87
gemma3_1b,da_half,42,assembled500,language:response_language,90.1961,51
gemma3_1b,da_half,42,assembled500,length_constraints:nth_paragraph_first_word,1.6393,61
gemma3_1b,da_half,42,assembled500,length_constraints:number_paragraphs,50.7463,67
gemma3_1b,da_half,42,assembled500,length_constraints:number_sentences,57.9439,107
gemma3_1b,da_half,42,assembled500,length_constraints:number_words,68.3673,98
gemma3_1b,da_half,42,assembled500,punctuation:no_comma,91.1111,90
gemma3_1b,da_half,42,assembled500,startend:end_checker,73.4513,113
gemma3_1b,da_half,42,assembled500,startend:quotation,57.8947,38
gemma3_1b,da_half,42,ifeval,change_case:capital_word_frequency,76.0,25
gemma3_1b,da_half,42,ifeval,change_case:english_capital,16.0,25
gemma3_1b,da_half,42,ifeval,change_case:english_lowercase,82.0513,39
gemma3_1b,da_half,42,ifeval,combination:repeat_prompt,26.8293,41
gemma3_1b,da_half,42,ifeval,combination:two_responses,58.3333,24
gemma3_1b,da_half,42,ifeval,detectable_content:number_placeholders,74.0741,27
gemma3_1b,da_half,42,ifeval,detectable_content:postscript,88.4615,26
gemma3_1b,da_half,42,ifeval,detectable_format:constrained_response,100,10
gemma3_1b,da_half,42,ifeval,detectable_format:json_format,88.2353,17
gemma3_1b,da_half,42,ifeval,detectable_format:multiple_sections,85.7143,14
gemma3_1b,da_half,42,ifeval,detectable_format:number_bullet_lists,51.6129,31
gemma3_1b,da_half,42,ifeval,detectable_format:number_highlighted_sections,89.5833,48
gemma3_1b,da_half,42,ifeval,detectable_format:title,100,37
gemma3_1b,da_half,42,ifeval,keywords:existence,84.6154,39
gemma3_1b,da_half,42,ifeval,keywords:forbidden_words,81.6327,49
gemma3_1b,da_half,42,ifeval,keywords:frequency,66.6667,42
gemma3_1b,da_half,42,ifeval,keywords:letter_frequency,60.6061,33
gemma3_1b,da_half,42,ifeval,language:response_language,54.8387,31
gemma3_1b,da_half,42,ifeval,length_constraints:nth_paragraph_first_word,41.6667,12
gemma3_1b,da_half,42,ifeval,length_constraints:number_paragraphs,55.5556,27
gemma3_1b,da_half,42,ifeval,length_constraints:number_sentences,73.0769,52
gemma3_1b,da_half,42,ifeval,length_constraints:number_words,73.0769,52
gemma3_1b,da_half,42,ifeval,punctuation:no_comma,75.7576,66
gemma3_1b,da_half,42,ifeval,startend:end_checker,80.7692,26
gemma3_1b,da_half,42,ifeval,startend:quotation,53.6585,41
gemma3_1b,da_half,42,mdp500,change_case:capital_word_frequency,46.1538,65
gemma3_1b,da_half,42,mdp500,change_case:english_capital,7.3529,68
gemma3_1b,da_half,42,mdp500,change_case:english_lowercase,44.8718,78
gemma3_1b,da_half,42,mdp500,combination:repeat_prompt,8.6957,23
gemma3_1b,da_half,42,mdp500,combination:two_responses,45.8333,24
gemma3_1b,da_half,42,mdp500,detectable_content:number_placeholders,65.1163,86
gemma3_1b,da_half,42,mdp500,detectable_content:postscript,84.7059,85
gemma3_1b,da_half,42,mdp500,detectable_format:constrained_response,100,16
gemma3_1b,da_half,42,mdp500,detectable_format:json_format,84.0,25
gemma3_1b,da_half,42,mdp500,detectable_format:multiple_sections,66.6667,63
gemma3_1b,da_half,42,mdp500,detectable_format:number_bullet_lists,63.2653,98
gemma3_1b,da_half,42,mdp500,detectable_format:number_highlighted_sections,77.7778,72
gemma3_1b,da_half,42,mdp500,detectable_format:title,71.4286,91
gemma3_1b,da_half,42,mdp500,detectable_format:xml_format,69.5652,23
gemma3_1b,da_half,42,mdp500,keywords:existence,90.625,96
gemma3_1b,da_half,42,mdp500,keywords:forbidden_words,82.5243,103
gemma3_1b,da_half,42,mdp500,keywords:frequency,63.1579,76
gemma3_1b,da_half,42,mdp500,keywords:letter_frequency,31.7647,85
gemma3_1b,da_half,42,mdp500,language:response_language,60.7143,56
gemma3_1b,da_half,42,mdp500,length_constraints:nth_paragraph_first_word,14.1026,78
gemma3_1b,da_half,42,mdp500,length_constraints:number_paragraphs,51.7241,58
gemma3_1b,da_half,42,mdp500,length_constraints:number_sentences,51.1905,84
gemma3_1b,da_half,42,mdp500,length_constraints:number_words,52.1739,92
gemma3_1b,da_half,42,mdp500,punctuation:no_comma,70.1031,97
gemma3_1b,da_half,42,mdp500,startend:end_checker,85.3333,75
gemma3_1b,da_half,42,mdp500,startend:quotation,55.4054,74
gemma3_1b,da_half,43,assembled500,change_case:capital_word_frequency,52.8846,104
gemma3_1b,da_half,43,assembled500,change_case:english_capital,5.0,80
gemma3_1b,da_half,43,assembled500,change_case:english_lowercase,77.027,74
gemma3_1b,da_half,43,assembled500,combination:repeat_prompt,0,71
gemma3_1b,da_half,43,assembled500,combination:two_responses,61.5385,26
gemma3_1b,da_half,43,assembled500,detectable_content:number_placeholders,80.7692,78
gemma3_1b,da_half,43,assembled500,detectable_content:postscript,95.0,60
gemma3_1b,da_half,43,assembled500,detectable_format:constrained_response,100,1
gemma3_1b,da_half,43,assembled500,detectable_format:json_format,72.2222,36
gemma3_1b,da_half,43,assembled500,detectable_format:multiple_sections,79.1045,67
gemma3_1b,da_half,43,assembled500,detectable_format:number_bullet_lists,50.8772,57
gemma3_1b,da_half,43,assembled500,detectable_format:number_highlighted_sections,88.8889,72
gemma3_1b,da_half,43,assembled500,detectable_format:title,94.1176,68
gemma3_1b,da_half,43,assembled500,detectable_format:xml_format,71.4286,35
gemma3_1b,da_half,43,assembled500,keywords:existence,64.8352,91
gemma3_1b,da_half,43,assembled500,keywords:forbidden_words,100,91
gemma3_1b,da_half,43,assembled500,keywords:frequency,64.2857,98
gemma3_1b,da_half,43,assembled500,keywords:letter_frequency,39.0805,87
gemma3_1b,da_half,43,assembled500,language:response_language,90.1961,51
gemma3_1b,da_half,43,assembled500,length_constraints:nth_paragraph_first_word,1.6393,61
gemma3_1b,da_half,43,assembled500,length_constraints:number_paragraphs,58.209,67
gemma3_1b,da_half,43,assembled500,length_constraints:number_sentences,56.0748,107
gemma3_1b,da_half,43,assembled500,length_constraints:number_words,68.3673,98
gemma3_1b,da_half,43,assembled500,punctuation:no_comma,91.1111,90
gemma3_1b,da_half,43,assembled500,startend:end_checker,80.531,113
gemma3_1b,da_half,43,assembled500,startend:quotation,68.4211,38
gemma3_1b,da_half,43,ifeval,change_case:capital_word_frequency,76.0,25
gemma3_1b,da_half,43,ifeval,change_case:english_capital,8.0,25
gemma3_1b,da_half,43,ifeval,change_case:english_lowercase,79.4872,39
gemma3_1b,da_half,43,ifeval,combination:repeat_prompt,26.8293,41
gemma3_1b,da_half,43,ifeval,combination:two_responses,66.6667,24
gemma3_1b,da_half,43,ifeval,detectable_content:number_placeholders,74.0741,27
gemma3_1b,da_half,43,ifeval,detectable_content:postscript,84.6154,26
gemma3_1b,da_half,43,ifeval,detectable_format:constrained_response,100,10
gemma3_1b,da_half,43,ifeval,detectable_format:json_format,82.3529,17
gemma3_1b,da_half,43,ifeval,detectable_format:multiple_sections,85.7143,14
gemma3_1b,da_half,43,ifeval,detectable_format:number_bullet_lists,51.6129,31
gemma3_1b,da_half,43,ifeval,detectable_format:number_highlighted_sections,87.5,48
gemma3_1b,da_half,43,ifeval,detectable_format:title,100,37
gemma3_1b,da_half,43,ifeval,keywords:existence,76.9231,39
gemma3_1b,da_half,43,ifeval,keywords:forbidden_words,81.6327,49
gemma3_1b,da_half,43,ifeval,keywords:frequency,69.0476,42
gemma3_1b,da_half,43,ifeval,keywords:letter_frequency,63.6364,33
gemma3_1b,da_half,43,ifeval,language:response_language,61.2903,31
gemma3_1b,da_half,43,ifeval,length_constraints:nth_paragraph_first_word,33.3333,12
gemma3_1b,da_half,43,ifeval,length_constraints:number_paragraphs,51.8519,27
gemma3_1b,da_half,43,ifeval,length_constraints:number_sentences,67.3077,52
gemma3_1b,da_half,43,ifeval,length_constraints:number_words,73.0769,52
gemma3_1b,da_half,43,ifeval,punctuation:no_comma,81.8182,66
gemma3_1b,da_half,43,ifeval,startend:end_checker,84.6154,26
gemma3_1b,da_half,43,ifeval,startend:quotation,56.0976,41
gemma3_1b,da_half,43,mdp500,change_case:capital_word_frequency,44.6154,65
gemma3_1b,da_half,43,mdp500,change_case:english_capital,8.8235,68
gemma3_1b,da_half,43,mdp500,change_case:english_lowercase,35.8974,78
gemma3_1b,da_half,43,mdp500,combination:repeat_prompt,8.6957,23
gemma3_1b,da_half,43,mdp500,combination:two_responses,41.6667,24
gemma3_1b,da_half,43,mdp500,detectable_content:number_placeholders,61.6279,86
gemma3_1b,da_half,43,mdp500,detectable_content:postscript,95.2941,85
gemma3_1b,da_half,43,mdp500,detectable_format:constrained_response,100,16
gemma3_1b,da_half,43,mdp500,detectable_format:json_format,80.0,25
gemma3_1b,da_half,43,mdp500,detectable_format:multiple_sections,69.8413,63
gemma3_1b,da_half,43,mdp500,detectable_format:number_bullet_lists,62.2449,98
gemma3_1b,da_half,43,mdp500,detectable_format:number_highlighted_sections,84.7222,72
gemma3_1b,da_half,43,mdp500,detectable_format:title,69.2308,91
gemma3_1b,da_half,43,mdp500,detectable_format:xml_format,73.913,23
gemma3_1b,da_half,43,mdp500,keywords:existence,91.6667,96
gemma3_1b,da_half,43,mdp500,keywords:forbidden_words,80.5825,103
gemma3_1b,da_half,43,mdp500,keywords:frequency,59.2105,76
gemma3_1b,da_half,43,mdp500,keywords:letter_frequency,31.7647,85
gemma3_1b,da_half,43,mdp500,language:response_language,67.8571,56
gemma3_1b,da_half,43,mdp500,length_constraints:nth_paragraph_first_word,11.5385,78
gemma3_1b,da_half,43,mdp500,length_constraints:number_paragraphs,55.1724,58
gemma3_1b,da_half,43,mdp500,length_constraints:number_sentences,54.7619,84
gemma3_1b,da_half,43,mdp500,length_constraints:number_words,53.2609,92
gemma3_1b,da_half,43,mdp500,punctuation:no_comma,75.2577,97
gemma3_1b,da_half,43,mdp500,startend:end_checker,85.3333,75
gemma3_1b,da_half,43,mdp500,startend:quotation,64.8649,74
gemma3_1b,da_half,44,assembled500,change_case:capital_word_frequency,55.7692,104
gemma3_1b,da_half,44,assembled500,change_case:english_capital,3.75,80
gemma3_1b,da_half,44,assembled500,change_case:english_lowercase,68.9189,74
gemma3_1b,da_half,44,assembled500,combination:repeat_prompt,0,71
gemma3_1b,da_half,44,assembled500,combination:two_responses,65.3846,26
gemma3_1b,da_half,44,assembled500,detectable_content:number_placeholders,88.4615,78
gemma3_1b,da_half,44,assembled500,detectable_content:postscript,90.0,60
gemma3_1b,da_half,44,assembled500,detectable_format:constrained_response,100,1
gemma3_1b,da_half,44,assembled500,detectable_format:json_format,69.4444,36
gemma3_1b,da_half,44,assembled500,detectable_format:multiple_sections,80.597,67
gemma3_1b,da_half,44,assembled500,detectable_format:number_bullet_lists,54.386,57
gemma3_1b,da_half,44,assembled500,detectable_format:number_highlighted_sections,90.2778,72
gemma3_1b,da_half,44,assembled500,detectable_format:title,89.7059,68
gemma3_1b,da_half,44,assembled500,detectable_format:xml_format,68.5714,35
gemma3_1b,da_half,44,assembled500,keywords:existence,62.6374,91
gemma3_1b,da_half,44,assembled500,keywords:forbidden_words,100,91
gemma3_1b,da_half,44,assembled500,keywords:frequency,58.1633,98
gemma3_1b,da_half,44,assembled500,keywords:letter_frequency,40.2299,87
gemma3_1b,da_half,44,assembled500,language:response_language,86.2745,51
gemma3_1b,da_half,44,assembled500,length_constraints:nth_paragraph_first_word,3.2787,61
gemma3_1b,da_half,44,assembled500,length_constraints:number_paragraphs,50.7463,67
gemma3_1b,da_half,44,assembled500,length_constraints:number_sentences,57.0093,107
gemma3_1b,da_half,44,assembled500,length_constraints:number_words,65.3061,98
gemma3_1b,da_half,44,assembled500,punctuation:no_comma,91.1111,90
gemma3_1b,da_half,44,assembled500,startend:end_checker,84.9558,113
gemma3_1b,da_half,44,assembled500,startend:quotation,60.5263,38
gemma3_1b,da_half,44,ifeval,change_case:capital_word_frequency,80.0,25
gemma3_1b,da_half,44,ifeval,change_case:english_capital,16.0,25
gemma3_1b,da_half,44,ifeval,change_case:english_lowercase,79.4872,39
gemma3_1b,da_half,44,ifeval,combination:repeat_prompt,34.1463,41
gemma3_1b,da_half,44,ifeval,combination:two_responses,54.1667,24
gemma3_1b,da_half,44,ifeval,detectable_content:number_placeholders,77.7778,27
gemma3_1b,da_half,44,ifeval,detectable_content:postscript,69.2308,26
gemma3_1b,da_half,44,ifeval,detectable_format:constrained_response,100,10
gemma3_1b,da_half,44,ifeval,detectable_format:json_format,82.3529,17
gemma3_1b,da_half,44,ifeval,detectable_format:multiple_sections,92.8571,14
gemma3_1b,da_half,44,ifeval,detectable_format:number_bullet_lists,48.3871,31
gemma3_1b,da_half,44,ifeval,detectable_format:number_highlighted_sections,91.6667,48
gemma3_1b,da_half,44,ifeval,detectable_format:title,97.2973,37
gemma3_1b,da_half,44,ifeval,keywords:existence,76.9231,39
gemma3_1b,da_half,44,ifeval,keywords:forbidden_words,75.5102,49
gemma3_1b,da_half,44,ifeval,keywords:frequency,73.8095,42
gemma3_1b,da_half,44,ifeval,keywords:letter_frequency,60.6061,33
gemma3_1b,da_half,44,ifeval,language:response_language,48.3871,31
gemma3_1b,da_half,44,ifeval,length_constraints:nth_paragraph_first_word,50.0,12
gemma3_1b,da_half,44,ifeval,length_constraints:number_paragraphs,62.963,27
gemma3_1b,da_half,44,ifeval,length_constraints:number_sentences,71.1538,52
gemma3_1b,da_half,44,ifeval,length_constraints:number_words,75.0,52
gemma3_1b,da_half,44,ifeval,punctuation:no_comma,84.8485,66
gemma3_1b,da_half,44,ifeval,startend:end_checker,80.7692,26
gemma3_1b,da_half,44,ifeval,startend:quotation,56.0976,41
gemma3_1b,da_half,44,mdp500,change_case:capital_word_frequency,44.6154,65
gemma3_1b,da_half,44,mdp500,change_case:english_capital,7.3529,68
gemma3_1b,da_half,44,mdp500,change_case:english_lowercase,35.8974,78
gemma3_1b,da_half,44,mdp500,combination:repeat_prompt,13.0435,23
gemma3_1b,da_half,44,mdp500,combination:two_responses,45.8333,24
gemma3_1b,da_half,44,mdp500,detectable_content:number_placeholders,65.1163,86
gemma3_1b,da_half,44,mdp500,detectable_content:postscript,88.2353,85
gemma3_1b,da_half,44,mdp500,detectable_format:constrained_response,100,16
gemma3_1b,da_half,44,mdp500,detectable_format:json_format,80.0,25
gemma3_1b,da_half,44,mdp500,detectable_format:multiple_sections,77.7778,63
gemma3_1b,da_half,44,mdp500,detectable_format:number_bullet_lists,70.4082,98
gemma3_1b,da_half,44,mdp500,detectable_format:number_highlighted_sections,79.1667,72
gemma3_1b,da_half,44,mdp500,detectable_format:title,71.4286,91
gemma3_1b,da_half,44,mdp500,detectable_format:xml_format,73.913,23
gemma3_1b,da_half,44,mdp500,keywords:existence,92.7083,96
gemma3_1b,da_half,44,mdp500,keywords:forbidden_words,82.5243,103
gemma3_1b,da_half,44,mdp500,keywords:frequency,65.7895,76
gemma3_1b,da_half,44,mdp500,keywords:letter_frequency,32.9412,85
gemma3_1b,da_half,44,mdp500,language:response_language,66.0714,56
gemma3_1b,da_half,44,mdp500,length_constraints:nth_paragraph_first_word,11.5385,78
gemma3_1b,da_half,44,mdp500,length_constraints:number_paragraphs,62.069,58
gemma3_1b,da_half,44,mdp500,length_constraints:number_sentences,51.1905,84
gemma3_1b,da_half,44,mdp500,length_constraints:number_words,54.3478,92
gemma3_1b,da_half,44,mdp500,punctuation:no_comma,77.3196,97
gemma3_1b,da_half,44,mdp500,startend:end_checker,92.0,75
gemma3_1b,da_half,44,mdp500,startend:quotation,58.1081,74
gemma3_1b,grpo,42,assembled500,change_case:capital_word_frequency,56.7308,104
gemma3_1b,grpo,42,assembled500,change_case:english_capital,3.75,80
gemma3_1b,grpo,42,assembled500,change_case:english_lowercase,64.8649,74
gemma3_1b,grpo,42,assembled500,combination:repeat_prompt,0,71
gemma3_1b,grpo,42,assembled500,combination:two_responses,73.0769,26
gemma3_1b,grpo,42,assembled500,detectable_content:number_placeholders,79.4872,78
gemma3_1b,grpo,42,assembled500,detectable_content:postscript,90.0,60
gemma3_1b,grpo,42,assembled500,detectable_format:constrained_response,100,1
gemma3_1b,grpo,42,assembled500,detectable_format:json_format,66.6667,36
gemma3_1b,grpo,42,assembled500,detectable_format:multiple_sections,80.597,67
gemma3_1b,grpo,42,assembled500,detectable_format:number_bullet_lists,56.1404,57
gemma3_1b,grpo,42,assembled500,detectable_format:number_highlighted_sections,97.2222,72
gemma3_1b,grpo,42,assembled500,detectable_format:title,95.5882,68
gemma3_1b,grpo,42,assembled500,detectable_format:xml_format,65.7143,35
gemma3_1b,grpo,42,assembled500,keywords:existence,71.4286,91
gemma3_1b,grpo,42,assembled500,keywords:forbidden_words,100,91
gemma3_1b,grpo,42,assembled500,keywords:frequency,66.3265,98
gemma3_1b,grpo,42,assembled500,keywords:letter_frequency,39.0805,87
gemma3_1b,grpo,42,assembled500,language:response_language,82.3529,51
gemma3_1b,grpo,42,assembled500,length_constraints:nth_paragraph_first_word,3.2787,61
gemma3_1b,grpo,42,assembled500,length_constraints:number_paragraphs,68.6567,67
gemma3_1b,grpo,42,assembled500,length_constraints:number_sentences,51.4019,107
gemma3_1b,grpo,42,assembled500,length_constraints:number_words,63.2653,98
gemma3_1b,grpo,42,assembled500,punctuation:no_comma,90.0,90
gemma3_1b,grpo,42,assembled500,startend:end_checker,81.4159,113
gemma3_1b,grpo,42,assembled500,startend:quotation,71.0526,38
gemma3_1b,grpo,42,ifeval,change_case:capital_word_frequency,80.0,25
gemma3_1b,grpo,42,ifeval,change_case:english_capital,8.0,25
gemma3_1b,grpo,42,ifeval,change_case:english_lowercase,56.4103,39
gemma3_1b,grpo,42,ifeval,combination:repeat_prompt,34.1463,41
gemma3_1b,grpo,42,ifeval,combination:two_responses,79.1667,24
gemma3_1b,grpo,42,ifeval,detectable_content:number_placeholders,77.7778,27
gemma3_1b,grpo,42,ifeval,detectable_content:postscript,76.9231,26
gemma3_1b,grpo,42,ifeval,detectable_format:constrained_response,100,10
gemma3_1b,grpo,42,ifeval,detectable_format:json_format,70.5882,17
gemma3_1b,grpo,42,ifeval,detectable_format:multiple_sections,92.8571,14
gemma3_1b,grpo,42,ifeval,detectable_format:number_bullet_lists,48.3871,31
gemma3_1b,grpo,42,ifeval,detectable_format:number_highlighted_sections,93.75,48
gemma3_1b,grpo,42,ifeval,detectable_format:title,100,37
gemma3_1b,grpo,42,ifeval,keywords:existence,82.0513,39
gemma3_1b,grpo,42,ifeval,keywords:forbidden_words,79.5918,49
gemma3_1b,grpo,42,ifeval,keywords:frequency,69.0476,42
gemma3_1b,grpo,42,ifeval,keywords:letter_frequency,57.5758,33
gemma3_1b,grpo,42,ifeval,language:response_language,54.8387,31
gemma3_1b,grpo,42,ifeval,length_constraints:nth_paragraph_first_word,41.6667,12
gemma3_1b,grpo,42,ifeval,length_constraints:number_paragraphs,66.6667,27
gemma3_1b,grpo,42,ifeval,length_constraints:number_sentences,71.1538,52
gemma3_1b,grpo,42,ifeval,length_constraints:number_words,67.3077,52
gemma3_1b,grpo,42,ifeval,punctuation:no_comma,78.7879,66
gemma3_1b,grpo,42,ifeval,startend:end_checker,73.0769,26
gemma3_1b,grpo,42,ifeval,startend:quotation,56.0976,41
gemma3_1b,grpo,42,mdp500,change_case:capital_word_frequency,50.7692,65
gemma3_1b,grpo,42,mdp500,change_case:english_capital,4.4118,68
gemma3_1b,grpo,42,mdp500,change_case:english_lowercase,25.641,78
gemma3_1b,grpo,42,mdp500,combination:repeat_prompt,13.0435,23
gemma3_1b,grpo,42,mdp500,combination:two_responses,37.5,24
gemma3_1b,grpo,42,mdp500,detectable_content:number_placeholders,61.6279,86
gemma3_1b,grpo,42,mdp500,detectable_content:postscript,92.9412,85
gemma3_1b,grpo,42,mdp500,detectable_format:constrained_response,100,16
gemma3_1b,grpo,42,mdp500,detectable_format:json_format,84.0,25
gemma3_1b,grpo,42,mdp500,detectable_format:multiple_sections,71.4286,63
gemma3_1b,grpo,42,mdp500,detectable_format:number_bullet_lists,71.4286,98
gemma3_1b,grpo,42,mdp500,detectable_format:number_highlighted_sections,83.3333,72
gemma3_1b,grpo,42,mdp500,detectable_format:title,68.1319,91
gemma3_1b,grpo,42,mdp500,detectable_format:xml_format,60.8696,23
gemma3_1b,grpo,42,mdp500,keywords:existence,93.75,96
gemma3_1b,grpo,42,mdp500,keywords:forbidden_words,81.5534,103
gemma3_1b,grpo,42,mdp500,keywords:frequency,68.4211,76
gemma3_1b,grpo,42,mdp500,keywords:letter_frequency,35.2941,85
gemma3_1b,grpo,42,mdp500,language:response_language,64.2857,56
gemma3_1b,grpo,42,mdp500,length_constraints:nth_paragraph_first_word,12.8205,78
gemma3_1b,grpo,42,mdp500,length_constraints:number_paragraphs,53.4483,58
gemma3_1b,grpo,42,mdp500,length_constraints:number_sentences,50.0,84
gemma3_1b,grpo,42,mdp500,length_constraints:number_words,51.087,92
gemma3_1b,grpo,42,mdp500,punctuation:no_comma,72.1649,97
gemma3_1b,grpo,42,mdp500,startend:end_checker,85.3333,75
gemma3_1b,grpo,42,mdp500,startend:quotation,63.5135,74
gemma3_1b,grpo,43,assembled500,change_case:capital_word_frequency,58.6538,104
gemma3_1b,grpo,43,assembled500,change_case:english_capital,10.0,80
gemma3_1b,grpo,43,assembled500,change_case:english_lowercase,66.2162,74
gemma3_1b,grpo,43,assembled500,combination:repeat_prompt,0,71
gemma3_1b,grpo,43,assembled500,combination:two_responses,76.9231,26
gemma3_1b,grpo,43,assembled500,detectable_content:number_placeholders,85.8974,78
gemma3_1b,grpo,43,assembled500,detectable_content:postscript,93.3333,60
gemma3_1b,grpo,43,assembled500,detectable_format:constrained_response,100,1
gemma3_1b,grpo,43,assembled500,detectable_format:json_format,80.5556,36
gemma3_1b,grpo,43,assembled500,detectable_format:multiple_sections,79.1045,67
gemma3_1b,grpo,43,assembled500,detectable_format:number_bullet_lists,43.8596,57
gemma3_1b,grpo,43,assembled500,detectable_format:number_highlighted_sections,93.0556,72
gemma3_1b,grpo,43,assembled500,detectable_format:title,95.5882,68
gemma3_1b,grpo,43,assembled500,detectable_format:xml_format,65.7143,35
gemma3_1b,grpo,43,assembled500,keywords:existence,71.4286,91
gemma3_1b,grpo,43,assembled500,keywords:forbidden_words,100,91
gemma3_1b,grpo,43,assembled500,keywords:frequency,60.2041,98
gemma3_1b,grpo,43,assembled500,keywords:letter_frequency,40.2299,87
gemma3_1b,grpo,43,assembled500,language:response_language,84.3137,51
gemma3_1b,grpo,43,assembled500,length_constraints:nth_paragraph_first_word,1.6393,61
gemma3_1b,grpo,43,assembled500,length_constraints:number_paragraphs,59.7015,67
gemma3_1b,grpo,43,assembled500,length_constraints:number_sentences,55.1402,107
gemma3_1b,grpo,43,assembled500,length_constraints:number_words,66.3265,98
gemma3_1b,grpo,43,assembled500,punctuation:no_comma,88.8889,90
gemma3_1b,grpo,43,assembled500,startend:end_checker,82.3009,113
gemma3_1b,grpo,43,assembled500,startend:quotation,73.6842,38
gemma3_1b,grpo,43,ifeval,change_case:capital_word_frequency,84.0,25
gemma3_1b,grpo,43,ifeval,change_case:english_capital,20.0,25
gemma3_1b,grpo,43,ifeval,change_case:english_lowercase,66.6667,39
gemma3_1b,grpo,43,ifeval,combination:repeat_prompt,29.2683,41
gemma3_1b,grpo,43,ifeval,combination:two_responses,58.3333,24
gemma3_1b,grpo,43,ifeval,detectable_content:number_placeholders,81.4815,27
gemma3_1b,grpo,43,ifeval,detectable_content:postscript,84.6154,26
gemma3_1b,grpo,43,ifeval,detectable_format:constrained_response,100,10
gemma3_1b,grpo,43,ifeval,detectable_format:json_format,82.3529,17
gemma3_1b,grpo,43,ifeval,detectable_format:multiple_sections,92.8571,14
gemma3_1b,grpo,43,ifeval,detectable_format:number_bullet_lists,48.3871,31
gemma3_1b,grpo,43,ifeval,detectable_format:number_highlighted_sections,85.4167,48
gemma3_1b,grpo,43,ifeval,detectable_format:title,100,37
gemma3_1b,grpo,43,ifeval,keywords:existence,84.6154,39
gemma3_1b,grpo,43,ifeval,keywords:forbidden_words,81.6327,49
gemma3_1b,grpo,43,ifeval,keywords:frequency,80.9524,42
gemma3_1b,grpo,43,ifeval,keywords:letter_frequency,63.6364,33
gemma3_1b,grpo,43,ifeval,language:response_language,51.6129,31
gemma3_1b,grpo,43,ifeval,length_constraints:nth_paragraph_first_word,41.6667,12
gemma3_1b,grpo,43,ifeval,length_constraints:number_paragraphs,62.963,27
gemma3_1b,grpo,43,ifeval,length_constraints:number_sentences,73.0769,52
gemma3_1b,grpo,43,ifeval,length_constraints:number_words,71.1538,52
gemma3_1b,grpo,43,ifeval,punctuation:no_comma,78.7879,66
gemma3_1b,grpo,43,ifeval,startend:end_checker,80.7692,26
gemma3_1b,grpo,43,ifeval,startend:quotation,43.9024,41
gemma3_1b,grpo,43,mdp500,change_case:capital_word_frequency,49.2308,65
gemma3_1b,grpo,43,mdp500,change_case:english_capital,5.8824,68
gemma3_1b,grpo,43,mdp500,change_case:english_lowercase,33.3333,78
gemma3_1b,grpo,43,mdp500,combination:repeat_prompt,8.6957,23
gemma3_1b,grpo,43,mdp500,combination:two_responses,41.6667,24
gemma3_1b,grpo,43,mdp500,detectable_content:number_placeholders,61.6279,86
gemma3_1b,grpo,43,mdp500,detectable_content:postscript,91.7647,85
gemma3_1b,grpo,43,mdp500,detectable_format:constrained_response,100,16
gemma3_1b,grpo,43,mdp500,detectable_format:json_format,72.0,25
gemma3_1b,grpo,43,mdp500,detectable_format:multiple_sections,73.0159,63
gemma3_1b,grpo,43,mdp500,detectable_format:number_bullet_lists,68.3673,98
gemma3_1b,grpo,43,mdp500,detectable_format:number_highlighted_sections,83.3333,72
gemma3_1b,grpo,43,mdp500,detectable_format:title,71.4286,91
gemma3_1b,grpo,43,mdp500,detectable_format:xml_format,73.913,23
gemma3_1b,grpo,43,mdp500,keywords:existence,93.75,96
gemma3_1b,grpo,43,mdp500,keywords:forbidden_words,77.6699,103
gemma3_1b,grpo,43,mdp500,keywords:frequency,65.7895,76
gemma3_1b,grpo,43,mdp500,keywords:letter_frequency,35.2941,85
gemma3_1b,grpo,43,mdp500,language:response_language,60.7143,56
gemma3_1b,grpo,43,mdp500,length_constraints:nth_paragraph_first_word,20.5128,78
gemma3_1b,grpo,43,mdp500,length_constraints:number_paragraphs,46.5517,58
gemma3_1b,grpo,43,mdp500,length_constraints:number_sentences,50.0,84
gemma3_1b,grpo,43,mdp500,length_constraints:number_words,51.087,92
gemma3_1b,grpo,43,mdp500,punctuation:no_comma,73.1959,97
gemma3_1b,grpo,43,mdp500,startend:end_checker,92.0,75
gemma3_1b,grpo,43,mdp500,startend:quotation,63.5135,74
gemma3_1b,grpo,44,assembled500,change_case:capital_word_frequency,55.7692,104
gemma3_1b,grpo,44,assembled500,change_case:english_capital,7.5,80
gemma3_1b,grpo,44,assembled500,change_case:english_lowercase,66.2162,74
gemma3_1b,grpo,44,assembled500,combination:repeat_prompt,0,71
gemma3_1b,grpo,44,assembled500,combination:two_responses,61.5385,26
gemma3_1b,grpo,44,assembled500,detectable_content:number_placeholders,80.7692,78
gemma3_1b,grpo,44,assembled500,detectable_content:postscript,91.6667,60
gemma3_1b,grpo,44,assembled500,detectable_format:constrained_response,100,1
gemma3_1b,grpo,44,assembled500,detectable_format:json_format,77.7778,36
gemma3_1b,grpo,44,assembled500,detectable_format:multiple_sections,77.6119,67
gemma3_1b,grpo,44,assembled500,detectable_format:number_bullet_lists,47.3684,57
gemma3_1b,grpo,44,assembled500,detectable_format:number_highlighted_sections,93.0556,72
gemma3_1b,grpo,44,assembled500,detectable_format:title,95.5882,68
gemma3_1b,grpo,44,assembled500,detectable_format:xml_format,71.4286,35
gemma3_1b,grpo,44,assembled500,keywords:existence,59.3407,91
gemma3_1b,grpo,44,assembled500,keywords:forbidden_words,100,91
gemma3_1b,grpo,44,assembled500,keywords:frequency,61.2245,98
gemma3_1b,grpo,44,assembled500,keywords:letter_frequency,39.0805,87
gemma3_1b,grpo,44,assembled500,language:response_language,88.2353,51
gemma3_1b,grpo,44,assembled500,length_constraints:nth_paragraph_first_word,3.2787,61
gemma3_1b,grpo,44,assembled500,length_constraints:number_paragraphs,56.7164,67
gemma3_1b,grpo,44,assembled500,length_constraints:number_sentences,55.1402,107
gemma3_1b,grpo,44,assembled500,length_constraints:number_words,63.2653,98
gemma3_1b,grpo,44,assembled500,punctuation:no_comma,87.7778,90
gemma3_1b,grpo,44,assembled500,startend:end_checker,75.2212,113
gemma3_1b,grpo,44,assembled500,startend:quotation,81.5789,38
gemma3_1b,grpo,44,ifeval,change_case:capital_word_frequency,76.0,25
gemma3_1b,grpo,44,ifeval,change_case:english_capital,12.0,25
gemma3_1b,grpo,44,ifeval,change_case:english_lowercase,74.359,39
gemma3_1b,grpo,44,ifeval,combination:repeat_prompt,26.8293,41
gemma3_1b,grpo,44,ifeval,combination:two_responses,70.8333,24
gemma3_1b,grpo,44,ifeval,detectable_content:number_placeholders,77.7778,27
gemma3_1b,grpo,44,ifeval,detectable_content:postscript,88.4615,26
gemma3_1b,grpo,44,ifeval,detectable_format:constrained_response,100,10
gemma3_1b,grpo,44,ifeval,detectable_format:json_format,82.3529,17
gemma3_1b,grpo,44,ifeval,detectable_format:multiple_sections,92.8571,14
gemma3_1b,grpo,44,ifeval,detectable_format:number_bullet_lists,38.7097,31
gemma3_1b,grpo,44,ifeval,detectable_format:number_highlighted_sections,87.5,48
gemma3_1b,grpo,44,ifeval,detectable_format:title,94.5946,37
gemma3_1b,grpo,44,ifeval,keywords:existence,71.7949,39
gemma3_1b,grpo,44,ifeval,keywords:forbidden_words,77.551,49
gemma3_1b,grpo,44,ifeval,keywords:frequency,78.5714,42
gemma3_1b,grpo,44,ifeval,keywords:letter_frequency,63.6364,33
gemma3_1b,grpo,44,ifeval,language:response_language,54.8387,31
gemma3_1b,grpo,44,ifeval,length_constraints:nth_paragraph_first_word,41.6667,12
gemma3_1b,grpo,44,ifeval,length_constraints:number_paragraphs,70.3704,27
gemma3_1b,grpo,44,ifeval,length_constraints:number_sentences,69.2308,52
gemma3_1b,grpo,44,ifeval,length_constraints:number_words,67.3077,52
gemma3_1b,grpo,44,ifeval,punctuation:no_comma,83.3333,66
gemma3_1b,grpo,44,ifeval,startend:end_checker,73.0769,26
gemma3_1b,grpo,44,ifeval,startend:quotation,48.7805,41
gemma3_1b,grpo,44,mdp500,change_case:capital_word_frequency,46.1538,65
gemma3_1b,grpo,44,mdp500,change_case:english_capital,5.8824,68
gemma3_1b,grpo,44,mdp500,change_case:english_lowercase,32.0513,78
gemma3_1b,grpo,44,mdp500,combination:repeat_prompt,8.6957,23
gemma3_1b,grpo,44,mdp500,combination:two_responses,50.0,24
gemma3_1b,grpo,44,mdp500,detectable_content:number_placeholders,63.9535,86
gemma3_1b,grpo,44,mdp500,detectable_content:postscript,91.7647,85
gemma3_1b,grpo,44,mdp500,detectable_format:constrained_response,100,16
gemma3_1b,grpo,44,mdp500,detectable_format:json_format,84.0,25
gemma3_1b,grpo,44,mdp500,detectable_format:multiple_sections,74.6032,63
gemma3_1b,grpo,44,mdp500,detectable_format:number_bullet_lists,69.3878,98
gemma3_1b,grpo,44,mdp500,detectable_format:number_highlighted_sections,75.0,72
gemma3_1b,grpo,44,mdp500,detectable_format:title,68.1319,91
gemma3_1b,grpo,44,mdp500,detectable_format:xml_format,65.2174,23
gemma3_1b,grpo,44,mdp500,keywords:existence,91.6667,96
gemma3_1b,grpo,44,mdp500,keywords:forbidden_words,78.6408,103
gemma3_1b,grpo,44,mdp500,keywords:frequency,63.1579,76
gemma3_1b,grpo,44,mdp500,keywords:letter_frequency,32.9412,85
gemma3_1b,grpo,44,mdp500,language:response_language,62.5,56
gemma3_1b,grpo,44,mdp500,length_constraints:nth_paragraph_first_word,11.5385,78
gemma3_1b,grpo,44,mdp500,length_constraints:number_paragraphs,50.0,58
gemma3_1b,grpo,44,mdp500,length_constraints:number_sentences,50.0,84
gemma3_1b,grpo,44,mdp500,length_constraints:number_words,52.1739,92
gemma3_1b,grpo,44,mdp500,punctuation:no_comma,74.2268,97
gemma3_1b,grpo,44,mdp500,startend:end_checker,89.3333,75
gemma3_1b,grpo,44,mdp500,startend:quotation,58.1081,74
gemma3_1b,grpo,45,assembled500,change_case:capital_word_frequency,55.7692,104
gemma3_1b,grpo,45,assembled500,change_case:english_capital,6.25,80
gemma3_1b,grpo,45,assembled500,change_case:english_lowercase,64.8649,74
gemma3_1b,grpo,45,assembled500,combination:repeat_prompt,0,71
gemma3_1b,grpo,45,assembled500,combination:two_responses,80.7692,26
gemma3_1b,grpo,45,assembled500,detectable_content:number_placeholders,85.8974,78
gemma3_1b,grpo,45,assembled500,detectable_content:postscript,88.3333,60
gemma3_1b,grpo,45,assembled500,detectable_format:constrained_response,100,1
gemma3_1b,grpo,45,assembled500,detectable_format:json_format,66.6667,36
gemma3_1b,grpo,45,assembled500,detectable_format:multiple_sections,80.597,67
gemma3_1b,grpo,45,assembled500,detectable_format:number_bullet_lists,47.3684,57
gemma3_1b,grpo,45,assembled500,detectable_format:number_highlighted_sections,91.6667,72
gemma3_1b,grpo,45,assembled500,detectable_format:title,94.1176,68
gemma3_1b,grpo,45,assembled500,detectable_format:xml_format,71.4286,35
gemma3_1b,grpo,45,assembled500,keywords:existence,61.5385,91
gemma3_1b,grpo,45,assembled500,keywords:forbidden_words,100,91
gemma3_1b,grpo,45,assembled500,keywords:frequency,60.2041,98
gemma3_1b,grpo,45,assembled500,keywords:letter_frequency,39.0805,87
gemma3_1b,grpo,45,assembled500,language:response_language,74.5098,51
gemma3_1b,grpo,45,assembled500,length_constraints:nth_paragraph_first_word,3.2787,61
gemma3_1b,grpo,45,assembled500,length_constraints:number_paragraphs,58.209,67
gemma3_1b,grpo,45,assembled500,length_constraints:number_sentences,57.9439,107
gemma3_1b,grpo,45,assembled500,length_constraints:number_words,62.2449,98
gemma3_1b,grpo,45,assembled500,punctuation:no_comma,86.6667,90
gemma3_1b,grpo,45,assembled500,startend:end_checker,84.0708,113
gemma3_1b,grpo,45,assembled500,startend:quotation,60.5263,38
gemma3_1b,grpo,45,ifeval,change_case:capital_word_frequency,84.0,25
gemma3_1b,grpo,45,ifeval,change_case:english_capital,16.0,25
gemma3_1b,grpo,45,ifeval,change_case:english_lowercase,61.5385,39
gemma3_1b,grpo,45,ifeval,combination:repeat_prompt,24.3902,41
gemma3_1b,grpo,45,ifeval,combination:two_responses,79.1667,24
gemma3_1b,grpo,45,ifeval,detectable_content:number_placeholders,74.0741,27
gemma3_1b,grpo,45,ifeval,detectable_content:postscript,88.4615,26
gemma3_1b,grpo,45,ifeval,detectable_format:constrained_response,90.0,10
gemma3_1b,grpo,45,ifeval,detectable_format:json_format,76.4706,17
gemma3_1b,grpo,45,ifeval,detectable_format:multiple_sections,92.8571,14
gemma3_1b,grpo,45,ifeval,detectable_format:number_bullet_lists,58.0645,31
gemma3_1b,grpo,45,ifeval,detectable_format:number_highlighted_sections,89.5833,48
gemma3_1b,grpo,45,ifeval,detectable_format:title,100,37
gemma3_1b,grpo,45,ifeval,keywords:existence,79.4872,39
gemma3_1b,grpo,45,ifeval,keywords:forbidden_words,83.6735,49
gemma3_1b,grpo,45,ifeval,keywords:frequency,73.8095,42
gemma3_1b,grpo,45,ifeval,keywords:letter_frequency,60.6061,33
gemma3_1b,grpo,45,ifeval,language:response_language,54.8387,31
gemma3_1b,grpo,45,ifeval,length_constraints:nth_paragraph_first_word,41.6667,12
gemma3_1b,grpo,45,ifeval,length_constraints:number_paragraphs,70.3704,27
gemma3_1b,grpo,45,ifeval,length_constraints:number_sentences,73.0769,52
gemma3_1b,grpo,45,ifeval,length_constraints:number_words,69.2308,52
gemma3_1b,grpo,45,ifeval,punctuation:no_comma,78.7879,66
gemma3_1b,grpo,45,ifeval,startend:end_checker,88.4615,26
gemma3_1b,grpo,45,ifeval,startend:quotation,56.0976,41
gemma3_1b,grpo,45,mdp500,change_case:capital_word_frequency,44.6154,65
gemma3_1b,grpo,45,mdp500,change_case:english_capital,5.8824,68
gemma3_1b,grpo,45,mdp500,change_case:english_lowercase,28.2051,78
gemma3_1b,grpo,45,mdp500,combination:repeat_prompt,8.6957,23
gemma3_1b,grpo,45,mdp500,combination:two_responses,54.1667,24
gemma3_1b,grpo,45,mdp500,detectable_content:number_placeholders,67.4419,86
gemma3_1b,grpo,45,mdp500,detectable_content:postscript,90.5882,85
gemma3_1b,grpo,45,mdp500,detectable_format:constrained_response,100,16
gemma3_1b,grpo,45,mdp500,detectable_format:json_format,80.0,25
gemma3_1b,grpo,45,mdp500,detectable_format:multiple_sections,71.4286,63
gemma3_1b,grpo,45,mdp500,detectable_format:number_bullet_lists,62.2449,98
gemma3_1b,grpo,45,mdp500,detectable_format:number_highlighted_sections,76.3889,72
gemma3_1b,grpo,45,mdp500,detectable_format:title,71.4286,91
gemma3_1b,grpo,45,mdp500,detectable_format:xml_format,78.2609,23
gemma3_1b,grpo,45,mdp500,keywords:existence,92.7083,96
gemma3_1b,grpo,45,mdp500,keywords:forbidden_words,78.6408,103
gemma3_1b,grpo,45,mdp500,keywords:frequency,59.2105,76
gemma3_1b,grpo,45,mdp500,keywords:letter_frequency,32.9412,85
gemma3_1b,grpo,45,mdp500,language:response_language,55.3571,56
gemma3_1b,grpo,45,mdp500,length_constraints:nth_paragraph_first_word,10.2564,78
gemma3_1b,grpo,45,mdp500,length_constraints:number_paragraphs,56.8966,58
gemma3_1b,grpo,45,mdp500,length_constraints:number_sentences,52.381,84
gemma3_1b,grpo,45,mdp500,length_constraints:number_words,48.913,92
gemma3_1b,grpo,45,mdp500,punctuation:no_comma,71.134,97
gemma3_1b,grpo,45,mdp500,startend:end_checker,88.0,75
gemma3_1b,grpo,45,mdp500,startend:quotation,55.4054,74
gemma3_1b,grpo,46,assembled500,change_case:capital_word_frequency,56.7308,104
gemma3_1b,grpo,46,assembled500,change_case:english_capital,8.75,80
gemma3_1b,grpo,46,assembled500,change_case:english_lowercase,64.8649,74
gemma3_1b,grpo,46,assembled500,combination:repeat_prompt,0,71
gemma3_1b,grpo,46,assembled500,combination:two_responses,73.0769,26
gemma3_1b,grpo,46,assembled500,detectable_content:number_placeholders,79.4872,78
gemma3_1b,grpo,46,assembled500,detectable_content:postscript,100,60
gemma3_1b,grpo,46,assembled500,detectable_format:constrained_response,100,1
gemma3_1b,grpo,46,assembled500,detectable_format:json_format,75.0,36
gemma3_1b,grpo,46,assembled500,detectable_format:multiple_sections,80.597,67
gemma3_1b,grpo,46,assembled500,detectable_format:number_bullet_lists,56.1404,57
gemma3_1b,grpo,46,assembled500,detectable_format:number_highlighted_sections,88.8889,72
gemma3_1b,grpo,46,assembled500,detectable_format:title,94.1176,68
gemma3_1b,grpo,46,assembled500,detectable_format:xml_format,85.7143,35
gemma3_1b,grpo,46,assembled500,keywords:existence,67.033,91
gemma3_1b,grpo,46,assembled500,keywords:forbidden_words,98.9011,91
gemma3_1b,grpo,46,assembled500,keywords:frequency,68.3673,98
gemma3_1b,grpo,46,assembled500,keywords:letter_frequency,42.5287,87
gemma3_1b,grpo,46,assembled500,language:response_language,84.3137,51
gemma3_1b,grpo,46,assembled500,length_constraints:nth_paragraph_first_word,1.6393,61
gemma3_1b,grpo,46,assembled500,length_constraints:number_paragraphs,59.7015,67
gemma3_1b,grpo,46,assembled500,length_constraints:number_sentences,52.3364,107
gemma3_1b,grpo,46,assembled500,length_constraints:number_words,67.3469,98
gemma3_1b,grpo,46,assembled500,punctuation:no_comma,85.5556,90
gemma3_1b,grpo,46,assembled500,startend:end_checker,72.5664,113
gemma3_1b,grpo,46,assembled500,startend:quotation,73.6842,38
gemma3_1b,grpo,46,ifeval,change_case:capital_word_frequency,72.0,25
gemma3_1b,grpo,46,ifeval,change_case:english_capital,4.0,25
gemma3_1b,grpo,46,ifeval,change_case:english_lowercase,66.6667,39
gemma3_1b,grpo,46,ifeval,combination:repeat_prompt,31.7073,41
gemma3_1b,grpo,46,ifeval,combination:two_responses,62.5,24
gemma3_1b,grpo,46,ifeval,detectable_content:number_placeholders,74.0741,27
gemma3_1b,grpo,46,ifeval,detectable_content:postscript,76.9231,26
gemma3_1b,grpo,46,ifeval,detectable_format:constrained_response,100,10
gemma3_1b,grpo,46,ifeval,detectable_format:json_format,82.3529,17
gemma3_1b,grpo,46,ifeval,detectable_format:multiple_sections,92.8571,14
gemma3_1b,grpo,46,ifeval,detectable_format:number_bullet_lists,45.1613,31
gemma3_1b,grpo,46,ifeval,detectable_format:number_highlighted_sections,83.3333,48
gemma3_1b,grpo,46,ifeval,detectable_format:title,97.2973,37
gemma3_1b,grpo,46,ifeval,keywords:existence,87.1795,39
gemma3_1b,grpo,46,ifeval,keywords:forbidden_words,79.5918,49
gemma3_1b,grpo,46,ifeval,keywords:frequency,76.1905,42
gemma3_1b,grpo,46,ifeval,keywords:letter_frequency,63.6364,33
gemma3_1b,grpo,46,ifeval,language:response_language,48.3871,31
gemma3_1b,grpo,46,ifeval,length_constraints:nth_paragraph_first_word,41.6667,12
gemma3_1b,grpo,46,ifeval,length_constraints:number_paragraphs,55.5556,27
gemma3_1b,grpo,46,ifeval,length_constraints:number_sentences,67.3077,52
gemma3_1b,grpo,46,ifeval,length_constraints:number_words,75.0,52
gemma3_1b,grpo,46,ifeval,punctuation:no_comma,77.2727,66
gemma3_1b,grpo,46,ifeval,startend:end_checker,80.7692,26
gemma3_1b,grpo,46,ifeval,startend:quotation,53.6585,41
gemma3_1b,grpo,46,mdp500,change_case:capital_word_frequency,46.1538,65
gemma3_1b,grpo,46,mdp500,change_case:english_capital,7.3529,68
gemma3_1b,grpo,46,mdp500,change_case:english_lowercase,28.2051,78
gemma3_1b,grpo,46,mdp500,combination:repeat_prompt,8.6957,23
gemma3_1b,grpo,46,mdp500,combination:two_responses,58.3333,24
gemma3_1b,grpo,46,mdp500,detectable_content:number_placeholders,61.6279,86
gemma3_1b,grpo,46,mdp500,detectable_content:postscript,94.1176,85
gemma3_1b,grpo,46,mdp500,detectable_format:constrained_response,100,16
gemma3_1b,grpo,46,mdp500,detectable_format:json_format,68.0,25
gemma3_1b,grpo,46,mdp500,detectable_format:multiple_sections,69.8413,63
gemma3_1b,grpo,46,mdp500,detectable_format:number_bullet_lists,65.3061,98
gemma3_1b,grpo,46,mdp500,detectable_format:number_highlighted_sections,75.0,72
gemma3_1b,grpo,46,mdp500,detectable_format:title,71.4286,91
gemma3_1b,grpo,46,mdp500,detectable_format:xml_format,65.2174,23
gemma3_1b,grpo,46,mdp500,keywords:existence,85.4167,96
gemma3_1b,grpo,46,mdp500,keywords:forbidden_words,79.6117,103
gemma3_1b,grpo,46,mdp500,keywords:frequency,65.7895,76
gemma3_1b,grpo,46,mdp500,keywords:letter_frequency,36.4706,85
gemma3_1b,grpo,46,mdp500,language:response_language,62.5,56
gemma3_1b,grpo,46,mdp500,length_constraints:nth_paragraph_first_word,14.1026,78
gemma3_1b,grpo,46,mdp500,length_constraints:number_paragraphs,60.3448,58
gemma3_1b,grpo,46,mdp500,length_constraints:number_sentences,52.381,84
gemma3_1b,grpo,46,mdp500,length_constraints:number_words,48.913,92
gemma3_1b,grpo,46,mdp500,punctuation:no_comma,70.1031,97
gemma3_1b,grpo,46,mdp500,startend:end_checker,86.6667,75
gemma3_1b,grpo,46,mdp500,startend:quotation,68.9189,74
gemma3_1b,tb_mplacebo,42,assembled500,change_case:capital_word_frequency,55.7692,104
gemma3_1b,tb_mplacebo,42,assembled500,change_case:english_capital,3.75,80
gemma3_1b,tb_mplacebo,42,assembled500,change_case:english_lowercase,67.5676,74
gemma3_1b,tb_mplacebo,42,assembled500,combination:repeat_prompt,0,71
gemma3_1b,tb_mplacebo,42,assembled500,combination:two_responses,76.9231,26
gemma3_1b,tb_mplacebo,42,assembled500,detectable_content:number_placeholders,74.359,78
gemma3_1b,tb_mplacebo,42,assembled500,detectable_content:postscript,93.3333,60
gemma3_1b,tb_mplacebo,42,assembled500,detectable_format:constrained_response,100,1
gemma3_1b,tb_mplacebo,42,assembled500,detectable_format:json_format,77.7778,36
gemma3_1b,tb_mplacebo,42,assembled500,detectable_format:multiple_sections,80.597,67
gemma3_1b,tb_mplacebo,42,assembled500,detectable_format:number_bullet_lists,49.1228,57
gemma3_1b,tb_mplacebo,42,assembled500,detectable_format:number_highlighted_sections,93.0556,72
gemma3_1b,tb_mplacebo,42,assembled500,detectable_format:title,92.6471,68
gemma3_1b,tb_mplacebo,42,assembled500,detectable_format:xml_format,71.4286,35
gemma3_1b,tb_mplacebo,42,assembled500,keywords:existence,67.033,91
gemma3_1b,tb_mplacebo,42,assembled500,keywords:forbidden_words,98.9011,91
gemma3_1b,tb_mplacebo,42,assembled500,keywords:frequency,64.2857,98
gemma3_1b,tb_mplacebo,42,assembled500,keywords:letter_frequency,39.0805,87
gemma3_1b,tb_mplacebo,42,assembled500,language:response_language,80.3922,51
gemma3_1b,tb_mplacebo,42,assembled500,length_constraints:nth_paragraph_first_word,3.2787,61
gemma3_1b,tb_mplacebo,42,assembled500,length_constraints:number_paragraphs,68.6567,67
gemma3_1b,tb_mplacebo,42,assembled500,length_constraints:number_sentences,50.4673,107
gemma3_1b,tb_mplacebo,42,assembled500,length_constraints:number_words,64.2857,98
gemma3_1b,tb_mplacebo,42,assembled500,punctuation:no_comma,90.0,90
gemma3_1b,tb_mplacebo,42,assembled500,startend:end_checker,82.3009,113
gemma3_1b,tb_mplacebo,42,assembled500,startend:quotation,63.1579,38
gemma3_1b,tb_mplacebo,42,mdp500,change_case:capital_word_frequency,50.7692,65
gemma3_1b,tb_mplacebo,42,mdp500,change_case:english_capital,5.8824,68
gemma3_1b,tb_mplacebo,42,mdp500,change_case:english_lowercase,29.4872,78
gemma3_1b,tb_mplacebo,42,mdp500,combination:repeat_prompt,13.0435,23
gemma3_1b,tb_mplacebo,42,mdp500,combination:two_responses,50.0,24
gemma3_1b,tb_mplacebo,42,mdp500,detectable_content:number_placeholders,55.814,86
gemma3_1b,tb_mplacebo,42,mdp500,detectable_content:postscript,90.5882,85
gemma3_1b,tb_mplacebo,42,mdp500,detectable_format:constrained_response,100,16
gemma3_1b,tb_mplacebo,42,mdp500,detectable_format:json_format,80.0,25
gemma3_1b,tb_mplacebo,42,mdp500,detectable_format:multiple_sections,68.254,63
gemma3_1b,tb_mplacebo,42,mdp500,detectable_format:number_bullet_lists,67.3469,98
gemma3_1b,tb_mplacebo,42,mdp500,detectable_format:number_highlighted_sections,77.7778,72
gemma3_1b,tb_mplacebo,42,mdp500,detectable_format:title,69.2308,91
gemma3_1b,tb_mplacebo,42,mdp500,detectable_format:xml_format,73.913,23
gemma3_1b,tb_mplacebo,42,mdp500,keywords:existence,91.6667,96
gemma3_1b,tb_mplacebo,42,mdp500,keywords:forbidden_words,81.5534,103
gemma3_1b,tb_mplacebo,42,mdp500,keywords:frequency,61.8421,76
gemma3_1b,tb_mplacebo,42,mdp500,keywords:letter_frequency,31.7647,85
gemma3_1b,tb_mplacebo,42,mdp500,language:response_language,62.5,56
gemma3_1b,tb_mplacebo,42,mdp500,length_constraints:nth_paragraph_first_word,12.8205,78
gemma3_1b,tb_mplacebo,42,mdp500,length_constraints:number_paragraphs,51.7241,58
gemma3_1b,tb_mplacebo,42,mdp500,length_constraints:number_sentences,46.4286,84
gemma3_1b,tb_mplacebo,42,mdp500,length_constraints:number_words,50.0,92
gemma3_1b,tb_mplacebo,42,mdp500,punctuation:no_comma,75.2577,97
gemma3_1b,tb_mplacebo,42,mdp500,startend:end_checker,92.0,75
gemma3_1b,tb_mplacebo,42,mdp500,startend:quotation,58.1081,74
gemma3_1b,tb_mplacebo,43,assembled500,change_case:capital_word_frequency,55.7692,104
gemma3_1b,tb_mplacebo,43,assembled500,change_case:english_capital,2.5,80
gemma3_1b,tb_mplacebo,43,assembled500,change_case:english_lowercase,66.2162,74
gemma3_1b,tb_mplacebo,43,assembled500,combination:repeat_prompt,0,71
gemma3_1b,tb_mplacebo,43,assembled500,combination:two_responses,73.0769,26
gemma3_1b,tb_mplacebo,43,assembled500,detectable_content:number_placeholders,79.4872,78
gemma3_1b,tb_mplacebo,43,assembled500,detectable_content:postscript,90.0,60
gemma3_1b,tb_mplacebo,43,assembled500,detectable_format:constrained_response,100,1
gemma3_1b,tb_mplacebo,43,assembled500,detectable_format:json_format,75.0,36
gemma3_1b,tb_mplacebo,43,assembled500,detectable_format:multiple_sections,77.6119,67
gemma3_1b,tb_mplacebo,43,assembled500,detectable_format:number_bullet_lists,54.386,57
gemma3_1b,tb_mplacebo,43,assembled500,detectable_format:number_highlighted_sections,84.7222,72
gemma3_1b,tb_mplacebo,43,assembled500,detectable_format:title,95.5882,68
gemma3_1b,tb_mplacebo,43,assembled500,detectable_format:xml_format,74.2857,35
gemma3_1b,tb_mplacebo,43,assembled500,keywords:existence,61.5385,91
gemma3_1b,tb_mplacebo,43,assembled500,keywords:forbidden_words,98.9011,91
gemma3_1b,tb_mplacebo,43,assembled500,keywords:frequency,61.2245,98
gemma3_1b,tb_mplacebo,43,assembled500,keywords:letter_frequency,41.3793,87
gemma3_1b,tb_mplacebo,43,assembled500,language:response_language,84.3137,51
gemma3_1b,tb_mplacebo,43,assembled500,length_constraints:nth_paragraph_first_word,3.2787,61
gemma3_1b,tb_mplacebo,43,assembled500,length_constraints:number_paragraphs,59.7015,67
gemma3_1b,tb_mplacebo,43,assembled500,length_constraints:number_sentences,56.0748,107
gemma3_1b,tb_mplacebo,43,assembled500,length_constraints:number_words,61.2245,98
gemma3_1b,tb_mplacebo,43,assembled500,punctuation:no_comma,90.0,90
gemma3_1b,tb_mplacebo,43,assembled500,startend:end_checker,74.3363,113
gemma3_1b,tb_mplacebo,43,assembled500,startend:quotation,76.3158,38
gemma3_1b,tb_mplacebo,43,mdp500,change_case:capital_word_frequency,49.2308,65
gemma3_1b,tb_mplacebo,43,mdp500,change_case:english_capital,5.8824,68
gemma3_1b,tb_mplacebo,43,mdp500,change_case:english_lowercase,21.7949,78
gemma3_1b,tb_mplacebo,43,mdp500,combination:repeat_prompt,8.6957,23
gemma3_1b,tb_mplacebo,43,mdp500,combination:two_responses,50.0,24
gemma3_1b,tb_mplacebo,43,mdp500,detectable_content:number_placeholders,63.9535,86
gemma3_1b,tb_mplacebo,43,mdp500,detectable_content:postscript,92.9412,85
gemma3_1b,tb_mplacebo,43,mdp500,detectable_format:constrained_response,100,16
gemma3_1b,tb_mplacebo,43,mdp500,detectable_format:json_format,80.0,25
gemma3_1b,tb_mplacebo,43,mdp500,detectable_format:multiple_sections,73.0159,63
gemma3_1b,tb_mplacebo,43,mdp500,detectable_format:number_bullet_lists,64.2857,98
gemma3_1b,tb_mplacebo,43,mdp500,detectable_format:number_highlighted_sections,77.7778,72
gemma3_1b,tb_mplacebo,43,mdp500,detectable_format:title,73.6264,91
gemma3_1b,tb_mplacebo,43,mdp500,detectable_format:xml_format,69.5652,23
gemma3_1b,tb_mplacebo,43,mdp500,keywords:existence,91.6667,96
gemma3_1b,tb_mplacebo,43,mdp500,keywords:forbidden_words,84.466,103
gemma3_1b,tb_mplacebo,43,mdp500,keywords:frequency,63.1579,76
gemma3_1b,tb_mplacebo,43,mdp500,keywords:letter_frequency,31.7647,85
gemma3_1b,tb_mplacebo,43,mdp500,language:response_language,60.7143,56
gemma3_1b,tb_mplacebo,43,mdp500,length_constraints:nth_paragraph_first_word,10.2564,78
gemma3_1b,tb_mplacebo,43,mdp500,length_constraints:number_paragraphs,55.1724,58
gemma3_1b,tb_mplacebo,43,mdp500,length_constraints:number_sentences,46.4286,84
gemma3_1b,tb_mplacebo,43,mdp500,length_constraints:number_words,48.913,92
gemma3_1b,tb_mplacebo,43,mdp500,punctuation:no_comma,71.134,97
gemma3_1b,tb_mplacebo,43,mdp500,startend:end_checker,85.3333,75
gemma3_1b,tb_mplacebo,43,mdp500,startend:quotation,66.2162,74
gemma3_1b,tb_mplacebo,44,assembled500,change_case:capital_word_frequency,52.8846,104
gemma3_1b,tb_mplacebo,44,assembled500,change_case:english_capital,10.0,80
gemma3_1b,tb_mplacebo,44,assembled500,change_case:english_lowercase,70.2703,74
gemma3_1b,tb_mplacebo,44,assembled500,combination:repeat_prompt,0,71
gemma3_1b,tb_mplacebo,44,assembled500,combination:two_responses,69.2308,26
gemma3_1b,tb_mplacebo,44,assembled500,detectable_content:number_placeholders,83.3333,78
gemma3_1b,tb_mplacebo,44,assembled500,detectable_content:postscript,95.0,60
gemma3_1b,tb_mplacebo,44,assembled500,detectable_format:constrained_response,100,1
gemma3_1b,tb_mplacebo,44,assembled500,detectable_format:json_format,69.4444,36
gemma3_1b,tb_mplacebo,44,assembled500,detectable_format:multiple_sections,80.597,67
gemma3_1b,tb_mplacebo,44,assembled500,detectable_format:number_bullet_lists,50.8772,57
gemma3_1b,tb_mplacebo,44,assembled500,detectable_format:number_highlighted_sections,86.1111,72
gemma3_1b,tb_mplacebo,44,assembled500,detectable_format:title,95.5882,68
gemma3_1b,tb_mplacebo,44,assembled500,detectable_format:xml_format,71.4286,35
gemma3_1b,tb_mplacebo,44,assembled500,keywords:existence,62.6374,91
gemma3_1b,tb_mplacebo,44,assembled500,keywords:forbidden_words,100,91
gemma3_1b,tb_mplacebo,44,assembled500,keywords:frequency,65.3061,98
gemma3_1b,tb_mplacebo,44,assembled500,keywords:letter_frequency,39.0805,87
gemma3_1b,tb_mplacebo,44,assembled500,language:response_language,86.2745,51
gemma3_1b,tb_mplacebo,44,assembled500,length_constraints:nth_paragraph_first_word,4.918,61
gemma3_1b,tb_mplacebo,44,assembled500,length_constraints:number_paragraphs,61.194,67
gemma3_1b,tb_mplacebo,44,assembled500,length_constraints:number_sentences,57.9439,107
gemma3_1b,tb_mplacebo,44,assembled500,length_constraints:number_words,67.3469,98
gemma3_1b,tb_mplacebo,44,assembled500,punctuation:no_comma,86.6667,90
gemma3_1b,tb_mplacebo,44,assembled500,startend:end_checker,81.4159,113
gemma3_1b,tb_mplacebo,44,assembled500,startend:quotation,71.0526,38
gemma3_1b,tb_mplacebo,44,mdp500,change_case:capital_word_frequency,50.7692,65
gemma3_1b,tb_mplacebo,44,mdp500,change_case:english_capital,7.3529,68
gemma3_1b,tb_mplacebo,44,mdp500,change_case:english_lowercase,35.8974,78
gemma3_1b,tb_mplacebo,44,mdp500,combination:repeat_prompt,13.0435,23
gemma3_1b,tb_mplacebo,44,mdp500,combination:two_responses,41.6667,24
gemma3_1b,tb_mplacebo,44,mdp500,detectable_content:number_placeholders,65.1163,86
gemma3_1b,tb_mplacebo,44,mdp500,detectable_content:postscript,96.4706,85
gemma3_1b,tb_mplacebo,44,mdp500,detectable_format:constrained_response,93.75,16
gemma3_1b,tb_mplacebo,44,mdp500,detectable_format:json_format,80.0,25
gemma3_1b,tb_mplacebo,44,mdp500,detectable_format:multiple_sections,63.4921,63
gemma3_1b,tb_mplacebo,44,mdp500,detectable_format:number_bullet_lists,66.3265,98
gemma3_1b,tb_mplacebo,44,mdp500,detectable_format:number_highlighted_sections,83.3333,72
gemma3_1b,tb_mplacebo,44,mdp500,detectable_format:title,75.8242,91
gemma3_1b,tb_mplacebo,44,mdp500,detectable_format:xml_format,65.2174,23
gemma3_1b,tb_mplacebo,44,mdp500,keywords:existence,91.6667,96
gemma3_1b,tb_mplacebo,44,mdp500,keywords:forbidden_words,81.5534,103
gemma3_1b,tb_mplacebo,44,mdp500,keywords:frequency,69.7368,76
gemma3_1b,tb_mplacebo,44,mdp500,keywords:letter_frequency,35.2941,85
gemma3_1b,tb_mplacebo,44,mdp500,language:response_language,58.9286,56
gemma3_1b,tb_mplacebo,44,mdp500,length_constraints:nth_paragraph_first_word,11.5385,78
gemma3_1b,tb_mplacebo,44,mdp500,length_constraints:number_paragraphs,58.6207,58
gemma3_1b,tb_mplacebo,44,mdp500,length_constraints:number_sentences,53.5714,84
gemma3_1b,tb_mplacebo,44,mdp500,length_constraints:number_words,51.087,92
gemma3_1b,tb_mplacebo,44,mdp500,punctuation:no_comma,71.134,97
gemma3_1b,tb_mplacebo,44,mdp500,startend:end_checker,89.3333,75
gemma3_1b,tb_mplacebo,44,mdp500,startend:quotation,59.4595,74
gemma3_1b,tb_placebo,42,assembled500,change_case:capital_word_frequency,56.7308,104
gemma3_1b,tb_placebo,42,assembled500,change_case:english_capital,2.5,80
gemma3_1b,tb_placebo,42,assembled500,change_case:english_lowercase,63.5135,74
gemma3_1b,tb_placebo,42,assembled500,combination:repeat_prompt,0,71
gemma3_1b,tb_placebo,42,assembled500,combination:two_responses,76.9231,26
gemma3_1b,tb_placebo,42,assembled500,detectable_content:number_placeholders,80.7692,78
gemma3_1b,tb_placebo,42,assembled500,detectable_content:postscript,91.6667,60
gemma3_1b,tb_placebo,42,assembled500,detectable_format:constrained_response,100,1
gemma3_1b,tb_placebo,42,assembled500,detectable_format:json_format,72.2222,36
gemma3_1b,tb_placebo,42,assembled500,detectable_format:multiple_sections,79.1045,67
gemma3_1b,tb_placebo,42,assembled500,detectable_format:number_bullet_lists,52.6316,57
gemma3_1b,tb_placebo,42,assembled500,detectable_format:number_highlighted_sections,86.1111,72
gemma3_1b,tb_placebo,42,assembled500,detectable_format:title,92.6471,68
gemma3_1b,tb_placebo,42,assembled500,detectable_format:xml_format,74.2857,35
gemma3_1b,tb_placebo,42,assembled500,keywords:existence,69.2308,91
gemma3_1b,tb_placebo,42,assembled500,keywords:forbidden_words,100,91
gemma3_1b,tb_placebo,42,assembled500,keywords:frequency,65.3061,98
gemma3_1b,tb_placebo,42,assembled500,keywords:letter_frequency,40.2299,87
gemma3_1b,tb_placebo,42,assembled500,language:response_language,88.2353,51
gemma3_1b,tb_placebo,42,assembled500,length_constraints:nth_paragraph_first_word,1.6393,61
gemma3_1b,tb_placebo,42,assembled500,length_constraints:number_paragraphs,50.7463,67
gemma3_1b,tb_placebo,42,assembled500,length_constraints:number_sentences,50.4673,107
gemma3_1b,tb_placebo,42,assembled500,length_constraints:number_words,61.2245,98
gemma3_1b,tb_placebo,42,assembled500,punctuation:no_comma,85.5556,90
gemma3_1b,tb_placebo,42,assembled500,startend:end_checker,84.9558,113
gemma3_1b,tb_placebo,42,assembled500,startend:quotation,68.4211,38
gemma3_1b,tb_placebo,42,ifeval,change_case:capital_word_frequency,76.0,25
gemma3_1b,tb_placebo,42,ifeval,change_case:english_capital,16.0,25
gemma3_1b,tb_placebo,42,ifeval,change_case:english_lowercase,84.6154,39
gemma3_1b,tb_placebo,42,ifeval,combination:repeat_prompt,29.2683,41
gemma3_1b,tb_placebo,42,ifeval,combination:two_responses,75.0,24
gemma3_1b,tb_placebo,42,ifeval,detectable_content:number_placeholders,77.7778,27
gemma3_1b,tb_placebo,42,ifeval,detectable_content:postscript,80.7692,26
gemma3_1b,tb_placebo,42,ifeval,detectable_format:constrained_response,100,10
gemma3_1b,tb_placebo,42,ifeval,detectable_format:json_format,76.4706,17
gemma3_1b,tb_placebo,42,ifeval,detectable_format:multiple_sections,92.8571,14
gemma3_1b,tb_placebo,42,ifeval,detectable_format:number_bullet_lists,48.3871,31
gemma3_1b,tb_placebo,42,ifeval,detectable_format:number_highlighted_sections,91.6667,48
gemma3_1b,tb_placebo,42,ifeval,detectable_format:title,100,37
gemma3_1b,tb_placebo,42,ifeval,keywords:existence,87.1795,39
gemma3_1b,tb_placebo,42,ifeval,keywords:forbidden_words,79.5918,49
gemma3_1b,tb_placebo,42,ifeval,keywords:frequency,76.1905,42
gemma3_1b,tb_placebo,42,ifeval,keywords:letter_frequency,60.6061,33
gemma3_1b,tb_placebo,42,ifeval,language:response_language,51.6129,31
gemma3_1b,tb_placebo,42,ifeval,length_constraints:nth_paragraph_first_word,33.3333,12
gemma3_1b,tb_placebo,42,ifeval,length_constraints:number_paragraphs,66.6667,27
gemma3_1b,tb_placebo,42,ifeval,length_constraints:number_sentences,73.0769,52
gemma3_1b,tb_placebo,42,ifeval,length_constraints:number_words,75.0,52
gemma3_1b,tb_placebo,42,ifeval,punctuation:no_comma,74.2424,66
gemma3_1b,tb_placebo,42,ifeval,startend:end_checker,80.7692,26
gemma3_1b,tb_placebo,42,ifeval,startend:quotation,53.6585,41
gemma3_1b,tb_placebo,42,mdp500,change_case:capital_word_frequency,43.0769,65
gemma3_1b,tb_placebo,42,mdp500,change_case:english_capital,2.9412,68
gemma3_1b,tb_placebo,42,mdp500,change_case:english_lowercase,33.3333,78
gemma3_1b,tb_placebo,42,mdp500,combination:repeat_prompt,13.0435,23
gemma3_1b,tb_placebo,42,mdp500,combination:two_responses,50.0,24
gemma3_1b,tb_placebo,42,mdp500,detectable_content:number_placeholders,60.4651,86
gemma3_1b,tb_placebo,42,mdp500,detectable_content:postscript,92.9412,85
gemma3_1b,tb_placebo,42,mdp500,detectable_format:constrained_response,100,16
gemma3_1b,tb_placebo,42,mdp500,detectable_format:json_format,76.0,25
gemma3_1b,tb_placebo,42,mdp500,detectable_format:multiple_sections,69.8413,63
gemma3_1b,tb_placebo,42,mdp500,detectable_format:number_bullet_lists,61.2245,98
gemma3_1b,tb_placebo,42,mdp500,detectable_format:number_highlighted_sections,79.1667,72
gemma3_1b,tb_placebo,42,mdp500,detectable_format:title,68.1319,91
gemma3_1b,tb_placebo,42,mdp500,detectable_format:xml_format,65.2174,23
gemma3_1b,tb_placebo,42,mdp500,keywords:existence,92.7083,96
gemma3_1b,tb_placebo,42,mdp500,keywords:forbidden_words,81.5534,103
gemma3_1b,tb_placebo,42,mdp500,keywords:frequency,65.7895,76
gemma3_1b,tb_placebo,42,mdp500,keywords:letter_frequency,34.1176,85
gemma3_1b,tb_placebo,42,mdp500,language:response_language,62.5,56
gemma3_1b,tb_placebo,42,mdp500,length_constraints:nth_paragraph_first_word,17.9487,78
gemma3_1b,tb_placebo,42,mdp500,length_constraints:number_paragraphs,55.1724,58
gemma3_1b,tb_placebo,42,mdp500,length_constraints:number_sentences,47.619,84
gemma3_1b,tb_placebo,42,mdp500,length_constraints:number_words,50.0,92
gemma3_1b,tb_placebo,42,mdp500,punctuation:no_comma,71.134,97
gemma3_1b,tb_placebo,42,mdp500,startend:end_checker,94.6667,75
gemma3_1b,tb_placebo,42,mdp500,startend:quotation,55.4054,74
gemma3_1b,tb_placebo,43,assembled500,change_case:capital_word_frequency,55.7692,104
gemma3_1b,tb_placebo,43,assembled500,change_case:english_capital,12.5,80
gemma3_1b,tb_placebo,43,assembled500,change_case:english_lowercase,75.6757,74
gemma3_1b,tb_placebo,43,assembled500,combination:repeat_prompt,0,71
gemma3_1b,tb_placebo,43,assembled500,combination:two_responses,80.7692,26
gemma3_1b,tb_placebo,43,assembled500,detectable_content:number_placeholders,71.7949,78
gemma3_1b,tb_placebo,43,assembled500,detectable_content:postscript,93.3333,60
gemma3_1b,tb_placebo,43,assembled500,detectable_format:constrained_response,100,1
gemma3_1b,tb_placebo,43,assembled500,detectable_format:json_format,75.0,36
gemma3_1b,tb_placebo,43,assembled500,detectable_format:multiple_sections,79.1045,67
gemma3_1b,tb_placebo,43,assembled500,detectable_format:number_bullet_lists,49.1228,57
gemma3_1b,tb_placebo,43,assembled500,detectable_format:number_highlighted_sections,87.5,72
gemma3_1b,tb_placebo,43,assembled500,detectable_format:title,94.1176,68
gemma3_1b,tb_placebo,43,assembled500,detectable_format:xml_format,71.4286,35
gemma3_1b,tb_placebo,43,assembled500,keywords:existence,58.2418,91
gemma3_1b,tb_placebo,43,assembled500,keywords:forbidden_words,100,91
gemma3_1b,tb_placebo,43,assembled500,keywords:frequency,56.1224,98
gemma3_1b,tb_placebo,43,assembled500,keywords:letter_frequency,41.3793,87
gemma3_1b,tb_placebo,43,assembled500,language:response_language,84.3137,51
gemma3_1b,tb_placebo,43,assembled500,length_constraints:nth_paragraph_first_word,1.6393,61
gemma3_1b,tb_placebo,43,assembled500,length_constraints:number_paragraphs,61.194,67
gemma3_1b,tb_placebo,43,assembled500,length_constraints:number_sentences,53.271,107
gemma3_1b,tb_placebo,43,assembled500,length_constraints:number_words,68.3673,98
gemma3_1b,tb_placebo,43,assembled500,punctuation:no_comma,94.4444,90
gemma3_1b,tb_placebo,43,assembled500,startend:end_checker,76.9912,113
gemma3_1b,tb_placebo,43,assembled500,startend:quotation,65.7895,38
gemma3_1b,tb_placebo,43,ifeval,change_case:capital_word_frequency,72.0,25
gemma3_1b,tb_placebo,43,ifeval,change_case:english_capital,8.0,25
gemma3_1b,tb_placebo,43,ifeval,change_case:english_lowercase,76.9231,39
gemma3_1b,tb_placebo,43,ifeval,combination:repeat_prompt,26.8293,41
gemma3_1b,tb_placebo,43,ifeval,combination:two_responses,58.3333,24
gemma3_1b,tb_placebo,43,ifeval,detectable_content:number_placeholders,66.6667,27
gemma3_1b,tb_placebo,43,ifeval,detectable_content:postscript,84.6154,26
gemma3_1b,tb_placebo,43,ifeval,detectable_format:constrained_response,100,10
gemma3_1b,tb_placebo,43,ifeval,detectable_format:json_format,70.5882,17
gemma3_1b,tb_placebo,43,ifeval,detectable_format:multiple_sections,85.7143,14
gemma3_1b,tb_placebo,43,ifeval,detectable_format:number_bullet_lists,51.6129,31
gemma3_1b,tb_placebo,43,ifeval,detectable_format:number_highlighted_sections,89.5833,48
gemma3_1b,tb_placebo,43,ifeval,detectable_format:title,100,37
gemma3_1b,tb_placebo,43,ifeval,keywords:existence,79.4872,39
gemma3_1b,tb_placebo,43,ifeval,keywords:forbidden_words,81.6327,49
gemma3_1b,tb_placebo,43,ifeval,keywords:frequency,78.5714,42
gemma3_1b,tb_placebo,43,ifeval,keywords:letter_frequency,60.6061,33
gemma3_1b,tb_placebo,43,ifeval,language:response_language,54.8387,31
gemma3_1b,tb_placebo,43,ifeval,length_constraints:nth_paragraph_first_word,41.6667,12
gemma3_1b,tb_placebo,43,ifeval,length_constraints:number_paragraphs,59.2593,27
gemma3_1b,tb_placebo,43,ifeval,length_constraints:number_sentences,67.3077,52
gemma3_1b,tb_placebo,43,ifeval,length_constraints:number_words,80.7692,52
gemma3_1b,tb_placebo,43,ifeval,punctuation:no_comma,84.8485,66
gemma3_1b,tb_placebo,43,ifeval,startend:end_checker,88.4615,26
gemma3_1b,tb_placebo,43,ifeval,startend:quotation,48.7805,41
gemma3_1b,tb_placebo,43,mdp500,change_case:capital_word_frequency,43.0769,65
gemma3_1b,tb_placebo,43,mdp500,change_case:english_capital,7.3529,68
gemma3_1b,tb_placebo,43,mdp500,change_case:english_lowercase,39.7436,78
gemma3_1b,tb_placebo,43,mdp500,combination:repeat_prompt,13.0435,23
gemma3_1b,tb_placebo,43,mdp500,combination:two_responses,58.3333,24
gemma3_1b,tb_placebo,43,mdp500,detectable_content:number_placeholders,54.6512,86
gemma3_1b,tb_placebo,43,mdp500,detectable_content:postscript,90.5882,85
gemma3_1b,tb_placebo,43,mdp500,detectable_format:constrained_response,100,16
gemma3_1b,tb_placebo,43,mdp500,detectable_format:json_format,84.0,25
gemma3_1b,tb_placebo,43,mdp500,detectable_format:multiple_sections,69.8413,63
gemma3_1b,tb_placebo,43,mdp500,detectable_format:number_bullet_lists,70.4082,98
gemma3_1b,tb_placebo,43,mdp500,detectable_format:number_highlighted_sections,79.1667,72
gemma3_1b,tb_placebo,43,mdp500,detectable_format:title,75.8242,91
gemma3_1b,tb_placebo,43,mdp500,detectable_format:xml_format,65.2174,23
gemma3_1b,tb_placebo,43,mdp500,keywords:existence,91.6667,96
gemma3_1b,tb_placebo,43,mdp500,keywords:forbidden_words,84.466,103
gemma3_1b,tb_placebo,43,mdp500,keywords:frequency,64.4737,76
gemma3_1b,tb_placebo,43,mdp500,keywords:letter_frequency,34.1176,85
gemma3_1b,tb_placebo,43,mdp500,language:response_language,66.0714,56
gemma3_1b,tb_placebo,43,mdp500,length_constraints:nth_paragraph_first_word,8.9744,78
gemma3_1b,tb_placebo,43,mdp500,length_constraints:number_paragraphs,56.8966,58
gemma3_1b,tb_placebo,43,mdp500,length_constraints:number_sentences,48.8095,84
gemma3_1b,tb_placebo,43,mdp500,length_constraints:number_words,54.3478,92
gemma3_1b,tb_placebo,43,mdp500,punctuation:no_comma,76.2887,97
gemma3_1b,tb_placebo,43,mdp500,startend:end_checker,94.6667,75
gemma3_1b,tb_placebo,43,mdp500,startend:quotation,60.8108,74
gemma3_1b,tb_placebo,44,assembled500,change_case:capital_word_frequency,59.6154,104
gemma3_1b,tb_placebo,44,assembled500,change_case:english_capital,12.5,80
gemma3_1b,tb_placebo,44,assembled500,change_case:english_lowercase,66.2162,74
gemma3_1b,tb_placebo,44,assembled500,combination:repeat_prompt,0,71
gemma3_1b,tb_placebo,44,assembled500,combination:two_responses,73.0769,26
gemma3_1b,tb_placebo,44,assembled500,detectable_content:number_placeholders,83.3333,78
gemma3_1b,tb_placebo,44,assembled500,detectable_content:postscript,96.6667,60
gemma3_1b,tb_placebo,44,assembled500,detectable_format:constrained_response,100,1
gemma3_1b,tb_placebo,44,assembled500,detectable_format:json_format,75.0,36
gemma3_1b,tb_placebo,44,assembled500,detectable_format:multiple_sections,77.6119,67
gemma3_1b,tb_placebo,44,assembled500,detectable_format:number_bullet_lists,45.614,57
gemma3_1b,tb_placebo,44,assembled500,detectable_format:number_highlighted_sections,93.0556,72
gemma3_1b,tb_placebo,44,assembled500,detectable_format:title,97.0588,68
gemma3_1b,tb_placebo,44,assembled500,detectable_format:xml_format,68.5714,35
gemma3_1b,tb_placebo,44,assembled500,keywords:existence,60.4396,91
gemma3_1b,tb_placebo,44,assembled500,keywords:forbidden_words,98.9011,91
gemma3_1b,tb_placebo,44,assembled500,keywords:frequency,71.4286,98
gemma3_1b,tb_placebo,44,assembled500,keywords:letter_frequency,40.2299,87
gemma3_1b,tb_placebo,44,assembled500,language:response_language,74.5098,51
gemma3_1b,tb_placebo,44,assembled500,length_constraints:nth_paragraph_first_word,0,61
gemma3_1b,tb_placebo,44,assembled500,length_constraints:number_paragraphs,53.7313,67
gemma3_1b,tb_placebo,44,assembled500,length_constraints:number_sentences,51.4019,107
gemma3_1b,tb_placebo,44,assembled500,length_constraints:number_words,63.2653,98
gemma3_1b,tb_placebo,44,assembled500,punctuation:no_comma,86.6667,90
gemma3_1b,tb_placebo,44,assembled500,startend:end_checker,80.531,113
gemma3_1b,tb_placebo,44,assembled500,startend:quotation,73.6842,38
gemma3_1b,tb_placebo,44,ifeval,change_case:capital_word_frequency,80.0,25
gemma3_1b,tb_placebo,44,ifeval,change_case:english_capital,16.0,25
gemma3_1b,tb_placebo,44,ifeval,change_case:english_lowercase,64.1026,39
gemma3_1b,tb_placebo,44,ifeval,combination:repeat_prompt,24.3902,41
gemma3_1b,tb_placebo,44,ifeval,combination:two_responses,79.1667,24
gemma3_1b,tb_placebo,44,ifeval,detectable_content:number_placeholders,81.4815,27
gemma3_1b,tb_placebo,44,ifeval,detectable_content:postscript,84.6154,26
gemma3_1b,tb_placebo,44,ifeval,detectable_format:constrained_response,100,10
gemma3_1b,tb_placebo,44,ifeval,detectable_format:json_format,82.3529,17
gemma3_1b,tb_placebo,44,ifeval,detectable_format:multiple_sections,92.8571,14
gemma3_1b,tb_placebo,44,ifeval,detectable_format:number_bullet_lists,41.9355,31
gemma3_1b,tb_placebo,44,ifeval,detectable_format:number_highlighted_sections,93.75,48
gemma3_1b,tb_placebo,44,ifeval,detectable_format:title,100,37
gemma3_1b,tb_placebo,44,ifeval,keywords:existence,76.9231,39
gemma3_1b,tb_placebo,44,ifeval,keywords:forbidden_words,79.5918,49
gemma3_1b,tb_placebo,44,ifeval,keywords:frequency,66.6667,42
gemma3_1b,tb_placebo,44,ifeval,keywords:letter_frequency,60.6061,33
gemma3_1b,tb_placebo,44,ifeval,language:response_language,61.2903,31
gemma3_1b,tb_placebo,44,ifeval,length_constraints:nth_paragraph_first_word,33.3333,12
gemma3_1b,tb_placebo,44,ifeval,length_constraints:number_paragraphs,55.5556,27
gemma3_1b,tb_placebo,44,ifeval,length_constraints:number_sentences,71.1538,52
gemma3_1b,tb_placebo,44,ifeval,length_constraints:number_words,73.0769,52
gemma3_1b,tb_placebo,44,ifeval,punctuation:no_comma,81.8182,66
gemma3_1b,tb_placebo,44,ifeval,startend:end_checker,80.7692,26
gemma3_1b,tb_placebo,44,ifeval,startend:quotation,53.6585,41
gemma3_1b,tb_placebo,44,mdp500,change_case:capital_word_frequency,46.1538,65
gemma3_1b,tb_placebo,44,mdp500,change_case:english_capital,7.3529,68
gemma3_1b,tb_placebo,44,mdp500,change_case:english_lowercase,25.641,78
gemma3_1b,tb_placebo,44,mdp500,combination:repeat_prompt,8.6957,23
gemma3_1b,tb_placebo,44,mdp500,combination:two_responses,54.1667,24
gemma3_1b,tb_placebo,44,mdp500,detectable_content:number_placeholders,63.9535,86
gemma3_1b,tb_placebo,44,mdp500,detectable_content:postscript,95.2941,85
gemma3_1b,tb_placebo,44,mdp500,detectable_format:constrained_response,100,16
gemma3_1b,tb_placebo,44,mdp500,detectable_format:json_format,76.0,25
gemma3_1b,tb_placebo,44,mdp500,detectable_format:multiple_sections,69.8413,63
gemma3_1b,tb_placebo,44,mdp500,detectable_format:number_bullet_lists,62.2449,98
gemma3_1b,tb_placebo,44,mdp500,detectable_format:number_highlighted_sections,83.3333,72
gemma3_1b,tb_placebo,44,mdp500,detectable_format:title,72.5275,91
gemma3_1b,tb_placebo,44,mdp500,detectable_format:xml_format,65.2174,23
gemma3_1b,tb_placebo,44,mdp500,keywords:existence,89.5833,96
gemma3_1b,tb_placebo,44,mdp500,keywords:forbidden_words,86.4078,103
gemma3_1b,tb_placebo,44,mdp500,keywords:frequency,63.1579,76
gemma3_1b,tb_placebo,44,mdp500,keywords:letter_frequency,34.1176,85
gemma3_1b,tb_placebo,44,mdp500,language:response_language,58.9286,56
gemma3_1b,tb_placebo,44,mdp500,length_constraints:nth_paragraph_first_word,10.2564,78
gemma3_1b,tb_placebo,44,mdp500,length_constraints:number_paragraphs,51.7241,58
gemma3_1b,tb_placebo,44,mdp500,length_constraints:number_sentences,51.1905,84
gemma3_1b,tb_placebo,44,mdp500,length_constraints:number_words,50.0,92
gemma3_1b,tb_placebo,44,mdp500,punctuation:no_comma,72.1649,97
gemma3_1b,tb_placebo,44,mdp500,startend:end_checker,85.3333,75
gemma3_1b,tb_placebo,44,mdp500,startend:quotation,58.1081,74
gemma3_1b,tb_tie,42,assembled500,change_case:capital_word_frequency,55.7692,104
gemma3_1b,tb_tie,42,assembled500,change_case:english_capital,13.75,80
gemma3_1b,tb_tie,42,assembled500,change_case:english_lowercase,68.9189,74
gemma3_1b,tb_tie,42,assembled500,combination:repeat_prompt,0,71
gemma3_1b,tb_tie,42,assembled500,combination:two_responses,73.0769,26
gemma3_1b,tb_tie,42,assembled500,detectable_content:number_placeholders,84.6154,78
gemma3_1b,tb_tie,42,assembled500,detectable_content:postscript,96.6667,60
gemma3_1b,tb_tie,42,assembled500,detectable_format:constrained_response,100,1
gemma3_1b,tb_tie,42,assembled500,detectable_format:json_format,72.2222,36
gemma3_1b,tb_tie,42,assembled500,detectable_format:multiple_sections,80.597,67
gemma3_1b,tb_tie,42,assembled500,detectable_format:number_bullet_lists,61.4035,57
gemma3_1b,tb_tie,42,assembled500,detectable_format:number_highlighted_sections,87.5,72
gemma3_1b,tb_tie,42,assembled500,detectable_format:title,97.0588,68
gemma3_1b,tb_tie,42,assembled500,detectable_format:xml_format,68.5714,35
gemma3_1b,tb_tie,42,assembled500,keywords:existence,70.3297,91
gemma3_1b,tb_tie,42,assembled500,keywords:forbidden_words,100,91
gemma3_1b,tb_tie,42,assembled500,keywords:frequency,68.3673,98
gemma3_1b,tb_tie,42,assembled500,keywords:letter_frequency,40.2299,87
gemma3_1b,tb_tie,42,assembled500,language:response_language,88.2353,51
gemma3_1b,tb_tie,42,assembled500,length_constraints:nth_paragraph_first_word,1.6393,61
gemma3_1b,tb_tie,42,assembled500,length_constraints:number_paragraphs,59.7015,67
gemma3_1b,tb_tie,42,assembled500,length_constraints:number_sentences,57.9439,107
gemma3_1b,tb_tie,42,assembled500,length_constraints:number_words,67.3469,98
gemma3_1b,tb_tie,42,assembled500,punctuation:no_comma,90.0,90
gemma3_1b,tb_tie,42,assembled500,startend:end_checker,76.9912,113
gemma3_1b,tb_tie,42,assembled500,startend:quotation,55.2632,38
gemma3_1b,tb_tie,42,ifeval,change_case:capital_word_frequency,80.0,25
gemma3_1b,tb_tie,42,ifeval,change_case:english_capital,12.0,25
gemma3_1b,tb_tie,42,ifeval,change_case:english_lowercase,66.6667,39
gemma3_1b,tb_tie,42,ifeval,combination:repeat_prompt,26.8293,41
gemma3_1b,tb_tie,42,ifeval,combination:two_responses,70.8333,24
gemma3_1b,tb_tie,42,ifeval,detectable_content:number_placeholders,77.7778,27
gemma3_1b,tb_tie,42,ifeval,detectable_content:postscript,80.7692,26
gemma3_1b,tb_tie,42,ifeval,detectable_format:constrained_response,100,10
gemma3_1b,tb_tie,42,ifeval,detectable_format:json_format,76.4706,17
gemma3_1b,tb_tie,42,ifeval,detectable_format:multiple_sections,92.8571,14
gemma3_1b,tb_tie,42,ifeval,detectable_format:number_bullet_lists,61.2903,31
gemma3_1b,tb_tie,42,ifeval,detectable_format:number_highlighted_sections,89.5833,48
gemma3_1b,tb_tie,42,ifeval,detectable_format:title,100,37
gemma3_1b,tb_tie,42,ifeval,keywords:existence,92.3077,39
gemma3_1b,tb_tie,42,ifeval,keywords:forbidden_words,81.6327,49
gemma3_1b,tb_tie,42,ifeval,keywords:frequency,83.3333,42
gemma3_1b,tb_tie,42,ifeval,keywords:letter_frequency,60.6061,33
gemma3_1b,tb_tie,42,ifeval,language:response_language,61.2903,31
gemma3_1b,tb_tie,42,ifeval,length_constraints:nth_paragraph_first_word,33.3333,12
gemma3_1b,tb_tie,42,ifeval,length_constraints:number_paragraphs,62.963,27
gemma3_1b,tb_tie,42,ifeval,length_constraints:number_sentences,75.0,52
gemma3_1b,tb_tie,42,ifeval,length_constraints:number_words,69.2308,52
gemma3_1b,tb_tie,42,ifeval,punctuation:no_comma,83.3333,66
gemma3_1b,tb_tie,42,ifeval,startend:end_checker,84.6154,26
gemma3_1b,tb_tie,42,ifeval,startend:quotation,51.2195,41
gemma3_1b,tb_tie,42,mdp500,change_case:capital_word_frequency,46.1538,65
gemma3_1b,tb_tie,42,mdp500,change_case:english_capital,10.2941,68
gemma3_1b,tb_tie,42,mdp500,change_case:english_lowercase,34.6154,78
gemma3_1b,tb_tie,42,mdp500,combination:repeat_prompt,8.6957,23
gemma3_1b,tb_tie,42,mdp500,combination:two_responses,54.1667,24
gemma3_1b,tb_tie,42,mdp500,detectable_content:number_placeholders,67.4419,86
gemma3_1b,tb_tie,42,mdp500,detectable_content:postscript,90.5882,85
gemma3_1b,tb_tie,42,mdp500,detectable_format:constrained_response,100,16
gemma3_1b,tb_tie,42,mdp500,detectable_format:json_format,80.0,25
gemma3_1b,tb_tie,42,mdp500,detectable_format:multiple_sections,71.4286,63
gemma3_1b,tb_tie,42,mdp500,detectable_format:number_bullet_lists,71.4286,98
gemma3_1b,tb_tie,42,mdp500,detectable_format:number_highlighted_sections,76.3889,72
gemma3_1b,tb_tie,42,mdp500,detectable_format:title,72.5275,91
gemma3_1b,tb_tie,42,mdp500,detectable_format:xml_format,69.5652,23
gemma3_1b,tb_tie,42,mdp500,keywords:existence,89.5833,96
gemma3_1b,tb_tie,42,mdp500,keywords:forbidden_words,83.4951,103
gemma3_1b,tb_tie,42,mdp500,keywords:frequency,60.5263,76
gemma3_1b,tb_tie,42,mdp500,keywords:letter_frequency,37.6471,85
gemma3_1b,tb_tie,42,mdp500,language:response_language,60.7143,56
gemma3_1b,tb_tie,42,mdp500,length_constraints:nth_paragraph_first_word,11.5385,78
gemma3_1b,tb_tie,42,mdp500,length_constraints:number_paragraphs,55.1724,58
gemma3_1b,tb_tie,42,mdp500,length_constraints:number_sentences,50.0,84
gemma3_1b,tb_tie,42,mdp500,length_constraints:number_words,53.2609,92
gemma3_1b,tb_tie,42,mdp500,punctuation:no_comma,70.1031,97
gemma3_1b,tb_tie,42,mdp500,startend:end_checker,88.0,75
gemma3_1b,tb_tie,42,mdp500,startend:quotation,47.2973,74
gemma3_1b,tb_tie,43,assembled500,change_case:capital_word_frequency,53.8462,104
gemma3_1b,tb_tie,43,assembled500,change_case:english_capital,2.5,80
gemma3_1b,tb_tie,43,assembled500,change_case:english_lowercase,58.1081,74
gemma3_1b,tb_tie,43,assembled500,combination:repeat_prompt,0,71
gemma3_1b,tb_tie,43,assembled500,combination:two_responses,84.6154,26
gemma3_1b,tb_tie,43,assembled500,detectable_content:number_placeholders,83.3333,78
gemma3_1b,tb_tie,43,assembled500,detectable_content:postscript,96.6667,60
gemma3_1b,tb_tie,43,assembled500,detectable_format:constrained_response,100,1
gemma3_1b,tb_tie,43,assembled500,detectable_format:json_format,72.2222,36
gemma3_1b,tb_tie,43,assembled500,detectable_format:multiple_sections,86.5672,67
gemma3_1b,tb_tie,43,assembled500,detectable_format:number_bullet_lists,61.4035,57
gemma3_1b,tb_tie,43,assembled500,detectable_format:number_highlighted_sections,84.7222,72
gemma3_1b,tb_tie,43,assembled500,detectable_format:title,91.1765,68
gemma3_1b,tb_tie,43,assembled500,detectable_format:xml_format,68.5714,35
gemma3_1b,tb_tie,43,assembled500,keywords:existence,74.7253,91
gemma3_1b,tb_tie,43,assembled500,keywords:forbidden_words,100,91
gemma3_1b,tb_tie,43,assembled500,keywords:frequency,61.2245,98
gemma3_1b,tb_tie,43,assembled500,keywords:letter_frequency,41.3793,87
gemma3_1b,tb_tie,43,assembled500,language:response_language,84.3137,51
gemma3_1b,tb_tie,43,assembled500,length_constraints:nth_paragraph_first_word,3.2787,61
gemma3_1b,tb_tie,43,assembled500,length_constraints:number_paragraphs,70.1493,67
gemma3_1b,tb_tie,43,assembled500,length_constraints:number_sentences,53.271,107
gemma3_1b,tb_tie,43,assembled500,length_constraints:number_words,66.3265,98
gemma3_1b,tb_tie,43,assembled500,punctuation:no_comma,86.6667,90
gemma3_1b,tb_tie,43,assembled500,startend:end_checker,74.3363,113
gemma3_1b,tb_tie,43,assembled500,startend:quotation,65.7895,38
gemma3_1b,tb_tie,43,ifeval,change_case:capital_word_frequency,68.0,25
gemma3_1b,tb_tie,43,ifeval,change_case:english_capital,0,25
gemma3_1b,tb_tie,43,ifeval,change_case:english_lowercase,56.4103,39
gemma3_1b,tb_tie,43,ifeval,combination:repeat_prompt,21.9512,41
gemma3_1b,tb_tie,43,ifeval,combination:two_responses,58.3333,24
gemma3_1b,tb_tie,43,ifeval,detectable_content:number_placeholders,81.4815,27
gemma3_1b,tb_tie,43,ifeval,detectable_content:postscript,76.9231,26
gemma3_1b,tb_tie,43,ifeval,detectable_format:constrained_response,100,10
gemma3_1b,tb_tie,43,ifeval,detectable_format:json_format,82.3529,17
gemma3_1b,tb_tie,43,ifeval,detectable_format:multiple_sections,92.8571,14
gemma3_1b,tb_tie,43,ifeval,detectable_format:number_bullet_lists,64.5161,31
gemma3_1b,tb_tie,43,ifeval,detectable_format:number_highlighted_sections,85.4167,48
gemma3_1b,tb_tie,43,ifeval,detectable_format:title,100,37
gemma3_1b,tb_tie,43,ifeval,keywords:existence,82.0513,39
gemma3_1b,tb_tie,43,ifeval,keywords:forbidden_words,81.6327,49
gemma3_1b,tb_tie,43,ifeval,keywords:frequency,76.1905,42
gemma3_1b,tb_tie,43,ifeval,keywords:letter_frequency,60.6061,33
gemma3_1b,tb_tie,43,ifeval,language:response_language,54.8387,31
gemma3_1b,tb_tie,43,ifeval,length_constraints:nth_paragraph_first_word,41.6667,12
gemma3_1b,tb_tie,43,ifeval,length_constraints:number_paragraphs,70.3704,27
gemma3_1b,tb_tie,43,ifeval,length_constraints:number_sentences,71.1538,52
gemma3_1b,tb_tie,43,ifeval,length_constraints:number_words,76.9231,52
gemma3_1b,tb_tie,43,ifeval,punctuation:no_comma,80.303,66
gemma3_1b,tb_tie,43,ifeval,startend:end_checker,84.6154,26
gemma3_1b,tb_tie,43,ifeval,startend:quotation,53.6585,41
gemma3_1b,tb_tie,43,mdp500,change_case:capital_word_frequency,44.6154,65
gemma3_1b,tb_tie,43,mdp500,change_case:english_capital,4.4118,68
gemma3_1b,tb_tie,43,mdp500,change_case:english_lowercase,29.4872,78
gemma3_1b,tb_tie,43,mdp500,combination:repeat_prompt,13.0435,23
gemma3_1b,tb_tie,43,mdp500,combination:two_responses,37.5,24
gemma3_1b,tb_tie,43,mdp500,detectable_content:number_placeholders,65.1163,86
gemma3_1b,tb_tie,43,mdp500,detectable_content:postscript,89.4118,85
gemma3_1b,tb_tie,43,mdp500,detectable_format:constrained_response,100,16
gemma3_1b,tb_tie,43,mdp500,detectable_format:json_format,76.0,25
gemma3_1b,tb_tie,43,mdp500,detectable_format:multiple_sections,71.4286,63
gemma3_1b,tb_tie,43,mdp500,detectable_format:number_bullet_lists,71.4286,98
gemma3_1b,tb_tie,43,mdp500,detectable_format:number_highlighted_sections,70.8333,72
gemma3_1b,tb_tie,43,mdp500,detectable_format:title,73.6264,91
gemma3_1b,tb_tie,43,mdp500,detectable_format:xml_format,69.5652,23
gemma3_1b,tb_tie,43,mdp500,keywords:existence,94.7917,96
gemma3_1b,tb_tie,43,mdp500,keywords:forbidden_words,83.4951,103
gemma3_1b,tb_tie,43,mdp500,keywords:frequency,65.7895,76
gemma3_1b,tb_tie,43,mdp500,keywords:letter_frequency,36.4706,85
gemma3_1b,tb_tie,43,mdp500,language:response_language,60.7143,56
gemma3_1b,tb_tie,43,mdp500,length_constraints:nth_paragraph_first_word,11.5385,78
gemma3_1b,tb_tie,43,mdp500,length_constraints:number_paragraphs,60.3448,58
gemma3_1b,tb_tie,43,mdp500,length_constraints:number_sentences,59.5238,84
gemma3_1b,tb_tie,43,mdp500,length_constraints:number_words,55.4348,92
gemma3_1b,tb_tie,43,mdp500,punctuation:no_comma,71.134,97
gemma3_1b,tb_tie,43,mdp500,startend:end_checker,90.6667,75
gemma3_1b,tb_tie,43,mdp500,startend:quotation,56.7568,74
gemma3_1b,tb_tie,44,assembled500,change_case:capital_word_frequency,58.6538,104
gemma3_1b,tb_tie,44,assembled500,change_case:english_capital,7.5,80
gemma3_1b,tb_tie,44,assembled500,change_case:english_lowercase,77.027,74
gemma3_1b,tb_tie,44,assembled500,combination:repeat_prompt,0,71
gemma3_1b,tb_tie,44,assembled500,combination:two_responses,80.7692,26
gemma3_1b,tb_tie,44,assembled500,detectable_content:number_placeholders,82.0513,78
gemma3_1b,tb_tie,44,assembled500,detectable_content:postscript,96.6667,60
gemma3_1b,tb_tie,44,assembled500,detectable_format:constrained_response,100,1
gemma3_1b,tb_tie,44,assembled500,detectable_format:json_format,72.2222,36
gemma3_1b,tb_tie,44,assembled500,detectable_format:multiple_sections,82.0896,67
gemma3_1b,tb_tie,44,assembled500,detectable_format:number_bullet_lists,57.8947,57
gemma3_1b,tb_tie,44,assembled500,detectable_format:number_highlighted_sections,93.0556,72
gemma3_1b,tb_tie,44,assembled500,detectable_format:title,95.5882,68
gemma3_1b,tb_tie,44,assembled500,detectable_format:xml_format,71.4286,35
gemma3_1b,tb_tie,44,assembled500,keywords:existence,69.2308,91
gemma3_1b,tb_tie,44,assembled500,keywords:forbidden_words,100,91
gemma3_1b,tb_tie,44,assembled500,keywords:frequency,69.3878,98
gemma3_1b,tb_tie,44,assembled500,keywords:letter_frequency,37.931,87
gemma3_1b,tb_tie,44,assembled500,language:response_language,88.2353,51
gemma3_1b,tb_tie,44,assembled500,length_constraints:nth_paragraph_first_word,1.6393,61
gemma3_1b,tb_tie,44,assembled500,length_constraints:number_paragraphs,56.7164,67
gemma3_1b,tb_tie,44,assembled500,length_constraints:number_sentences,53.271,107
gemma3_1b,tb_tie,44,assembled500,length_constraints:number_words,65.3061,98
gemma3_1b,tb_tie,44,assembled500,punctuation:no_comma,91.1111,90
gemma3_1b,tb_tie,44,assembled500,startend:end_checker,78.7611,113
gemma3_1b,tb_tie,44,assembled500,startend:quotation,73.6842,38
gemma3_1b,tb_tie,44,ifeval,change_case:capital_word_frequency,80.0,25
gemma3_1b,tb_tie,44,ifeval,change_case:english_capital,20.0,25
gemma3_1b,tb_tie,44,ifeval,change_case:english_lowercase,69.2308,39
gemma3_1b,tb_tie,44,ifeval,combination:repeat_prompt,29.2683,41
gemma3_1b,tb_tie,44,ifeval,combination:two_responses,66.6667,24
gemma3_1b,tb_tie,44,ifeval,detectable_content:number_placeholders,74.0741,27
gemma3_1b,tb_tie,44,ifeval,detectable_content:postscript,84.6154,26
gemma3_1b,tb_tie,44,ifeval,detectable_format:constrained_response,100,10
gemma3_1b,tb_tie,44,ifeval,detectable_format:json_format,82.3529,17
gemma3_1b,tb_tie,44,ifeval,detectable_format:multiple_sections,92.8571,14
gemma3_1b,tb_tie,44,ifeval,detectable_format:number_bullet_lists,45.1613,31
gemma3_1b,tb_tie,44,ifeval,detectable_format:number_highlighted_sections,93.75,48
gemma3_1b,tb_tie,44,ifeval,detectable_format:title,100,37
gemma3_1b,tb_tie,44,ifeval,keywords:existence,87.1795,39
gemma3_1b,tb_tie,44,ifeval,keywords:forbidden_words,83.6735,49
gemma3_1b,tb_tie,44,ifeval,keywords:frequency,73.8095,42
gemma3_1b,tb_tie,44,ifeval,keywords:letter_frequency,60.6061,33
gemma3_1b,tb_tie,44,ifeval,language:response_language,58.0645,31
gemma3_1b,tb_tie,44,ifeval,length_constraints:nth_paragraph_first_word,33.3333,12
gemma3_1b,tb_tie,44,ifeval,length_constraints:number_paragraphs,55.5556,27
gemma3_1b,tb_tie,44,ifeval,length_constraints:number_sentences,75.0,52
gemma3_1b,tb_tie,44,ifeval,length_constraints:number_words,73.0769,52
gemma3_1b,tb_tie,44,ifeval,punctuation:no_comma,80.303,66
gemma3_1b,tb_tie,44,ifeval,startend:end_checker,92.3077,26
gemma3_1b,tb_tie,44,ifeval,startend:quotation,46.3415,41
gemma3_1b,tb_tie,44,mdp500,change_case:capital_word_frequency,47.6923,65
gemma3_1b,tb_tie,44,mdp500,change_case:english_capital,7.3529,68
gemma3_1b,tb_tie,44,mdp500,change_case:english_lowercase,33.3333,78
gemma3_1b,tb_tie,44,mdp500,combination:repeat_prompt,8.6957,23
gemma3_1b,tb_tie,44,mdp500,combination:two_responses,50.0,24
gemma3_1b,tb_tie,44,mdp500,detectable_content:number_placeholders,59.3023,86
gemma3_1b,tb_tie,44,mdp500,detectable_content:postscript,91.7647,85
gemma3_1b,tb_tie,44,mdp500,detectable_format:constrained_response,100,16
gemma3_1b,tb_tie,44,mdp500,detectable_format:json_format,84.0,25
gemma3_1b,tb_tie,44,mdp500,detectable_format:multiple_sections,69.8413,63
gemma3_1b,tb_tie,44,mdp500,detectable_format:number_bullet_lists,64.2857,98
gemma3_1b,tb_tie,44,mdp500,detectable_format:number_highlighted_sections,83.3333,72
gemma3_1b,tb_tie,44,mdp500,detectable_format:title,73.6264,91
gemma3_1b,tb_tie,44,mdp500,detectable_format:xml_format,60.8696,23
gemma3_1b,tb_tie,44,mdp500,keywords:existence,89.5833,96
gemma3_1b,tb_tie,44,mdp500,keywords:forbidden_words,81.5534,103
gemma3_1b,tb_tie,44,mdp500,keywords:frequency,64.4737,76
gemma3_1b,tb_tie,44,mdp500,keywords:letter_frequency,34.1176,85
gemma3_1b,tb_tie,44,mdp500,language:response_language,62.5,56
gemma3_1b,tb_tie,44,mdp500,length_constraints:nth_paragraph_first_word,14.1026,78
gemma3_1b,tb_tie,44,mdp500,length_constraints:number_paragraphs,51.7241,58
gemma3_1b,tb_tie,44,mdp500,length_constraints:number_sentences,48.8095,84
gemma3_1b,tb_tie,44,mdp500,length_constraints:number_words,52.1739,92
gemma3_1b,tb_tie,44,mdp500,punctuation:no_comma,79.3814,97
gemma3_1b,tb_tie,44,mdp500,startend:end_checker,92.0,75
gemma3_1b,tb_tie,44,mdp500,startend:quotation,62.1622,74
gemma3_1b,tb_tie,45,assembled500,change_case:capital_word_frequency,57.6923,104
gemma3_1b,tb_tie,45,assembled500,change_case:english_capital,6.25,80
gemma3_1b,tb_tie,45,assembled500,change_case:english_lowercase,75.6757,74
gemma3_1b,tb_tie,45,assembled500,combination:repeat_prompt,0,71
gemma3_1b,tb_tie,45,assembled500,combination:two_responses,61.5385,26
gemma3_1b,tb_tie,45,assembled500,detectable_content:number_placeholders,85.8974,78
gemma3_1b,tb_tie,45,assembled500,detectable_content:postscript,100,60
gemma3_1b,tb_tie,45,assembled500,detectable_format:constrained_response,100,1
gemma3_1b,tb_tie,45,assembled500,detectable_format:json_format,83.3333,36
gemma3_1b,tb_tie,45,assembled500,detectable_format:multiple_sections,79.1045,67
gemma3_1b,tb_tie,45,assembled500,detectable_format:number_bullet_lists,50.8772,57
gemma3_1b,tb_tie,45,assembled500,detectable_format:number_highlighted_sections,87.5,72
gemma3_1b,tb_tie,45,assembled500,detectable_format:title,94.1176,68
gemma3_1b,tb_tie,45,assembled500,detectable_format:xml_format,68.5714,35
gemma3_1b,tb_tie,45,assembled500,keywords:existence,68.1319,91
gemma3_1b,tb_tie,45,assembled500,keywords:forbidden_words,100,91
gemma3_1b,tb_tie,45,assembled500,keywords:frequency,64.2857,98
gemma3_1b,tb_tie,45,assembled500,keywords:letter_frequency,40.2299,87
gemma3_1b,tb_tie,45,assembled500,language:response_language,86.2745,51
gemma3_1b,tb_tie,45,assembled500,length_constraints:nth_paragraph_first_word,1.6393,61
gemma3_1b,tb_tie,45,assembled500,length_constraints:number_paragraphs,58.209,67
gemma3_1b,tb_tie,45,assembled500,length_constraints:number_sentences,57.9439,107
gemma3_1b,tb_tie,45,assembled500,length_constraints:number_words,66.3265,98
gemma3_1b,tb_tie,45,assembled500,punctuation:no_comma,86.6667,90
gemma3_1b,tb_tie,45,assembled500,startend:end_checker,72.5664,113
gemma3_1b,tb_tie,45,assembled500,startend:quotation,57.8947,38
gemma3_1b,tb_tie,45,ifeval,change_case:capital_word_frequency,84.0,25
gemma3_1b,tb_tie,45,ifeval,change_case:english_capital,16.0,25
gemma3_1b,tb_tie,45,ifeval,change_case:english_lowercase,71.7949,39
gemma3_1b,tb_tie,45,ifeval,combination:repeat_prompt,24.3902,41
gemma3_1b,tb_tie,45,ifeval,combination:two_responses,79.1667,24
gemma3_1b,tb_tie,45,ifeval,detectable_content:number_placeholders,81.4815,27
gemma3_1b,tb_tie,45,ifeval,detectable_content:postscript,80.7692,26
gemma3_1b,tb_tie,45,ifeval,detectable_format:constrained_response,100,10
gemma3_1b,tb_tie,45,ifeval,detectable_format:json_format,76.4706,17
gemma3_1b,tb_tie,45,ifeval,detectable_format:multiple_sections,92.8571,14
gemma3_1b,tb_tie,45,ifeval,detectable_format:number_bullet_lists,51.6129,31
gemma3_1b,tb_tie,45,ifeval,detectable_format:number_highlighted_sections,93.75,48
gemma3_1b,tb_tie,45,ifeval,detectable_format:title,97.2973,37
gemma3_1b,tb_tie,45,ifeval,keywords:existence,82.0513,39
gemma3_1b,tb_tie,45,ifeval,keywords:forbidden_words,81.6327,49
gemma3_1b,tb_tie,45,ifeval,keywords:frequency,83.3333,42
gemma3_1b,tb_tie,45,ifeval,keywords:letter_frequency,63.6364,33
gemma3_1b,tb_tie,45,ifeval,language:response_language,54.8387,31
gemma3_1b,tb_tie,45,ifeval,length_constraints:nth_paragraph_first_word,50.0,12
gemma3_1b,tb_tie,45,ifeval,length_constraints:number_paragraphs,66.6667,27
gemma3_1b,tb_tie,45,ifeval,length_constraints:number_sentences,73.0769,52
gemma3_1b,tb_tie,45,ifeval,length_constraints:number_words,73.0769,52
gemma3_1b,tb_tie,45,ifeval,punctuation:no_comma,75.7576,66
gemma3_1b,tb_tie,45,ifeval,startend:end_checker,80.7692,26
gemma3_1b,tb_tie,45,ifeval,startend:quotation,56.0976,41
gemma3_1b,tb_tie,45,mdp500,change_case:capital_word_frequency,41.5385,65
gemma3_1b,tb_tie,45,mdp500,change_case:english_capital,7.3529,68
gemma3_1b,tb_tie,45,mdp500,change_case:english_lowercase,32.0513,78
gemma3_1b,tb_tie,45,mdp500,combination:repeat_prompt,8.6957,23
gemma3_1b,tb_tie,45,mdp500,combination:two_responses,54.1667,24
gemma3_1b,tb_tie,45,mdp500,detectable_content:number_placeholders,61.6279,86
gemma3_1b,tb_tie,45,mdp500,detectable_content:postscript,92.9412,85
gemma3_1b,tb_tie,45,mdp500,detectable_format:constrained_response,93.75,16
gemma3_1b,tb_tie,45,mdp500,detectable_format:json_format,80.0,25
gemma3_1b,tb_tie,45,mdp500,detectable_format:multiple_sections,66.6667,63
gemma3_1b,tb_tie,45,mdp500,detectable_format:number_bullet_lists,70.4082,98
gemma3_1b,tb_tie,45,mdp500,detectable_format:number_highlighted_sections,81.9444,72
gemma3_1b,tb_tie,45,mdp500,detectable_format:title,69.2308,91
gemma3_1b,tb_tie,45,mdp500,detectable_format:xml_format,69.5652,23
gemma3_1b,tb_tie,45,mdp500,keywords:existence,89.5833,96
gemma3_1b,tb_tie,45,mdp500,keywords:forbidden_words,85.4369,103
gemma3_1b,tb_tie,45,mdp500,keywords:frequency,61.8421,76
gemma3_1b,tb_tie,45,mdp500,keywords:letter_frequency,34.1176,85
gemma3_1b,tb_tie,45,mdp500,language:response_language,64.2857,56
gemma3_1b,tb_tie,45,mdp500,length_constraints:nth_paragraph_first_word,11.5385,78
gemma3_1b,tb_tie,45,mdp500,length_constraints:number_paragraphs,55.1724,58
gemma3_1b,tb_tie,45,mdp500,length_constraints:number_sentences,53.5714,84
gemma3_1b,tb_tie,45,mdp500,length_constraints:number_words,53.2609,92
gemma3_1b,tb_tie,45,mdp500,punctuation:no_comma,71.134,97
gemma3_1b,tb_tie,45,mdp500,startend:end_checker,93.3333,75
gemma3_1b,tb_tie,45,mdp500,startend:quotation,60.8108,74
gemma3_1b,tb_tie,46,assembled500,change_case:capital_word_frequency,57.6923,104
gemma3_1b,tb_tie,46,assembled500,change_case:english_capital,3.75,80
gemma3_1b,tb_tie,46,assembled500,change_case:english_lowercase,62.1622,74
gemma3_1b,tb_tie,46,assembled500,combination:repeat_prompt,0,71
gemma3_1b,tb_tie,46,assembled500,combination:two_responses,76.9231,26
gemma3_1b,tb_tie,46,assembled500,detectable_content:number_placeholders,80.7692,78
gemma3_1b,tb_tie,46,assembled500,detectable_content:postscript,91.6667,60
gemma3_1b,tb_tie,46,assembled500,detectable_format:constrained_response,100,1
gemma3_1b,tb_tie,46,assembled500,detectable_format:json_format,75.0,36
gemma3_1b,tb_tie,46,assembled500,detectable_format:multiple_sections,88.0597,67
gemma3_1b,tb_tie,46,assembled500,detectable_format:number_bullet_lists,54.386,57
gemma3_1b,tb_tie,46,assembled500,detectable_format:number_highlighted_sections,86.1111,72
gemma3_1b,tb_tie,46,assembled500,detectable_format:title,92.6471,68
gemma3_1b,tb_tie,46,assembled500,detectable_format:xml_format,77.1429,35
gemma3_1b,tb_tie,46,assembled500,keywords:existence,69.2308,91
gemma3_1b,tb_tie,46,assembled500,keywords:forbidden_words,100,91
gemma3_1b,tb_tie,46,assembled500,keywords:frequency,65.3061,98
gemma3_1b,tb_tie,46,assembled500,keywords:letter_frequency,39.0805,87
gemma3_1b,tb_tie,46,assembled500,language:response_language,76.4706,51
gemma3_1b,tb_tie,46,assembled500,length_constraints:nth_paragraph_first_word,4.918,61
gemma3_1b,tb_tie,46,assembled500,length_constraints:number_paragraphs,62.6866,67
gemma3_1b,tb_tie,46,assembled500,length_constraints:number_sentences,54.2056,107
gemma3_1b,tb_tie,46,assembled500,length_constraints:number_words,68.3673,98
gemma3_1b,tb_tie,46,assembled500,punctuation:no_comma,90.0,90
gemma3_1b,tb_tie,46,assembled500,startend:end_checker,78.7611,113
gemma3_1b,tb_tie,46,assembled500,startend:quotation,57.8947,38
gemma3_1b,tb_tie,46,ifeval,change_case:capital_word_frequency,72.0,25
gemma3_1b,tb_tie,46,ifeval,change_case:english_capital,0,25
gemma3_1b,tb_tie,46,ifeval,change_case:english_lowercase,56.4103,39
gemma3_1b,tb_tie,46,ifeval,combination:repeat_prompt,24.3902,41
gemma3_1b,tb_tie,46,ifeval,combination:two_responses,66.6667,24
gemma3_1b,tb_tie,46,ifeval,detectable_content:number_placeholders,81.4815,27
gemma3_1b,tb_tie,46,ifeval,detectable_content:postscript,80.7692,26
gemma3_1b,tb_tie,46,ifeval,detectable_format:constrained_response,100,10
gemma3_1b,tb_tie,46,ifeval,detectable_format:json_format,82.3529,17
gemma3_1b,tb_tie,46,ifeval,detectable_format:multiple_sections,92.8571,14
gemma3_1b,tb_tie,46,ifeval,detectable_format:number_bullet_lists,51.6129,31
gemma3_1b,tb_tie,46,ifeval,detectable_format:number_highlighted_sections,87.5,48
gemma3_1b,tb_tie,46,ifeval,detectable_format:title,100,37
gemma3_1b,tb_tie,46,ifeval,keywords:existence,82.0513,39
gemma3_1b,tb_tie,46,ifeval,keywords:forbidden_words,81.6327,49
gemma3_1b,tb_tie,46,ifeval,keywords:frequency,66.6667,42
gemma3_1b,tb_tie,46,ifeval,keywords:letter_frequency,60.6061,33
gemma3_1b,tb_tie,46,ifeval,language:response_language,58.0645,31
gemma3_1b,tb_tie,46,ifeval,length_constraints:nth_paragraph_first_word,41.6667,12
gemma3_1b,tb_tie,46,ifeval,length_constraints:number_paragraphs,77.7778,27
gemma3_1b,tb_tie,46,ifeval,length_constraints:number_sentences,75.0,52
gemma3_1b,tb_tie,46,ifeval,length_constraints:number_words,73.0769,52
gemma3_1b,tb_tie,46,ifeval,punctuation:no_comma,84.8485,66
gemma3_1b,tb_tie,46,ifeval,startend:end_checker,80.7692,26
gemma3_1b,tb_tie,46,ifeval,startend:quotation,51.2195,41
gemma3_1b,tb_tie,46,mdp500,change_case:capital_word_frequency,52.3077,65
gemma3_1b,tb_tie,46,mdp500,change_case:english_capital,1.4706,68
gemma3_1b,tb_tie,46,mdp500,change_case:english_lowercase,30.7692,78
gemma3_1b,tb_tie,46,mdp500,combination:repeat_prompt,13.0435,23
gemma3_1b,tb_tie,46,mdp500,combination:two_responses,54.1667,24
gemma3_1b,tb_tie,46,mdp500,detectable_content:number_placeholders,60.4651,86
gemma3_1b,tb_tie,46,mdp500,detectable_content:postscript,90.5882,85
gemma3_1b,tb_tie,46,mdp500,detectable_format:constrained_response,100,16
gemma3_1b,tb_tie,46,mdp500,detectable_format:json_format,88.0,25
gemma3_1b,tb_tie,46,mdp500,detectable_format:multiple_sections,74.6032,63
gemma3_1b,tb_tie,46,mdp500,detectable_format:number_bullet_lists,63.2653,98
gemma3_1b,tb_tie,46,mdp500,detectable_format:number_highlighted_sections,80.5556,72
gemma3_1b,tb_tie,46,mdp500,detectable_format:title,71.4286,91
gemma3_1b,tb_tie,46,mdp500,detectable_format:xml_format,69.5652,23
gemma3_1b,tb_tie,46,mdp500,keywords:existence,94.7917,96
gemma3_1b,tb_tie,46,mdp500,keywords:forbidden_words,82.5243,103
gemma3_1b,tb_tie,46,mdp500,keywords:frequency,63.1579,76
gemma3_1b,tb_tie,46,mdp500,keywords:letter_frequency,32.9412,85
gemma3_1b,tb_tie,46,mdp500,language:response_language,64.2857,56
gemma3_1b,tb_tie,46,mdp500,length_constraints:nth_paragraph_first_word,16.6667,78
gemma3_1b,tb_tie,46,mdp500,length_constraints:number_paragraphs,55.1724,58
gemma3_1b,tb_tie,46,mdp500,length_constraints:number_sentences,54.7619,84
gemma3_1b,tb_tie,46,mdp500,length_constraints:number_words,54.3478,92
gemma3_1b,tb_tie,46,mdp500,punctuation:no_comma,73.1959,97
gemma3_1b,tb_tie,46,mdp500,startend:end_checker,94.6667,75
gemma3_1b,tb_tie,46,mdp500,startend:quotation,55.4054,74
llama,da_half,42,assembled500,change_case:capital_word_frequency,50.0,104
llama,da_half,42,assembled500,change_case:english_capital,46.25,80
llama,da_half,42,assembled500,change_case:english_lowercase,83.7838,74
llama,da_half,42,assembled500,combination:repeat_prompt,0,71
llama,da_half,42,assembled500,combination:two_responses,57.6923,26
llama,da_half,42,assembled500,detectable_content:number_placeholders,88.4615,78
llama,da_half,42,assembled500,detectable_content:postscript,95.0,60
llama,da_half,42,assembled500,detectable_format:constrained_response,100,1
llama,da_half,42,assembled500,detectable_format:json_format,47.2222,36
llama,da_half,42,assembled500,detectable_format:multiple_sections,85.0746,67
llama,da_half,42,assembled500,detectable_format:number_bullet_lists,59.6491,57
llama,da_half,42,assembled500,detectable_format:number_highlighted_sections,94.4444,72
llama,da_half,42,assembled500,detectable_format:title,94.1176,68
llama,da_half,42,assembled500,detectable_format:xml_format,37.1429,35
llama,da_half,42,assembled500,keywords:existence,78.022,91
llama,da_half,42,assembled500,keywords:forbidden_words,97.8022,91
llama,da_half,42,assembled500,keywords:frequency,76.5306,98
llama,da_half,42,assembled500,keywords:letter_frequency,42.5287,87
llama,da_half,42,assembled500,language:response_language,92.1569,51
llama,da_half,42,assembled500,length_constraints:nth_paragraph_first_word,18.0328,61
llama,da_half,42,assembled500,length_constraints:number_paragraphs,46.2687,67
llama,da_half,42,assembled500,length_constraints:number_sentences,52.3364,107
llama,da_half,42,assembled500,length_constraints:number_words,57.1429,98
llama,da_half,42,assembled500,punctuation:no_comma,95.5556,90
llama,da_half,42,assembled500,startend:end_checker,75.2212,113
llama,da_half,42,assembled500,startend:quotation,65.7895,38
llama,da_half,42,ifeval,change_case:capital_word_frequency,80.0,25
llama,da_half,42,ifeval,change_case:english_capital,60.0,25
llama,da_half,42,ifeval,change_case:english_lowercase,89.7436,39
llama,da_half,42,ifeval,combination:repeat_prompt,26.8293,41
llama,da_half,42,ifeval,combination:two_responses,79.1667,24
llama,da_half,42,ifeval,detectable_content:number_placeholders,88.8889,27
llama,da_half,42,ifeval,detectable_content:postscript,96.1538,26
llama,da_half,42,ifeval,detectable_format:constrained_response,100,10
llama,da_half,42,ifeval,detectable_format:json_format,35.2941,17
llama,da_half,42,ifeval,detectable_format:multiple_sections,71.4286,14
llama,da_half,42,ifeval,detectable_format:number_bullet_lists,83.871,31
llama,da_half,42,ifeval,detectable_format:number_highlighted_sections,93.75,48
llama,da_half,42,ifeval,detectable_format:title,86.4865,37
llama,da_half,42,ifeval,keywords:existence,76.9231,39
llama,da_half,42,ifeval,keywords:forbidden_words,81.6327,49
llama,da_half,42,ifeval,keywords:frequency,73.8095,42
llama,da_half,42,ifeval,keywords:letter_frequency,60.6061,33
llama,da_half,42,ifeval,language:response_language,93.5484,31
llama,da_half,42,ifeval,length_constraints:nth_paragraph_first_word,58.3333,12
llama,da_half,42,ifeval,length_constraints:number_paragraphs,55.5556,27
llama,da_half,42,ifeval,length_constraints:number_sentences,59.6154,52
llama,da_half,42,ifeval,length_constraints:number_words,67.3077,52
llama,da_half,42,ifeval,punctuation:no_comma,95.4545,66
llama,da_half,42,ifeval,startend:end_checker,88.4615,26
llama,da_half,42,ifeval,startend:quotation,92.6829,41
llama,da_half,42,mdp500,change_case:capital_word_frequency,40.0,65
llama,da_half,42,mdp500,change_case:english_capital,50.0,68
llama,da_half,42,mdp500,change_case:english_lowercase,75.641,78
llama,da_half,42,mdp500,combination:repeat_prompt,13.0435,23
llama,da_half,42,mdp500,combination:two_responses,41.6667,24
llama,da_half,42,mdp500,detectable_content:number_placeholders,70.9302,86
llama,da_half,42,mdp500,detectable_content:postscript,96.4706,85
llama,da_half,42,mdp500,detectable_format:constrained_response,81.25,16
llama,da_half,42,mdp500,detectable_format:json_format,44.0,25
llama,da_half,42,mdp500,detectable_format:multiple_sections,58.7302,63
llama,da_half,42,mdp500,detectable_format:number_bullet_lists,64.2857,98
llama,da_half,42,mdp500,detectable_format:number_highlighted_sections,88.8889,72
llama,da_half,42,mdp500,detectable_format:title,72.5275,91
llama,da_half,42,mdp500,detectable_format:xml_format,39.1304,23
llama,da_half,42,mdp500,keywords:existence,92.7083,96
llama,da_half,42,mdp500,keywords:forbidden_words,88.3495,103
llama,da_half,42,mdp500,keywords:frequency,60.5263,76
llama,da_half,42,mdp500,keywords:letter_frequency,36.4706,85
llama,da_half,42,mdp500,language:response_language,67.8571,56
llama,da_half,42,mdp500,length_constraints:nth_paragraph_first_word,20.5128,78
llama,da_half,42,mdp500,length_constraints:number_paragraphs,24.1379,58
llama,da_half,42,mdp500,length_constraints:number_sentences,60.7143,84
llama,da_half,42,mdp500,length_constraints:number_words,51.087,92
llama,da_half,42,mdp500,punctuation:no_comma,85.567,97
llama,da_half,42,mdp500,startend:end_checker,68.0,75
llama,da_half,42,mdp500,startend:quotation,68.9189,74
llama,da_half,43,assembled500,change_case:capital_word_frequency,53.8462,104
llama,da_half,43,assembled500,change_case:english_capital,47.5,80
llama,da_half,43,assembled500,change_case:english_lowercase,81.0811,74
llama,da_half,43,assembled500,combination:repeat_prompt,0,71
llama,da_half,43,assembled500,combination:two_responses,57.6923,26
llama,da_half,43,assembled500,detectable_content:number_placeholders,87.1795,78
llama,da_half,43,assembled500,detectable_content:postscript,98.3333,60
llama,da_half,43,assembled500,detectable_format:constrained_response,100,1
llama,da_half,43,assembled500,detectable_format:json_format,50.0,36
llama,da_half,43,assembled500,detectable_format:multiple_sections,82.0896,67
llama,da_half,43,assembled500,detectable_format:number_bullet_lists,64.9123,57
llama,da_half,43,assembled500,detectable_format:number_highlighted_sections,87.5,72
llama,da_half,43,assembled500,detectable_format:title,97.0588,68
llama,da_half,43,assembled500,detectable_format:xml_format,22.8571,35
llama,da_half,43,assembled500,keywords:existence,78.022,91
llama,da_half,43,assembled500,keywords:forbidden_words,96.7033,91
llama,da_half,43,assembled500,keywords:frequency,74.4898,98
llama,da_half,43,assembled500,keywords:letter_frequency,42.5287,87
llama,da_half,43,assembled500,language:response_language,92.1569,51
llama,da_half,43,assembled500,length_constraints:nth_paragraph_first_word,22.9508,61
llama,da_half,43,assembled500,length_constraints:number_paragraphs,43.2836,67
llama,da_half,43,assembled500,length_constraints:number_sentences,50.4673,107
llama,da_half,43,assembled500,length_constraints:number_words,57.1429,98
llama,da_half,43,assembled500,punctuation:no_comma,96.6667,90
llama,da_half,43,assembled500,startend:end_checker,76.9912,113
llama,da_half,43,assembled500,startend:quotation,68.4211,38
llama,da_half,43,ifeval,change_case:capital_word_frequency,76.0,25
llama,da_half,43,ifeval,change_case:english_capital,64.0,25
llama,da_half,43,ifeval,change_case:english_lowercase,79.4872,39
llama,da_half,43,ifeval,combination:repeat_prompt,36.5854,41
llama,da_half,43,ifeval,combination:two_responses,66.6667,24
llama,da_half,43,ifeval,detectable_content:number_placeholders,96.2963,27
llama,da_half,43,ifeval,detectable_content:postscript,96.1538,26
llama,da_half,43,ifeval,detectable_format:constrained_response,100,10
llama,da_half,43,ifeval,detectable_format:json_format,58.8235,17
llama,da_half,43,ifeval,detectable_format:multiple_sections,71.4286,14
llama,da_half,43,ifeval,detectable_format:number_bullet_lists,80.6452,31
llama,da_half,43,ifeval,detectable_format:number_highlighted_sections,93.75,48
llama,da_half,43,ifeval,detectable_format:title,91.8919,37
llama,da_half,43,ifeval,keywords:existence,76.9231,39
llama,da_half,43,ifeval,keywords:forbidden_words,73.4694,49
llama,da_half,43,ifeval,keywords:frequency,76.1905,42
llama,da_half,43,ifeval,keywords:letter_frequency,66.6667,33
llama,da_half,43,ifeval,language:response_language,90.3226,31
llama,da_half,43,ifeval,length_constraints:nth_paragraph_first_word,58.3333,12
llama,da_half,43,ifeval,length_constraints:number_paragraphs,59.2593,27
llama,da_half,43,ifeval,length_constraints:number_sentences,65.3846,52
llama,da_half,43,ifeval,length_constraints:number_words,65.3846,52
llama,da_half,43,ifeval,punctuation:no_comma,93.9394,66
llama,da_half,43,ifeval,startend:end_checker,88.4615,26
llama,da_half,43,ifeval,startend:quotation,90.2439,41
llama,da_half,43,mdp500,change_case:capital_word_frequency,41.5385,65
llama,da_half,43,mdp500,change_case:english_capital,47.0588,68
llama,da_half,43,mdp500,change_case:english_lowercase,71.7949,78
llama,da_half,43,mdp500,combination:repeat_prompt,17.3913,23
llama,da_half,43,mdp500,combination:two_responses,29.1667,24
llama,da_half,43,mdp500,detectable_content:number_placeholders,66.2791,86
llama,da_half,43,mdp500,detectable_content:postscript,96.4706,85
llama,da_half,43,mdp500,detectable_format:constrained_response,81.25,16
llama,da_half,43,mdp500,detectable_format:json_format,48.0,25
llama,da_half,43,mdp500,detectable_format:multiple_sections,55.5556,63
llama,da_half,43,mdp500,detectable_format:number_bullet_lists,62.2449,98
llama,da_half,43,mdp500,detectable_format:number_highlighted_sections,87.5,72
llama,da_half,43,mdp500,detectable_format:title,71.4286,91
llama,da_half,43,mdp500,detectable_format:xml_format,30.4348,23
llama,da_half,43,mdp500,keywords:existence,91.6667,96
llama,da_half,43,mdp500,keywords:forbidden_words,89.3204,103
llama,da_half,43,mdp500,keywords:frequency,71.0526,76
llama,da_half,43,mdp500,keywords:letter_frequency,37.6471,85
llama,da_half,43,mdp500,language:response_language,71.4286,56
llama,da_half,43,mdp500,length_constraints:nth_paragraph_first_word,19.2308,78
llama,da_half,43,mdp500,length_constraints:number_paragraphs,36.2069,58
llama,da_half,43,mdp500,length_constraints:number_sentences,59.5238,84
llama,da_half,43,mdp500,length_constraints:number_words,51.087,92
llama,da_half,43,mdp500,punctuation:no_comma,86.5979,97
llama,da_half,43,mdp500,startend:end_checker,76.0,75
llama,da_half,43,mdp500,startend:quotation,78.3784,74
llama,da_half,44,assembled500,change_case:capital_word_frequency,50.0,104
llama,da_half,44,assembled500,change_case:english_capital,52.5,80
llama,da_half,44,assembled500,change_case:english_lowercase,85.1351,74
llama,da_half,44,assembled500,combination:repeat_prompt,0,71
llama,da_half,44,assembled500,combination:two_responses,80.7692,26
llama,da_half,44,assembled500,detectable_content:number_placeholders,89.7436,78
llama,da_half,44,assembled500,detectable_content:postscript,95.0,60
llama,da_half,44,assembled500,detectable_format:constrained_response,100,1
llama,da_half,44,assembled500,detectable_format:json_format,44.4444,36
llama,da_half,44,assembled500,detectable_format:multiple_sections,85.0746,67
llama,da_half,44,assembled500,detectable_format:number_bullet_lists,66.6667,57
llama,da_half,44,assembled500,detectable_format:number_highlighted_sections,91.6667,72
llama,da_half,44,assembled500,detectable_format:title,97.0588,68
llama,da_half,44,assembled500,detectable_format:xml_format,17.1429,35
llama,da_half,44,assembled500,keywords:existence,75.8242,91
llama,da_half,44,assembled500,keywords:forbidden_words,100,91
llama,da_half,44,assembled500,keywords:frequency,74.4898,98
llama,da_half,44,assembled500,keywords:letter_frequency,43.6782,87
llama,da_half,44,assembled500,language:response_language,84.3137,51
llama,da_half,44,assembled500,length_constraints:nth_paragraph_first_word,18.0328,61
llama,da_half,44,assembled500,length_constraints:number_paragraphs,44.7761,67
llama,da_half,44,assembled500,length_constraints:number_sentences,52.3364,107
llama,da_half,44,assembled500,length_constraints:number_words,61.2245,98
llama,da_half,44,assembled500,punctuation:no_comma,96.6667,90
llama,da_half,44,assembled500,startend:end_checker,73.4513,113
llama,da_half,44,assembled500,startend:quotation,71.0526,38
llama,da_half,44,ifeval,change_case:capital_word_frequency,76.0,25
llama,da_half,44,ifeval,change_case:english_capital,64.0,25
llama,da_half,44,ifeval,change_case:english_lowercase,89.7436,39
llama,da_half,44,ifeval,combination:repeat_prompt,26.8293,41
llama,da_half,44,ifeval,combination:two_responses,79.1667,24
llama,da_half,44,ifeval,detectable_content:number_placeholders,88.8889,27
llama,da_half,44,ifeval,detectable_content:postscript,92.3077,26
llama,da_half,44,ifeval,detectable_format:constrained_response,100,10
llama,da_half,44,ifeval,detectable_format:json_format,58.8235,17
llama,da_half,44,ifeval,detectable_format:multiple_sections,71.4286,14
llama,da_half,44,ifeval,detectable_format:number_bullet_lists,77.4194,31
llama,da_half,44,ifeval,detectable_format:number_highlighted_sections,91.6667,48
llama,da_half,44,ifeval,detectable_format:title,91.8919,37
llama,da_half,44,ifeval,keywords:existence,82.0513,39
llama,da_half,44,ifeval,keywords:forbidden_words,81.6327,49
llama,da_half,44,ifeval,keywords:frequency,73.8095,42
llama,da_half,44,ifeval,keywords:letter_frequency,63.6364,33
llama,da_half,44,ifeval,language:response_language,90.3226,31
llama,da_half,44,ifeval,length_constraints:nth_paragraph_first_word,58.3333,12
llama,da_half,44,ifeval,length_constraints:number_paragraphs,62.963,27
llama,da_half,44,ifeval,length_constraints:number_sentences,57.6923,52
llama,da_half,44,ifeval,length_constraints:number_words,71.1538,52
llama,da_half,44,ifeval,punctuation:no_comma,92.4242,66
llama,da_half,44,ifeval,startend:end_checker,84.6154,26
llama,da_half,44,ifeval,startend:quotation,92.6829,41
llama,da_half,44,mdp500,change_case:capital_word_frequency,38.4615,65
llama,da_half,44,mdp500,change_case:english_capital,54.4118,68
llama,da_half,44,mdp500,change_case:english_lowercase,71.7949,78
llama,da_half,44,mdp500,combination:repeat_prompt,13.0435,23
llama,da_half,44,mdp500,combination:two_responses,37.5,24
llama,da_half,44,mdp500,detectable_content:number_placeholders,73.2558,86
llama,da_half,44,mdp500,detectable_content:postscript,92.9412,85
llama,da_half,44,mdp500,detectable_format:constrained_response,75.0,16
llama,da_half,44,mdp500,detectable_format:json_format,48.0,25
llama,da_half,44,mdp500,detectable_format:multiple_sections,57.1429,63
llama,da_half,44,mdp500,detectable_format:number_bullet_lists,67.3469,98
llama,da_half,44,mdp500,detectable_format:number_highlighted_sections,88.8889,72
llama,da_half,44,mdp500,detectable_format:title,75.8242,91
llama,da_half,44,mdp500,detectable_format:xml_format,26.087,23
llama,da_half,44,mdp500,keywords:existence,92.7083,96
llama,da_half,44,mdp500,keywords:forbidden_words,86.4078,103
llama,da_half,44,mdp500,keywords:frequency,65.7895,76
llama,da_half,44,mdp500,keywords:letter_frequency,34.1176,85
llama,da_half,44,mdp500,language:response_language,69.6429,56
llama,da_half,44,mdp500,length_constraints:nth_paragraph_first_word,19.2308,78
llama,da_half,44,mdp500,length_constraints:number_paragraphs,32.7586,58
llama,da_half,44,mdp500,length_constraints:number_sentences,63.0952,84
llama,da_half,44,mdp500,length_constraints:number_words,52.1739,92
llama,da_half,44,mdp500,punctuation:no_comma,86.5979,97
llama,da_half,44,mdp500,startend:end_checker,73.3333,75
llama,da_half,44,mdp500,startend:quotation,74.3243,74
llama,grpo,42,assembled500,change_case:capital_word_frequency,52.8846,104
llama,grpo,42,assembled500,change_case:english_capital,60.0,80
llama,grpo,42,assembled500,change_case:english_lowercase,90.5405,74
llama,grpo,42,assembled500,combination:repeat_prompt,0,71
llama,grpo,42,assembled500,combination:two_responses,50.0,26
llama,grpo,42,assembled500,detectable_content:number_placeholders,78.2051,78
llama,grpo,42,assembled500,detectable_content:postscript,98.3333,60
llama,grpo,42,assembled500,detectable_format:constrained_response,100,1
llama,grpo,42,assembled500,detectable_format:json_format,50.0,36
llama,grpo,42,assembled500,detectable_format:multiple_sections,83.5821,67
llama,grpo,42,assembled500,detectable_format:number_bullet_lists,59.6491,57
llama,grpo,42,assembled500,detectable_format:number_highlighted_sections,94.4444,72
llama,grpo,42,assembled500,detectable_format:title,95.5882,68
llama,grpo,42,assembled500,detectable_format:xml_format,20.0,35
llama,grpo,42,assembled500,keywords:existence,76.9231,91
llama,grpo,42,assembled500,keywords:forbidden_words,97.8022,91
llama,grpo,42,assembled500,keywords:frequency,73.4694,98
llama,grpo,42,assembled500,keywords:letter_frequency,49.4253,87
llama,grpo,42,assembled500,language:response_language,90.1961,51
llama,grpo,42,assembled500,length_constraints:nth_paragraph_first_word,22.9508,61
llama,grpo,42,assembled500,length_constraints:number_paragraphs,52.2388,67
llama,grpo,42,assembled500,length_constraints:number_sentences,54.2056,107
llama,grpo,42,assembled500,length_constraints:number_words,58.1633,98
llama,grpo,42,assembled500,punctuation:no_comma,98.8889,90
llama,grpo,42,assembled500,startend:end_checker,69.9115,113
llama,grpo,42,assembled500,startend:quotation,71.0526,38
llama,grpo,42,ifeval,change_case:capital_word_frequency,76.0,25
llama,grpo,42,ifeval,change_case:english_capital,72.0,25
llama,grpo,42,ifeval,change_case:english_lowercase,89.7436,39
llama,grpo,42,ifeval,combination:repeat_prompt,21.9512,41
llama,grpo,42,ifeval,combination:two_responses,79.1667,24
llama,grpo,42,ifeval,detectable_content:number_placeholders,81.4815,27
llama,grpo,42,ifeval,detectable_content:postscript,92.3077,26
llama,grpo,42,ifeval,detectable_format:constrained_response,100,10
llama,grpo,42,ifeval,detectable_format:json_format,64.7059,17
llama,grpo,42,ifeval,detectable_format:multiple_sections,64.2857,14
llama,grpo,42,ifeval,detectable_format:number_bullet_lists,80.6452,31
llama,grpo,42,ifeval,detectable_format:number_highlighted_sections,91.6667,48
llama,grpo,42,ifeval,detectable_format:title,89.1892,37
llama,grpo,42,ifeval,keywords:existence,84.6154,39
llama,grpo,42,ifeval,keywords:forbidden_words,83.6735,49
llama,grpo,42,ifeval,keywords:frequency,78.5714,42
llama,grpo,42,ifeval,keywords:letter_frequency,60.6061,33
llama,grpo,42,ifeval,language:response_language,90.3226,31
llama,grpo,42,ifeval,length_constraints:nth_paragraph_first_word,50.0,12
llama,grpo,42,ifeval,length_constraints:number_paragraphs,55.5556,27
llama,grpo,42,ifeval,length_constraints:number_sentences,61.5385,52
llama,grpo,42,ifeval,length_constraints:number_words,73.0769,52
llama,grpo,42,ifeval,punctuation:no_comma,93.9394,66
llama,grpo,42,ifeval,startend:end_checker,80.7692,26
llama,grpo,42,ifeval,startend:quotation,92.6829,41
llama,grpo,42,mdp500,change_case:capital_word_frequency,47.6923,65
llama,grpo,42,mdp500,change_case:english_capital,50.0,68
llama,grpo,42,mdp500,change_case:english_lowercase,73.0769,78
llama,grpo,42,mdp500,combination:repeat_prompt,13.0435,23
llama,grpo,42,mdp500,combination:two_responses,45.8333,24
llama,grpo,42,mdp500,detectable_content:number_placeholders,69.7674,86
llama,grpo,42,mdp500,detectable_content:postscript,91.7647,85
llama,grpo,42,mdp500,detectable_format:constrained_response,81.25,16
llama,grpo,42,mdp500,detectable_format:json_format,44.0,25
llama,grpo,42,mdp500,detectable_format:multiple_sections,55.5556,63
llama,grpo,42,mdp500,detectable_format:number_bullet_lists,63.2653,98
llama,grpo,42,mdp500,detectable_format:number_highlighted_sections,87.5,72
llama,grpo,42,mdp500,detectable_format:title,72.5275,91
llama,grpo,42,mdp500,detectable_format:xml_format,26.087,23
llama,grpo,42,mdp500,keywords:existence,90.625,96
llama,grpo,42,mdp500,keywords:forbidden_words,87.3786,103
llama,grpo,42,mdp500,keywords:frequency,60.5263,76
llama,grpo,42,mdp500,keywords:letter_frequency,36.4706,85
llama,grpo,42,mdp500,language:response_language,71.4286,56
llama,grpo,42,mdp500,length_constraints:nth_paragraph_first_word,19.2308,78
llama,grpo,42,mdp500,length_constraints:number_paragraphs,36.2069,58
llama,grpo,42,mdp500,length_constraints:number_sentences,66.6667,84
llama,grpo,42,mdp500,length_constraints:number_words,50.0,92
llama,grpo,42,mdp500,punctuation:no_comma,88.6598,97
llama,grpo,42,mdp500,startend:end_checker,66.6667,75
llama,grpo,42,mdp500,startend:quotation,72.973,74
llama,grpo,43,assembled500,change_case:capital_word_frequency,54.8077,104
llama,grpo,43,assembled500,change_case:english_capital,53.75,80
llama,grpo,43,assembled500,change_case:english_lowercase,86.4865,74
llama,grpo,43,assembled500,combination:repeat_prompt,0,71
llama,grpo,43,assembled500,combination:two_responses,65.3846,26
llama,grpo,43,assembled500,detectable_content:number_placeholders,79.4872,78
llama,grpo,43,assembled500,detectable_content:postscript,91.6667,60
llama,grpo,43,assembled500,detectable_format:constrained_response,100,1
llama,grpo,43,assembled500,detectable_format:json_format,38.8889,36
llama,grpo,43,assembled500,detectable_format:multiple_sections,83.5821,67
llama,grpo,43,assembled500,detectable_format:number_bullet_lists,63.1579,57
llama,grpo,43,assembled500,detectable_format:number_highlighted_sections,91.6667,72
llama,grpo,43,assembled500,detectable_format:title,95.5882,68
llama,grpo,43,assembled500,detectable_format:xml_format,22.8571,35
llama,grpo,43,assembled500,keywords:existence,75.8242,91
llama,grpo,43,assembled500,keywords:forbidden_words,100,91
llama,grpo,43,assembled500,keywords:frequency,72.449,98
llama,grpo,43,assembled500,keywords:letter_frequency,43.6782,87
llama,grpo,43,assembled500,language:response_language,92.1569,51
llama,grpo,43,assembled500,length_constraints:nth_paragraph_first_word,11.4754,61
llama,grpo,43,assembled500,length_constraints:number_paragraphs,46.2687,67
llama,grpo,43,assembled500,length_constraints:number_sentences,54.2056,107
llama,grpo,43,assembled500,length_constraints:number_words,57.1429,98
llama,grpo,43,assembled500,punctuation:no_comma,100,90
llama,grpo,43,assembled500,startend:end_checker,73.4513,113
llama,grpo,43,assembled500,startend:quotation,65.7895,38
llama,grpo,43,ifeval,change_case:capital_word_frequency,72.0,25
llama,grpo,43,ifeval,change_case:english_capital,68.0,25
llama,grpo,43,ifeval,change_case:english_lowercase,92.3077,39
llama,grpo,43,ifeval,combination:repeat_prompt,29.2683,41
llama,grpo,43,ifeval,combination:two_responses,66.6667,24
llama,grpo,43,ifeval,detectable_content:number_placeholders,88.8889,27
llama,grpo,43,ifeval,detectable_content:postscript,92.3077,26
llama,grpo,43,ifeval,detectable_format:constrained_response,100,10
llama,grpo,43,ifeval,detectable_format:json_format,52.9412,17
llama,grpo,43,ifeval,detectable_format:multiple_sections,71.4286,14
llama,grpo,43,ifeval,detectable_format:number_bullet_lists,80.6452,31
llama,grpo,43,ifeval,detectable_format:number_highlighted_sections,91.6667,48
llama,grpo,43,ifeval,detectable_format:title,86.4865,37
llama,grpo,43,ifeval,keywords:existence,76.9231,39
llama,grpo,43,ifeval,keywords:forbidden_words,87.7551,49
llama,grpo,43,ifeval,keywords:frequency,69.0476,42
llama,grpo,43,ifeval,keywords:letter_frequency,57.5758,33
llama,grpo,43,ifeval,language:response_language,90.3226,31
llama,grpo,43,ifeval,length_constraints:nth_paragraph_first_word,58.3333,12
llama,grpo,43,ifeval,length_constraints:number_paragraphs,55.5556,27
llama,grpo,43,ifeval,length_constraints:number_sentences,59.6154,52
llama,grpo,43,ifeval,length_constraints:number_words,71.1538,52
llama,grpo,43,ifeval,punctuation:no_comma,90.9091,66
llama,grpo,43,ifeval,startend:end_checker,80.7692,26
llama,grpo,43,ifeval,startend:quotation,95.122,41
llama,grpo,43,mdp500,change_case:capital_word_frequency,46.1538,65
llama,grpo,43,mdp500,change_case:english_capital,55.8824,68
llama,grpo,43,mdp500,change_case:english_lowercase,75.641,78
llama,grpo,43,mdp500,combination:repeat_prompt,13.0435,23
llama,grpo,43,mdp500,combination:two_responses,50.0,24
llama,grpo,43,mdp500,detectable_content:number_placeholders,70.9302,86
llama,grpo,43,mdp500,detectable_content:postscript,95.2941,85
llama,grpo,43,mdp500,detectable_format:constrained_response,81.25,16
llama,grpo,43,mdp500,detectable_format:json_format,44.0,25
llama,grpo,43,mdp500,detectable_format:multiple_sections,58.7302,63
llama,grpo,43,mdp500,detectable_format:number_bullet_lists,64.2857,98
llama,grpo,43,mdp500,detectable_format:number_highlighted_sections,91.6667,72
llama,grpo,43,mdp500,detectable_format:title,74.7253,91
llama,grpo,43,mdp500,detectable_format:xml_format,30.4348,23
llama,grpo,43,mdp500,keywords:existence,91.6667,96
llama,grpo,43,mdp500,keywords:forbidden_words,87.3786,103
llama,grpo,43,mdp500,keywords:frequency,67.1053,76
llama,grpo,43,mdp500,keywords:letter_frequency,37.6471,85
llama,grpo,43,mdp500,language:response_language,60.7143,56
llama,grpo,43,mdp500,length_constraints:nth_paragraph_first_word,16.6667,78
llama,grpo,43,mdp500,length_constraints:number_paragraphs,29.3103,58
llama,grpo,43,mdp500,length_constraints:number_sentences,63.0952,84
llama,grpo,43,mdp500,length_constraints:number_words,47.8261,92
llama,grpo,43,mdp500,punctuation:no_comma,87.6289,97
llama,grpo,43,mdp500,startend:end_checker,70.6667,75
llama,grpo,43,mdp500,startend:quotation,68.9189,74
llama,grpo,44,assembled500,change_case:capital_word_frequency,52.8846,104
llama,grpo,44,assembled500,change_case:english_capital,50.0,80
llama,grpo,44,assembled500,change_case:english_lowercase,86.4865,74
llama,grpo,44,assembled500,combination:repeat_prompt,0,71
llama,grpo,44,assembled500,combination:two_responses,65.3846,26
llama,grpo,44,assembled500,detectable_content:number_placeholders,84.6154,78
llama,grpo,44,assembled500,detectable_content:postscript,95.0,60
llama,grpo,44,assembled500,detectable_format:constrained_response,100,1
llama,grpo,44,assembled500,detectable_format:json_format,50.0,36
llama,grpo,44,assembled500,detectable_format:multiple_sections,80.597,67
llama,grpo,44,assembled500,detectable_format:number_bullet_lists,66.6667,57
llama,grpo,44,assembled500,detectable_format:number_highlighted_sections,87.5,72
llama,grpo,44,assembled500,detectable_format:title,98.5294,68
llama,grpo,44,assembled500,detectable_format:xml_format,17.1429,35
llama,grpo,44,assembled500,keywords:existence,79.1209,91
llama,grpo,44,assembled500,keywords:forbidden_words,100,91
llama,grpo,44,assembled500,keywords:frequency,69.3878,98
llama,grpo,44,assembled500,keywords:letter_frequency,45.977,87
llama,grpo,44,assembled500,language:response_language,94.1176,51
llama,grpo,44,assembled500,length_constraints:nth_paragraph_first_word,19.6721,61
llama,grpo,44,assembled500,length_constraints:number_paragraphs,46.2687,67
llama,grpo,44,assembled500,length_constraints:number_sentences,53.271,107
llama,grpo,44,assembled500,length_constraints:number_words,59.1837,98
llama,grpo,44,assembled500,punctuation:no_comma,95.5556,90
llama,grpo,44,assembled500,startend:end_checker,65.4867,113
llama,grpo,44,assembled500,startend:quotation,50.0,38
llama,grpo,44,ifeval,change_case:capital_word_frequency,76.0,25
llama,grpo,44,ifeval,change_case:english_capital,76.0,25
llama,grpo,44,ifeval,change_case:english_lowercase,94.8718,39
llama,grpo,44,ifeval,combination:repeat_prompt,31.7073,41
llama,grpo,44,ifeval,combination:two_responses,75.0,24
llama,grpo,44,ifeval,detectable_content:number_placeholders,88.8889,27
llama,grpo,44,ifeval,detectable_content:postscript,92.3077,26
llama,grpo,44,ifeval,detectable_format:constrained_response,100,10
llama,grpo,44,ifeval,detectable_format:json_format,47.0588,17
llama,grpo,44,ifeval,detectable_format:multiple_sections,71.4286,14
llama,grpo,44,ifeval,detectable_format:number_bullet_lists,74.1935,31
llama,grpo,44,ifeval,detectable_format:number_highlighted_sections,93.75,48
llama,grpo,44,ifeval,detectable_format:title,86.4865,37
llama,grpo,44,ifeval,keywords:existence,84.6154,39
llama,grpo,44,ifeval,keywords:forbidden_words,83.6735,49
llama,grpo,44,ifeval,keywords:frequency,71.4286,42
llama,grpo,44,ifeval,keywords:letter_frequency,63.6364,33
llama,grpo,44,ifeval,language:response_language,90.3226,31
llama,grpo,44,ifeval,length_constraints:nth_paragraph_first_word,75.0,12
llama,grpo,44,ifeval,length_constraints:number_paragraphs,51.8519,27
llama,grpo,44,ifeval,length_constraints:number_sentences,63.4615,52
llama,grpo,44,ifeval,length_constraints:number_words,75.0,52
llama,grpo,44,ifeval,punctuation:no_comma,93.9394,66
llama,grpo,44,ifeval,startend:end_checker,80.7692,26
llama,grpo,44,ifeval,startend:quotation,95.122,41
llama,grpo,44,mdp500,change_case:capital_word_frequency,40.0,65
llama,grpo,44,mdp500,change_case:english_capital,54.4118,68
llama,grpo,44,mdp500,change_case:english_lowercase,73.0769,78
llama,grpo,44,mdp500,combination:repeat_prompt,13.0435,23
llama,grpo,44,mdp500,combination:two_responses,41.6667,24
llama,grpo,44,mdp500,detectable_content:number_placeholders,75.5814,86
llama,grpo,44,mdp500,detectable_content:postscript,92.9412,85
llama,grpo,44,mdp500,detectable_format:constrained_response,75.0,16
llama,grpo,44,mdp500,detectable_format:json_format,48.0,25
llama,grpo,44,mdp500,detectable_format:multiple_sections,57.1429,63
llama,grpo,44,mdp500,detectable_format:number_bullet_lists,70.4082,98
llama,grpo,44,mdp500,detectable_format:number_highlighted_sections,91.6667,72
llama,grpo,44,mdp500,detectable_format:title,70.3297,91
llama,grpo,44,mdp500,detectable_format:xml_format,39.1304,23
llama,grpo,44,mdp500,keywords:existence,90.625,96
llama,grpo,44,mdp500,keywords:forbidden_words,88.3495,103
llama,grpo,44,mdp500,keywords:frequency,61.8421,76
llama,grpo,44,mdp500,keywords:letter_frequency,41.1765,85
llama,grpo,44,mdp500,language:response_language,66.0714,56
llama,grpo,44,mdp500,length_constraints:nth_paragraph_first_word,21.7949,78
llama,grpo,44,mdp500,length_constraints:number_paragraphs,34.4828,58
llama,grpo,44,mdp500,length_constraints:number_sentences,64.2857,84
llama,grpo,44,mdp500,length_constraints:number_words,51.087,92
llama,grpo,44,mdp500,punctuation:no_comma,84.5361,97
llama,grpo,44,mdp500,startend:end_checker,61.3333,75
llama,grpo,44,mdp500,startend:quotation,71.6216,74
llama,grpo,45,assembled500,change_case:capital_word_frequency,50.0,104
llama,grpo,45,assembled500,change_case:english_capital,50.0,80
llama,grpo,45,assembled500,change_case:english_lowercase,83.7838,74
llama,grpo,45,assembled500,combination:repeat_prompt,0,71
llama,grpo,45,assembled500,combination:two_responses,80.7692,26
llama,grpo,45,assembled500,detectable_content:number_placeholders,80.7692,78
llama,grpo,45,assembled500,detectable_content:postscript,95.0,60
llama,grpo,45,assembled500,detectable_format:constrained_response,100,1
llama,grpo,45,assembled500,detectable_format:json_format,47.2222,36
llama,grpo,45,assembled500,detectable_format:multiple_sections,85.0746,67
llama,grpo,45,assembled500,detectable_format:number_bullet_lists,59.6491,57
llama,grpo,45,assembled500,detectable_format:number_highlighted_sections,93.0556,72
llama,grpo,45,assembled500,detectable_format:title,97.0588,68
llama,grpo,45,assembled500,detectable_format:xml_format,31.4286,35
llama,grpo,45,assembled500,keywords:existence,76.9231,91
llama,grpo,45,assembled500,keywords:forbidden_words,98.9011,91
llama,grpo,45,assembled500,keywords:frequency,70.4082,98
llama,grpo,45,assembled500,keywords:letter_frequency,49.4253,87
llama,grpo,45,assembled500,language:response_language,86.2745,51
llama,grpo,45,assembled500,length_constraints:nth_paragraph_first_word,18.0328,61
llama,grpo,45,assembled500,length_constraints:number_paragraphs,41.791,67
llama,grpo,45,assembled500,length_constraints:number_sentences,51.4019,107
llama,grpo,45,assembled500,length_constraints:number_words,61.2245,98
llama,grpo,45,assembled500,punctuation:no_comma,97.7778,90
llama,grpo,45,assembled500,startend:end_checker,74.3363,113
llama,grpo,45,assembled500,startend:quotation,57.8947,38
llama,grpo,45,ifeval,change_case:capital_word_frequency,80.0,25
llama,grpo,45,ifeval,change_case:english_capital,56.0,25
llama,grpo,45,ifeval,change_case:english_lowercase,94.8718,39
llama,grpo,45,ifeval,combination:repeat_prompt,19.5122,41
llama,grpo,45,ifeval,combination:two_responses,75.0,24
llama,grpo,45,ifeval,detectable_content:number_placeholders,92.5926,27
llama,grpo,45,ifeval,detectable_content:postscript,92.3077,26
llama,grpo,45,ifeval,detectable_format:constrained_response,100,10
llama,grpo,45,ifeval,detectable_format:json_format,52.9412,17
llama,grpo,45,ifeval,detectable_format:multiple_sections,64.2857,14
llama,grpo,45,ifeval,detectable_format:number_bullet_lists,80.6452,31
llama,grpo,45,ifeval,detectable_format:number_highlighted_sections,89.5833,48
llama,grpo,45,ifeval,detectable_format:title,86.4865,37
llama,grpo,45,ifeval,keywords:existence,79.4872,39
llama,grpo,45,ifeval,keywords:forbidden_words,83.6735,49
llama,grpo,45,ifeval,keywords:frequency,78.5714,42
llama,grpo,45,ifeval,keywords:letter_frequency,63.6364,33
llama,grpo,45,ifeval,language:response_language,93.5484,31
llama,grpo,45,ifeval,length_constraints:nth_paragraph_first_word,58.3333,12
llama,grpo,45,ifeval,length_constraints:number_paragraphs,55.5556,27
llama,grpo,45,ifeval,length_constraints:number_sentences,57.6923,52
llama,grpo,45,ifeval,length_constraints:number_words,71.1538,52
llama,grpo,45,ifeval,punctuation:no_comma,95.4545,66
llama,grpo,45,ifeval,startend:end_checker,84.6154,26
llama,grpo,45,ifeval,startend:quotation,95.122,41
llama,grpo,45,mdp500,change_case:capital_word_frequency,46.1538,65
llama,grpo,45,mdp500,change_case:english_capital,63.2353,68
llama,grpo,45,mdp500,change_case:english_lowercase,78.2051,78
llama,grpo,45,mdp500,combination:repeat_prompt,13.0435,23
llama,grpo,45,mdp500,combination:two_responses,25.0,24
llama,grpo,45,mdp500,detectable_content:number_placeholders,77.907,86
llama,grpo,45,mdp500,detectable_content:postscript,94.1176,85
llama,grpo,45,mdp500,detectable_format:constrained_response,87.5,16
llama,grpo,45,mdp500,detectable_format:json_format,40.0,25
llama,grpo,45,mdp500,detectable_format:multiple_sections,61.9048,63
llama,grpo,45,mdp500,detectable_format:number_bullet_lists,60.2041,98
llama,grpo,45,mdp500,detectable_format:number_highlighted_sections,88.8889,72
llama,grpo,45,mdp500,detectable_format:title,70.3297,91
llama,grpo,45,mdp500,detectable_format:xml_format,34.7826,23
llama,grpo,45,mdp500,keywords:existence,91.6667,96
llama,grpo,45,mdp500,keywords:forbidden_words,89.3204,103
llama,grpo,45,mdp500,keywords:frequency,61.8421,76
llama,grpo,45,mdp500,keywords:letter_frequency,35.2941,85
llama,grpo,45,mdp500,language:response_language,69.6429,56
llama,grpo,45,mdp500,length_constraints:nth_paragraph_first_word,24.359,78
llama,grpo,45,mdp500,length_constraints:number_paragraphs,32.7586,58
llama,grpo,45,mdp500,length_constraints:number_sentences,64.2857,84
llama,grpo,45,mdp500,length_constraints:number_words,46.7391,92
llama,grpo,45,mdp500,punctuation:no_comma,85.567,97
llama,grpo,45,mdp500,startend:end_checker,68.0,75
llama,grpo,45,mdp500,startend:quotation,67.5676,74
llama,grpo,46,assembled500,change_case:capital_word_frequency,53.8462,104
llama,grpo,46,assembled500,change_case:english_capital,52.5,80
llama,grpo,46,assembled500,change_case:english_lowercase,90.5405,74
llama,grpo,46,assembled500,combination:repeat_prompt,0,71
llama,grpo,46,assembled500,combination:two_responses,69.2308,26
llama,grpo,46,assembled500,detectable_content:number_placeholders,87.1795,78
llama,grpo,46,assembled500,detectable_content:postscript,95.0,60
llama,grpo,46,assembled500,detectable_format:constrained_response,100,1
llama,grpo,46,assembled500,detectable_format:json_format,52.7778,36
llama,grpo,46,assembled500,detectable_format:multiple_sections,85.0746,67
llama,grpo,46,assembled500,detectable_format:number_bullet_lists,64.9123,57
llama,grpo,46,assembled500,detectable_format:number_highlighted_sections,91.6667,72
llama,grpo,46,assembled500,detectable_format:title,95.5882,68
llama,grpo,46,assembled500,detectable_format:xml_format,42.8571,35
llama,grpo,46,assembled500,keywords:existence,83.5165,91
llama,grpo,46,assembled500,keywords:forbidden_words,98.9011,91
llama,grpo,46,assembled500,keywords:frequency,74.4898,98
llama,grpo,46,assembled500,keywords:letter_frequency,47.1264,87
llama,grpo,46,assembled500,language:response_language,86.2745,51
llama,grpo,46,assembled500,length_constraints:nth_paragraph_first_word,13.1148,61
llama,grpo,46,assembled500,length_constraints:number_paragraphs,56.7164,67
llama,grpo,46,assembled500,length_constraints:number_sentences,57.0093,107
llama,grpo,46,assembled500,length_constraints:number_words,61.2245,98
llama,grpo,46,assembled500,punctuation:no_comma,98.8889,90
llama,grpo,46,assembled500,startend:end_checker,71.6814,113
llama,grpo,46,assembled500,startend:quotation,57.8947,38
llama,grpo,46,ifeval,change_case:capital_word_frequency,84.0,25
llama,grpo,46,ifeval,change_case:english_capital,72.0,25
llama,grpo,46,ifeval,change_case:english_lowercase,97.4359,39
llama,grpo,46,ifeval,combination:repeat_prompt,24.3902,41
llama,grpo,46,ifeval,combination:two_responses,75.0,24
llama,grpo,46,ifeval,detectable_content:number_placeholders,88.8889,27
llama,grpo,46,ifeval,detectable_content:postscript,92.3077,26
llama,grpo,46,ifeval,detectable_format:constrained_response,100,10
llama,grpo,46,ifeval,detectable_format:json_format,64.7059,17
llama,grpo,46,ifeval,detectable_format:multiple_sections,71.4286,14
llama,grpo,46,ifeval,detectable_format:number_bullet_lists,74.1935,31
llama,grpo,46,ifeval,detectable_format:number_highlighted_sections,95.8333,48
llama,grpo,46,ifeval,detectable_format:title,81.0811,37
llama,grpo,46,ifeval,keywords:existence,84.6154,39
llama,grpo,46,ifeval,keywords:forbidden_words,85.7143,49
llama,grpo,46,ifeval,keywords:frequency,73.8095,42
llama,grpo,46,ifeval,keywords:letter_frequency,60.6061,33
llama,grpo,46,ifeval,language:response_language,93.5484,31
llama,grpo,46,ifeval,length_constraints:nth_paragraph_first_word,58.3333,12
llama,grpo,46,ifeval,length_constraints:number_paragraphs,62.963,27
llama,grpo,46,ifeval,length_constraints:number_sentences,63.4615,52
llama,grpo,46,ifeval,length_constraints:number_words,65.3846,52
llama,grpo,46,ifeval,punctuation:no_comma,89.3939,66
llama,grpo,46,ifeval,startend:end_checker,84.6154,26
llama,grpo,46,ifeval,startend:quotation,92.6829,41
llama,grpo,46,mdp500,change_case:capital_word_frequency,50.7692,65
llama,grpo,46,mdp500,change_case:english_capital,60.2941,68
llama,grpo,46,mdp500,change_case:english_lowercase,75.641,78
llama,grpo,46,mdp500,combination:repeat_prompt,8.6957,23
llama,grpo,46,mdp500,combination:two_responses,37.5,24
llama,grpo,46,mdp500,detectable_content:number_placeholders,72.093,86
llama,grpo,46,mdp500,detectable_content:postscript,94.1176,85
llama,grpo,46,mdp500,detectable_format:constrained_response,87.5,16
llama,grpo,46,mdp500,detectable_format:json_format,56.0,25
llama,grpo,46,mdp500,detectable_format:multiple_sections,52.381,63
llama,grpo,46,mdp500,detectable_format:number_bullet_lists,62.2449,98
llama,grpo,46,mdp500,detectable_format:number_highlighted_sections,90.2778,72
llama,grpo,46,mdp500,detectable_format:title,72.5275,91
llama,grpo,46,mdp500,detectable_format:xml_format,47.8261,23
llama,grpo,46,mdp500,keywords:existence,92.7083,96
llama,grpo,46,mdp500,keywords:forbidden_words,86.4078,103
llama,grpo,46,mdp500,keywords:frequency,64.4737,76
llama,grpo,46,mdp500,keywords:letter_frequency,40.0,85
llama,grpo,46,mdp500,language:response_language,66.0714,56
llama,grpo,46,mdp500,length_constraints:nth_paragraph_first_word,16.6667,78
llama,grpo,46,mdp500,length_constraints:number_paragraphs,34.4828,58
llama,grpo,46,mdp500,length_constraints:number_sentences,66.6667,84
llama,grpo,46,mdp500,length_constraints:number_words,51.087,92
llama,grpo,46,mdp500,punctuation:no_comma,87.6289,97
llama,grpo,46,mdp500,startend:end_checker,68.0,75
llama,grpo,46,mdp500,startend:quotation,71.6216,74
llama,tb_mplacebo,42,assembled500,change_case:capital_word_frequency,51.9231,104
llama,tb_mplacebo,42,assembled500,change_case:english_capital,51.25,80
llama,tb_mplacebo,42,assembled500,change_case:english_lowercase,86.4865,74
llama,tb_mplacebo,42,assembled500,combination:repeat_prompt,0,71
llama,tb_mplacebo,42,assembled500,combination:two_responses,61.5385,26
llama,tb_mplacebo,42,assembled500,detectable_content:number_placeholders,82.0513,78
llama,tb_mplacebo,42,assembled500,detectable_content:postscript,96.6667,60
llama,tb_mplacebo,42,assembled500,detectable_format:constrained_response,100,1
llama,tb_mplacebo,42,assembled500,detectable_format:json_format,47.2222,36
llama,tb_mplacebo,42,assembled500,detectable_format:multiple_sections,82.0896,67
llama,tb_mplacebo,42,assembled500,detectable_format:number_bullet_lists,61.4035,57
llama,tb_mplacebo,42,assembled500,detectable_format:number_highlighted_sections,93.0556,72
llama,tb_mplacebo,42,assembled500,detectable_format:title,97.0588,68
llama,tb_mplacebo,42,assembled500,detectable_format:xml_format,20.0,35
llama,tb_mplacebo,42,assembled500,keywords:existence,74.7253,91
llama,tb_mplacebo,42,assembled500,keywords:forbidden_words,96.7033,91
llama,tb_mplacebo,42,assembled500,keywords:frequency,70.4082,98
llama,tb_mplacebo,42,assembled500,keywords:letter_frequency,43.6782,87
llama,tb_mplacebo,42,assembled500,language:response_language,92.1569,51
llama,tb_mplacebo,42,assembled500,length_constraints:nth_paragraph_first_word,22.9508,61
llama,tb_mplacebo,42,assembled500,length_constraints:number_paragraphs,49.2537,67
llama,tb_mplacebo,42,assembled500,length_constraints:number_sentences,52.3364,107
llama,tb_mplacebo,42,assembled500,length_constraints:number_words,60.2041,98
llama,tb_mplacebo,42,assembled500,punctuation:no_comma,94.4444,90
llama,tb_mplacebo,42,assembled500,startend:end_checker,76.1062,113
llama,tb_mplacebo,42,assembled500,startend:quotation,68.4211,38
llama,tb_mplacebo,42,mdp500,change_case:capital_word_frequency,47.6923,65
llama,tb_mplacebo,42,mdp500,change_case:english_capital,55.8824,68
llama,tb_mplacebo,42,mdp500,change_case:english_lowercase,75.641,78
llama,tb_mplacebo,42,mdp500,combination:repeat_prompt,13.0435,23
llama,tb_mplacebo,42,mdp500,combination:two_responses,37.5,24
llama,tb_mplacebo,42,mdp500,detectable_content:number_placeholders,69.7674,86
llama,tb_mplacebo,42,mdp500,detectable_content:postscript,94.1176,85
llama,tb_mplacebo,42,mdp500,detectable_format:constrained_response,81.25,16
llama,tb_mplacebo,42,mdp500,detectable_format:json_format,44.0,25
llama,tb_mplacebo,42,mdp500,detectable_format:multiple_sections,53.9683,63
llama,tb_mplacebo,42,mdp500,detectable_format:number_bullet_lists,71.4286,98
llama,tb_mplacebo,42,mdp500,detectable_format:number_highlighted_sections,91.6667,72
llama,tb_mplacebo,42,mdp500,detectable_format:title,69.2308,91
llama,tb_mplacebo,42,mdp500,detectable_format:xml_format,30.4348,23
llama,tb_mplacebo,42,mdp500,keywords:existence,92.7083,96
llama,tb_mplacebo,42,mdp500,keywords:forbidden_words,86.4078,103
llama,tb_mplacebo,42,mdp500,keywords:frequency,63.1579,76
llama,tb_mplacebo,42,mdp500,keywords:letter_frequency,36.4706,85
llama,tb_mplacebo,42,mdp500,language:response_language,66.0714,56
llama,tb_mplacebo,42,mdp500,length_constraints:nth_paragraph_first_word,21.7949,78
llama,tb_mplacebo,42,mdp500,length_constraints:number_paragraphs,37.931,58
llama,tb_mplacebo,42,mdp500,length_constraints:number_sentences,63.0952,84
llama,tb_mplacebo,42,mdp500,length_constraints:number_words,51.087,92
llama,tb_mplacebo,42,mdp500,punctuation:no_comma,87.6289,97
llama,tb_mplacebo,42,mdp500,startend:end_checker,66.6667,75
llama,tb_mplacebo,42,mdp500,startend:quotation,71.6216,74
llama,tb_mplacebo,43,assembled500,change_case:capital_word_frequency,50.0,104
llama,tb_mplacebo,43,assembled500,change_case:english_capital,57.5,80
llama,tb_mplacebo,43,assembled500,change_case:english_lowercase,85.1351,74
llama,tb_mplacebo,43,assembled500,combination:repeat_prompt,0,71
llama,tb_mplacebo,43,assembled500,combination:two_responses,73.0769,26
llama,tb_mplacebo,43,assembled500,detectable_content:number_placeholders,80.7692,78
llama,tb_mplacebo,43,assembled500,detectable_content:postscript,95.0,60
llama,tb_mplacebo,43,assembled500,detectable_format:constrained_response,100,1
llama,tb_mplacebo,43,assembled500,detectable_format:json_format,47.2222,36
llama,tb_mplacebo,43,assembled500,detectable_format:multiple_sections,85.0746,67
llama,tb_mplacebo,43,assembled500,detectable_format:number_bullet_lists,59.6491,57
llama,tb_mplacebo,43,assembled500,detectable_format:number_highlighted_sections,88.8889,72
llama,tb_mplacebo,43,assembled500,detectable_format:title,95.5882,68
llama,tb_mplacebo,43,assembled500,detectable_format:xml_format,20.0,35
llama,tb_mplacebo,43,assembled500,keywords:existence,75.8242,91
llama,tb_mplacebo,43,assembled500,keywords:forbidden_words,98.9011,91
llama,tb_mplacebo,43,assembled500,keywords:frequency,73.4694,98
llama,tb_mplacebo,43,assembled500,keywords:letter_frequency,48.2759,87
llama,tb_mplacebo,43,assembled500,language:response_language,90.1961,51
llama,tb_mplacebo,43,assembled500,length_constraints:nth_paragraph_first_word,22.9508,61
llama,tb_mplacebo,43,assembled500,length_constraints:number_paragraphs,52.2388,67
llama,tb_mplacebo,43,assembled500,length_constraints:number_sentences,56.0748,107
llama,tb_mplacebo,43,assembled500,length_constraints:number_words,56.1224,98
llama,tb_mplacebo,43,assembled500,punctuation:no_comma,95.5556,90
llama,tb_mplacebo,43,assembled500,startend:end_checker,69.9115,113
llama,tb_mplacebo,43,assembled500,startend:quotation,63.1579,38
llama,tb_mplacebo,43,mdp500,change_case:capital_word_frequency,47.6923,65
llama,tb_mplacebo,43,mdp500,change_case:english_capital,55.8824,68
llama,tb_mplacebo,43,mdp500,change_case:english_lowercase,74.359,78
llama,tb_mplacebo,43,mdp500,combination:repeat_prompt,17.3913,23
llama,tb_mplacebo,43,mdp500,combination:two_responses,50.0,24
llama,tb_mplacebo,43,mdp500,detectable_content:number_placeholders,73.2558,86
llama,tb_mplacebo,43,mdp500,detectable_content:postscript,92.9412,85
llama,tb_mplacebo,43,mdp500,detectable_format:constrained_response,75.0,16
llama,tb_mplacebo,43,mdp500,detectable_format:json_format,40.0,25
llama,tb_mplacebo,43,mdp500,detectable_format:multiple_sections,60.3175,63
llama,tb_mplacebo,43,mdp500,detectable_format:number_bullet_lists,65.3061,98
llama,tb_mplacebo,43,mdp500,detectable_format:number_highlighted_sections,90.2778,72
llama,tb_mplacebo,43,mdp500,detectable_format:title,71.4286,91
llama,tb_mplacebo,43,mdp500,detectable_format:xml_format,39.1304,23
llama,tb_mplacebo,43,mdp500,keywords:existence,88.5417,96
llama,tb_mplacebo,43,mdp500,keywords:forbidden_words,89.3204,103
llama,tb_mplacebo,43,mdp500,keywords:frequency,64.4737,76
llama,tb_mplacebo,43,mdp500,keywords:letter_frequency,37.6471,85
llama,tb_mplacebo,43,mdp500,language:response_language,67.8571,56
llama,tb_mplacebo,43,mdp500,length_constraints:nth_paragraph_first_word,19.2308,78
llama,tb_mplacebo,43,mdp500,length_constraints:number_paragraphs,31.0345,58
llama,tb_mplacebo,43,mdp500,length_constraints:number_sentences,59.5238,84
llama,tb_mplacebo,43,mdp500,length_constraints:number_words,51.087,92
llama,tb_mplacebo,43,mdp500,punctuation:no_comma,84.5361,97
llama,tb_mplacebo,43,mdp500,startend:end_checker,68.0,75
llama,tb_mplacebo,43,mdp500,startend:quotation,72.973,74
llama,tb_mplacebo,44,assembled500,change_case:capital_word_frequency,53.8462,104
llama,tb_mplacebo,44,assembled500,change_case:english_capital,53.75,80
llama,tb_mplacebo,44,assembled500,change_case:english_lowercase,91.8919,74
llama,tb_mplacebo,44,assembled500,combination:repeat_prompt,0,71
llama,tb_mplacebo,44,assembled500,combination:two_responses,65.3846,26
llama,tb_mplacebo,44,assembled500,detectable_content:number_placeholders,87.1795,78
llama,tb_mplacebo,44,assembled500,detectable_content:postscript,95.0,60
llama,tb_mplacebo,44,assembled500,detectable_format:constrained_response,100,1
llama,tb_mplacebo,44,assembled500,detectable_format:json_format,52.7778,36
llama,tb_mplacebo,44,assembled500,detectable_format:multiple_sections,82.0896,67
llama,tb_mplacebo,44,assembled500,detectable_format:number_bullet_lists,56.1404,57
llama,tb_mplacebo,44,assembled500,detectable_format:number_highlighted_sections,93.0556,72
llama,tb_mplacebo,44,assembled500,detectable_format:title,97.0588,68
llama,tb_mplacebo,44,assembled500,detectable_format:xml_format,31.4286,35
llama,tb_mplacebo,44,assembled500,keywords:existence,79.1209,91
llama,tb_mplacebo,44,assembled500,keywords:forbidden_words,100,91
llama,tb_mplacebo,44,assembled500,keywords:frequency,74.4898,98
llama,tb_mplacebo,44,assembled500,keywords:letter_frequency,42.5287,87
llama,tb_mplacebo,44,assembled500,language:response_language,88.2353,51
llama,tb_mplacebo,44,assembled500,length_constraints:nth_paragraph_first_word,22.9508,61
llama,tb_mplacebo,44,assembled500,length_constraints:number_paragraphs,50.7463,67
llama,tb_mplacebo,44,assembled500,length_constraints:number_sentences,56.0748,107
llama,tb_mplacebo,44,assembled500,length_constraints:number_words,55.102,98
llama,tb_mplacebo,44,assembled500,punctuation:no_comma,95.5556,90
llama,tb_mplacebo,44,assembled500,startend:end_checker,73.4513,113
llama,tb_mplacebo,44,assembled500,startend:quotation,57.8947,38
llama,tb_mplacebo,44,mdp500,change_case:capital_word_frequency,40.0,65
llama,tb_mplacebo,44,mdp500,change_case:english_capital,58.8235,68
llama,tb_mplacebo,44,mdp500,change_case:english_lowercase,76.9231,78
llama,tb_mplacebo,44,mdp500,combination:repeat_prompt,17.3913,23
llama,tb_mplacebo,44,mdp500,combination:two_responses,41.6667,24
llama,tb_mplacebo,44,mdp500,detectable_content:number_placeholders,79.0698,86
llama,tb_mplacebo,44,mdp500,detectable_content:postscript,94.1176,85
llama,tb_mplacebo,44,mdp500,detectable_format:constrained_response,87.5,16
llama,tb_mplacebo,44,mdp500,detectable_format:json_format,44.0,25
llama,tb_mplacebo,44,mdp500,detectable_format:multiple_sections,57.1429,63
llama,tb_mplacebo,44,mdp500,detectable_format:number_bullet_lists,64.2857,98
llama,tb_mplacebo,44,mdp500,detectable_format:number_highlighted_sections,93.0556,72
llama,tb_mplacebo,44,mdp500,detectable_format:title,70.3297,91
llama,tb_mplacebo,44,mdp500,detectable_format:xml_format,43.4783,23
llama,tb_mplacebo,44,mdp500,keywords:existence,89.5833,96
llama,tb_mplacebo,44,mdp500,keywords:forbidden_words,88.3495,103
llama,tb_mplacebo,44,mdp500,keywords:frequency,60.5263,76
llama,tb_mplacebo,44,mdp500,keywords:letter_frequency,37.6471,85
llama,tb_mplacebo,44,mdp500,language:response_language,67.8571,56
llama,tb_mplacebo,44,mdp500,length_constraints:nth_paragraph_first_word,24.359,78
llama,tb_mplacebo,44,mdp500,length_constraints:number_paragraphs,31.0345,58
llama,tb_mplacebo,44,mdp500,length_constraints:number_sentences,60.7143,84
llama,tb_mplacebo,44,mdp500,length_constraints:number_words,48.913,92
llama,tb_mplacebo,44,mdp500,punctuation:no_comma,86.5979,97
llama,tb_mplacebo,44,mdp500,startend:end_checker,62.6667,75
llama,tb_mplacebo,44,mdp500,startend:quotation,81.0811,74
llama,tb_placebo,42,assembled500,change_case:capital_word_frequency,54.8077,104
llama,tb_placebo,42,assembled500,change_case:english_capital,48.75,80
llama,tb_placebo,42,assembled500,change_case:english_lowercase,85.1351,74
llama,tb_placebo,42,assembled500,combination:repeat_prompt,0,71
llama,tb_placebo,42,assembled500,combination:two_responses,73.0769,26
llama,tb_placebo,42,assembled500,detectable_content:number_placeholders,83.3333,78
llama,tb_placebo,42,assembled500,detectable_content:postscript,93.3333,60
llama,tb_placebo,42,assembled500,detectable_format:constrained_response,100,1
llama,tb_placebo,42,assembled500,detectable_format:json_format,44.4444,36
llama,tb_placebo,42,assembled500,detectable_format:multiple_sections,79.1045,67
llama,tb_placebo,42,assembled500,detectable_format:number_bullet_lists,68.4211,57
llama,tb_placebo,42,assembled500,detectable_format:number_highlighted_sections,94.4444,72
llama,tb_placebo,42,assembled500,detectable_format:title,97.0588,68
llama,tb_placebo,42,assembled500,detectable_format:xml_format,37.1429,35
llama,tb_placebo,42,assembled500,keywords:existence,75.8242,91
llama,tb_placebo,42,assembled500,keywords:forbidden_words,100,91
llama,tb_placebo,42,assembled500,keywords:frequency,68.3673,98
llama,tb_placebo,42,assembled500,keywords:letter_frequency,43.6782,87
llama,tb_placebo,42,assembled500,language:response_language,92.1569,51
llama,tb_placebo,42,assembled500,length_constraints:nth_paragraph_first_word,21.3115,61
llama,tb_placebo,42,assembled500,length_constraints:number_paragraphs,59.7015,67
llama,tb_placebo,42,assembled500,length_constraints:number_sentences,57.0093,107
llama,tb_placebo,42,assembled500,length_constraints:number_words,58.1633,98
llama,tb_placebo,42,assembled500,punctuation:no_comma,95.5556,90
llama,tb_placebo,42,assembled500,startend:end_checker,71.6814,113
llama,tb_placebo,42,assembled500,startend:quotation,60.5263,38
llama,tb_placebo,42,ifeval,change_case:capital_word_frequency,76.0,25
llama,tb_placebo,42,ifeval,change_case:english_capital,72.0,25
llama,tb_placebo,42,ifeval,change_case:english_lowercase,92.3077,39
llama,tb_placebo,42,ifeval,combination:repeat_prompt,24.3902,41
llama,tb_placebo,42,ifeval,combination:two_responses,70.8333,24
llama,tb_placebo,42,ifeval,detectable_content:number_placeholders,85.1852,27
llama,tb_placebo,42,ifeval,detectable_content:postscript,92.3077,26
llama,tb_placebo,42,ifeval,detectable_format:constrained_response,100,10
llama,tb_placebo,42,ifeval,detectable_format:json_format,58.8235,17
llama,tb_placebo,42,ifeval,detectable_format:multiple_sections,64.2857,14
llama,tb_placebo,42,ifeval,detectable_format:number_bullet_lists,83.871,31
llama,tb_placebo,42,ifeval,detectable_format:number_highlighted_sections,93.75,48
llama,tb_placebo,42,ifeval,detectable_format:title,86.4865,37
llama,tb_placebo,42,ifeval,keywords:existence,76.9231,39
llama,tb_placebo,42,ifeval,keywords:forbidden_words,89.7959,49
llama,tb_placebo,42,ifeval,keywords:frequency,85.7143,42
llama,tb_placebo,42,ifeval,keywords:letter_frequency,63.6364,33
llama,tb_placebo,42,ifeval,language:response_language,93.5484,31
llama,tb_placebo,42,ifeval,length_constraints:nth_paragraph_first_word,66.6667,12
llama,tb_placebo,42,ifeval,length_constraints:number_paragraphs,55.5556,27
llama,tb_placebo,42,ifeval,length_constraints:number_sentences,65.3846,52
llama,tb_placebo,42,ifeval,length_constraints:number_words,69.2308,52
llama,tb_placebo,42,ifeval,punctuation:no_comma,90.9091,66
llama,tb_placebo,42,ifeval,startend:end_checker,80.7692,26
llama,tb_placebo,42,ifeval,startend:quotation,85.3659,41
llama,tb_placebo,42,mdp500,change_case:capital_word_frequency,46.1538,65
llama,tb_placebo,42,mdp500,change_case:english_capital,52.9412,68
llama,tb_placebo,42,mdp500,change_case:english_lowercase,76.9231,78
llama,tb_placebo,42,mdp500,combination:repeat_prompt,8.6957,23
llama,tb_placebo,42,mdp500,combination:two_responses,37.5,24
llama,tb_placebo,42,mdp500,detectable_content:number_placeholders,72.093,86
llama,tb_placebo,42,mdp500,detectable_content:postscript,91.7647,85
llama,tb_placebo,42,mdp500,detectable_format:constrained_response,81.25,16
llama,tb_placebo,42,mdp500,detectable_format:json_format,44.0,25
llama,tb_placebo,42,mdp500,detectable_format:multiple_sections,61.9048,63
llama,tb_placebo,42,mdp500,detectable_format:number_bullet_lists,64.2857,98
llama,tb_placebo,42,mdp500,detectable_format:number_highlighted_sections,93.0556,72
llama,tb_placebo,42,mdp500,detectable_format:title,70.3297,91
llama,tb_placebo,42,mdp500,detectable_format:xml_format,43.4783,23
llama,tb_placebo,42,mdp500,keywords:existence,86.4583,96
llama,tb_placebo,42,mdp500,keywords:forbidden_words,86.4078,103
llama,tb_placebo,42,mdp500,keywords:frequency,59.2105,76
llama,tb_placebo,42,mdp500,keywords:letter_frequency,40.0,85
llama,tb_placebo,42,mdp500,language:response_language,69.6429,56
llama,tb_placebo,42,mdp500,length_constraints:nth_paragraph_first_word,21.7949,78
llama,tb_placebo,42,mdp500,length_constraints:number_paragraphs,34.4828,58
llama,tb_placebo,42,mdp500,length_constraints:number_sentences,64.2857,84
llama,tb_placebo,42,mdp500,length_constraints:number_words,50.0,92
llama,tb_placebo,42,mdp500,punctuation:no_comma,88.6598,97
llama,tb_placebo,42,mdp500,startend:end_checker,66.6667,75
llama,tb_placebo,42,mdp500,startend:quotation,74.3243,74
llama,tb_placebo,43,assembled500,change_case:capital_word_frequency,46.1538,104
llama,tb_placebo,43,assembled500,change_case:english_capital,51.25,80
llama,tb_placebo,43,assembled500,change_case:english_lowercase,85.1351,74
llama,tb_placebo,43,assembled500,combination:repeat_prompt,0,71
llama,tb_placebo,43,assembled500,combination:two_responses,57.6923,26
llama,tb_placebo,43,assembled500,detectable_content:number_placeholders,82.0513,78
llama,tb_placebo,43,assembled500,detectable_content:postscript,93.3333,60
llama,tb_placebo,43,assembled500,detectable_format:constrained_response,100,1
llama,tb_placebo,43,assembled500,detectable_format:json_format,52.7778,36
llama,tb_placebo,43,assembled500,detectable_format:multiple_sections,83.5821,67
llama,tb_placebo,43,assembled500,detectable_format:number_bullet_lists,64.9123,57
llama,tb_placebo,43,assembled500,detectable_format:number_highlighted_sections,93.0556,72
llama,tb_placebo,43,assembled500,detectable_format:title,95.5882,68
llama,tb_placebo,43,assembled500,detectable_format:xml_format,25.7143,35
llama,tb_placebo,43,assembled500,keywords:existence,83.5165,91
llama,tb_placebo,43,assembled500,keywords:forbidden_words,98.9011,91
llama,tb_placebo,43,assembled500,keywords:frequency,77.551,98
llama,tb_placebo,43,assembled500,keywords:letter_frequency,42.5287,87
llama,tb_placebo,43,assembled500,language:response_language,92.1569,51
llama,tb_placebo,43,assembled500,length_constraints:nth_paragraph_first_word,24.5902,61
llama,tb_placebo,43,assembled500,length_constraints:number_paragraphs,53.7313,67
llama,tb_placebo,43,assembled500,length_constraints:number_sentences,53.271,107
llama,tb_placebo,43,assembled500,length_constraints:number_words,59.1837,98
llama,tb_placebo,43,assembled500,punctuation:no_comma,97.7778,90
llama,tb_placebo,43,assembled500,startend:end_checker,70.7965,113
llama,tb_placebo,43,assembled500,startend:quotation,60.5263,38
llama,tb_placebo,43,ifeval,change_case:capital_word_frequency,84.0,25
llama,tb_placebo,43,ifeval,change_case:english_capital,60.0,25
llama,tb_placebo,43,ifeval,change_case:english_lowercase,97.4359,39
llama,tb_placebo,43,ifeval,combination:repeat_prompt,31.7073,41
llama,tb_placebo,43,ifeval,combination:two_responses,75.0,24
llama,tb_placebo,43,ifeval,detectable_content:number_placeholders,92.5926,27
llama,tb_placebo,43,ifeval,detectable_content:postscript,92.3077,26
llama,tb_placebo,43,ifeval,detectable_format:constrained_response,100,10
llama,tb_placebo,43,ifeval,detectable_format:json_format,47.0588,17
llama,tb_placebo,43,ifeval,detectable_format:multiple_sections,71.4286,14
llama,tb_placebo,43,ifeval,detectable_format:number_bullet_lists,77.4194,31
llama,tb_placebo,43,ifeval,detectable_format:number_highlighted_sections,91.6667,48
llama,tb_placebo,43,ifeval,detectable_format:title,86.4865,37
llama,tb_placebo,43,ifeval,keywords:existence,82.0513,39
llama,tb_placebo,43,ifeval,keywords:forbidden_words,75.5102,49
llama,tb_placebo,43,ifeval,keywords:frequency,71.4286,42
llama,tb_placebo,43,ifeval,keywords:letter_frequency,66.6667,33
llama,tb_placebo,43,ifeval,language:response_language,90.3226,31
llama,tb_placebo,43,ifeval,length_constraints:nth_paragraph_first_word,58.3333,12
llama,tb_placebo,43,ifeval,length_constraints:number_paragraphs,55.5556,27
llama,tb_placebo,43,ifeval,length_constraints:number_sentences,65.3846,52
llama,tb_placebo,43,ifeval,length_constraints:number_words,65.3846,52
llama,tb_placebo,43,ifeval,punctuation:no_comma,93.9394,66
llama,tb_placebo,43,ifeval,startend:end_checker,88.4615,26
llama,tb_placebo,43,ifeval,startend:quotation,85.3659,41
llama,tb_placebo,43,mdp500,change_case:capital_word_frequency,38.4615,65
llama,tb_placebo,43,mdp500,change_case:english_capital,57.3529,68
llama,tb_placebo,43,mdp500,change_case:english_lowercase,75.641,78
llama,tb_placebo,43,mdp500,combination:repeat_prompt,8.6957,23
llama,tb_placebo,43,mdp500,combination:two_responses,45.8333,24
llama,tb_placebo,43,mdp500,detectable_content:number_placeholders,72.093,86
llama,tb_placebo,43,mdp500,detectable_content:postscript,89.4118,85
llama,tb_placebo,43,mdp500,detectable_format:constrained_response,87.5,16
llama,tb_placebo,43,mdp500,detectable_format:json_format,56.0,25
llama,tb_placebo,43,mdp500,detectable_format:multiple_sections,60.3175,63
llama,tb_placebo,43,mdp500,detectable_format:number_bullet_lists,62.2449,98
llama,tb_placebo,43,mdp500,detectable_format:number_highlighted_sections,88.8889,72
llama,tb_placebo,43,mdp500,detectable_format:title,71.4286,91
llama,tb_placebo,43,mdp500,detectable_format:xml_format,30.4348,23
llama,tb_placebo,43,mdp500,keywords:existence,94.7917,96
llama,tb_placebo,43,mdp500,keywords:forbidden_words,89.3204,103
llama,tb_placebo,43,mdp500,keywords:frequency,61.8421,76
llama,tb_placebo,43,mdp500,keywords:letter_frequency,37.6471,85
llama,tb_placebo,43,mdp500,language:response_language,69.6429,56
llama,tb_placebo,43,mdp500,length_constraints:nth_paragraph_first_word,24.359,78
llama,tb_placebo,43,mdp500,length_constraints:number_paragraphs,39.6552,58
llama,tb_placebo,43,mdp500,length_constraints:number_sentences,61.9048,84
llama,tb_placebo,43,mdp500,length_constraints:number_words,47.8261,92
llama,tb_placebo,43,mdp500,punctuation:no_comma,88.6598,97
llama,tb_placebo,43,mdp500,startend:end_checker,70.6667,75
llama,tb_placebo,43,mdp500,startend:quotation,68.9189,74
llama,tb_placebo,44,assembled500,change_case:capital_word_frequency,54.8077,104
llama,tb_placebo,44,assembled500,change_case:english_capital,55.0,80
llama,tb_placebo,44,assembled500,change_case:english_lowercase,86.4865,74
llama,tb_placebo,44,assembled500,combination:repeat_prompt,0,71
llama,tb_placebo,44,assembled500,combination:two_responses,57.6923,26
llama,tb_placebo,44,assembled500,detectable_content:number_placeholders,80.7692,78
llama,tb_placebo,44,assembled500,detectable_content:postscript,95.0,60
llama,tb_placebo,44,assembled500,detectable_format:constrained_response,100,1
llama,tb_placebo,44,assembled500,detectable_format:json_format,50.0,36
llama,tb_placebo,44,assembled500,detectable_format:multiple_sections,83.5821,67
llama,tb_placebo,44,assembled500,detectable_format:number_bullet_lists,61.4035,57
llama,tb_placebo,44,assembled500,detectable_format:number_highlighted_sections,88.8889,72
llama,tb_placebo,44,assembled500,detectable_format:title,97.0588,68
llama,tb_placebo,44,assembled500,detectable_format:xml_format,20.0,35
llama,tb_placebo,44,assembled500,keywords:existence,75.8242,91
llama,tb_placebo,44,assembled500,keywords:forbidden_words,98.9011,91
llama,tb_placebo,44,assembled500,keywords:frequency,72.449,98
llama,tb_placebo,44,assembled500,keywords:letter_frequency,45.977,87
llama,tb_placebo,44,assembled500,language:response_language,92.1569,51
llama,tb_placebo,44,assembled500,length_constraints:nth_paragraph_first_word,24.5902,61
llama,tb_placebo,44,assembled500,length_constraints:number_paragraphs,50.7463,67
llama,tb_placebo,44,assembled500,length_constraints:number_sentences,52.3364,107
llama,tb_placebo,44,assembled500,length_constraints:number_words,57.1429,98
llama,tb_placebo,44,assembled500,punctuation:no_comma,98.8889,90
llama,tb_placebo,44,assembled500,startend:end_checker,75.2212,113
llama,tb_placebo,44,assembled500,startend:quotation,60.5263,38
llama,tb_placebo,44,ifeval,change_case:capital_word_frequency,76.0,25
llama,tb_placebo,44,ifeval,change_case:english_capital,68.0,25
llama,tb_placebo,44,ifeval,change_case:english_lowercase,92.3077,39
llama,tb_placebo,44,ifeval,combination:repeat_prompt,24.3902,41
llama,tb_placebo,44,ifeval,combination:two_responses,75.0,24
llama,tb_placebo,44,ifeval,detectable_content:number_placeholders,88.8889,27
llama,tb_placebo,44,ifeval,detectable_content:postscript,92.3077,26
llama,tb_placebo,44,ifeval,detectable_format:constrained_response,100,10
llama,tb_placebo,44,ifeval,detectable_format:json_format,52.9412,17
llama,tb_placebo,44,ifeval,detectable_format:multiple_sections,71.4286,14
llama,tb_placebo,44,ifeval,detectable_format:number_bullet_lists,67.7419,31
llama,tb_placebo,44,ifeval,detectable_format:number_highlighted_sections,91.6667,48
llama,tb_placebo,44,ifeval,detectable_format:title,89.1892,37
llama,tb_placebo,44,ifeval,keywords:existence,82.0513,39
llama,tb_placebo,44,ifeval,keywords:forbidden_words,83.6735,49
llama,tb_placebo,44,ifeval,keywords:frequency,73.8095,42
llama,tb_placebo,44,ifeval,keywords:letter_frequency,66.6667,33
llama,tb_placebo,44,ifeval,language:response_language,90.3226,31
llama,tb_placebo,44,ifeval,length_constraints:nth_paragraph_first_word,50.0,12
llama,tb_placebo,44,ifeval,length_constraints:number_paragraphs,55.5556,27
llama,tb_placebo,44,ifeval,length_constraints:number_sentences,61.5385,52
llama,tb_placebo,44,ifeval,length_constraints:number_words,73.0769,52
llama,tb_placebo,44,ifeval,punctuation:no_comma,95.4545,66
llama,tb_placebo,44,ifeval,startend:end_checker,84.6154,26
llama,tb_placebo,44,ifeval,startend:quotation,82.9268,41
llama,tb_placebo,44,mdp500,change_case:capital_word_frequency,44.6154,65
llama,tb_placebo,44,mdp500,change_case:english_capital,57.3529,68
llama,tb_placebo,44,mdp500,change_case:english_lowercase,80.7692,78
llama,tb_placebo,44,mdp500,combination:repeat_prompt,13.0435,23
llama,tb_placebo,44,mdp500,combination:two_responses,41.6667,24
llama,tb_placebo,44,mdp500,detectable_content:number_placeholders,68.6047,86
llama,tb_placebo,44,mdp500,detectable_content:postscript,94.1176,85
llama,tb_placebo,44,mdp500,detectable_format:constrained_response,75.0,16
llama,tb_placebo,44,mdp500,detectable_format:json_format,52.0,25
llama,tb_placebo,44,mdp500,detectable_format:multiple_sections,57.1429,63
llama,tb_placebo,44,mdp500,detectable_format:number_bullet_lists,63.2653,98
llama,tb_placebo,44,mdp500,detectable_format:number_highlighted_sections,87.5,72
llama,tb_placebo,44,mdp500,detectable_format:title,64.8352,91
llama,tb_placebo,44,mdp500,detectable_format:xml_format,34.7826,23
llama,tb_placebo,44,mdp500,keywords:existence,91.6667,96
llama,tb_placebo,44,mdp500,keywords:forbidden_words,89.3204,103
llama,tb_placebo,44,mdp500,keywords:frequency,60.5263,76
llama,tb_placebo,44,mdp500,keywords:letter_frequency,37.6471,85
llama,tb_placebo,44,mdp500,language:response_language,67.8571,56
llama,tb_placebo,44,mdp500,length_constraints:nth_paragraph_first_word,20.5128,78
llama,tb_placebo,44,mdp500,length_constraints:number_paragraphs,36.2069,58
llama,tb_placebo,44,mdp500,length_constraints:number_sentences,61.9048,84
llama,tb_placebo,44,mdp500,length_constraints:number_words,47.8261,92
llama,tb_placebo,44,mdp500,punctuation:no_comma,85.567,97
llama,tb_placebo,44,mdp500,startend:end_checker,72.0,75
llama,tb_placebo,44,mdp500,startend:quotation,64.8649,74
llama,tb_tie,42,assembled500,change_case:capital_word_frequency,53.8462,104
llama,tb_tie,42,assembled500,change_case:english_capital,50.0,80
llama,tb_tie,42,assembled500,change_case:english_lowercase,89.1892,74
llama,tb_tie,42,assembled500,combination:repeat_prompt,0,71
llama,tb_tie,42,assembled500,combination:two_responses,69.2308,26
llama,tb_tie,42,assembled500,detectable_content:number_placeholders,85.8974,78
llama,tb_tie,42,assembled500,detectable_content:postscript,95.0,60
llama,tb_tie,42,assembled500,detectable_format:constrained_response,100,1
llama,tb_tie,42,assembled500,detectable_format:json_format,50.0,36
llama,tb_tie,42,assembled500,detectable_format:multiple_sections,83.5821,67
llama,tb_tie,42,assembled500,detectable_format:number_bullet_lists,70.1754,57
llama,tb_tie,42,assembled500,detectable_format:number_highlighted_sections,91.6667,72
llama,tb_tie,42,assembled500,detectable_format:title,95.5882,68
llama,tb_tie,42,assembled500,detectable_format:xml_format,34.2857,35
llama,tb_tie,42,assembled500,keywords:existence,75.8242,91
llama,tb_tie,42,assembled500,keywords:forbidden_words,97.8022,91
llama,tb_tie,42,assembled500,keywords:frequency,78.5714,98
llama,tb_tie,42,assembled500,keywords:letter_frequency,45.977,87
llama,tb_tie,42,assembled500,language:response_language,92.1569,51
llama,tb_tie,42,assembled500,length_constraints:nth_paragraph_first_word,13.1148,61
llama,tb_tie,42,assembled500,length_constraints:number_paragraphs,44.7761,67
llama,tb_tie,42,assembled500,length_constraints:number_sentences,58.8785,107
llama,tb_tie,42,assembled500,length_constraints:number_words,58.1633,98
llama,tb_tie,42,assembled500,punctuation:no_comma,96.6667,90
llama,tb_tie,42,assembled500,startend:end_checker,70.7965,113
llama,tb_tie,42,assembled500,startend:quotation,65.7895,38
llama,tb_tie,42,ifeval,change_case:capital_word_frequency,80.0,25
llama,tb_tie,42,ifeval,change_case:english_capital,76.0,25
llama,tb_tie,42,ifeval,change_case:english_lowercase,92.3077,39
llama,tb_tie,42,ifeval,combination:repeat_prompt,24.3902,41
llama,tb_tie,42,ifeval,combination:two_responses,70.8333,24
llama,tb_tie,42,ifeval,detectable_content:number_placeholders,88.8889,27
llama,tb_tie,42,ifeval,detectable_content:postscript,92.3077,26
llama,tb_tie,42,ifeval,detectable_format:constrained_response,100,10
llama,tb_tie,42,ifeval,detectable_format:json_format,58.8235,17
llama,tb_tie,42,ifeval,detectable_format:multiple_sections,64.2857,14
llama,tb_tie,42,ifeval,detectable_format:number_bullet_lists,80.6452,31
llama,tb_tie,42,ifeval,detectable_format:number_highlighted_sections,97.9167,48
llama,tb_tie,42,ifeval,detectable_format:title,83.7838,37
llama,tb_tie,42,ifeval,keywords:existence,82.0513,39
llama,tb_tie,42,ifeval,keywords:forbidden_words,77.551,49
llama,tb_tie,42,ifeval,keywords:frequency,71.4286,42
llama,tb_tie,42,ifeval,keywords:letter_frequency,66.6667,33
llama,tb_tie,42,ifeval,language:response_language,87.0968,31
llama,tb_tie,42,ifeval,length_constraints:nth_paragraph_first_word,58.3333,12
llama,tb_tie,42,ifeval,length_constraints:number_paragraphs,62.963,27
llama,tb_tie,42,ifeval,length_constraints:number_sentences,67.3077,52
llama,tb_tie,42,ifeval,length_constraints:number_words,63.4615,52
llama,tb_tie,42,ifeval,punctuation:no_comma,95.4545,66
llama,tb_tie,42,ifeval,startend:end_checker,84.6154,26
llama,tb_tie,42,ifeval,startend:quotation,90.2439,41
llama,tb_tie,42,mdp500,change_case:capital_word_frequency,46.1538,65
llama,tb_tie,42,mdp500,change_case:english_capital,52.9412,68
llama,tb_tie,42,mdp500,change_case:english_lowercase,73.0769,78
llama,tb_tie,42,mdp500,combination:repeat_prompt,8.6957,23
llama,tb_tie,42,mdp500,combination:two_responses,45.8333,24
llama,tb_tie,42,mdp500,detectable_content:number_placeholders,75.5814,86
llama,tb_tie,42,mdp500,detectable_content:postscript,94.1176,85
llama,tb_tie,42,mdp500,detectable_format:constrained_response,87.5,16
llama,tb_tie,42,mdp500,detectable_format:json_format,48.0,25
llama,tb_tie,42,mdp500,detectable_format:multiple_sections,60.3175,63
llama,tb_tie,42,mdp500,detectable_format:number_bullet_lists,62.2449,98
llama,tb_tie,42,mdp500,detectable_format:number_highlighted_sections,88.8889,72
llama,tb_tie,42,mdp500,detectable_format:title,73.6264,91
llama,tb_tie,42,mdp500,detectable_format:xml_format,52.1739,23
llama,tb_tie,42,mdp500,keywords:existence,89.5833,96
llama,tb_tie,42,mdp500,keywords:forbidden_words,89.3204,103
llama,tb_tie,42,mdp500,keywords:frequency,63.1579,76
llama,tb_tie,42,mdp500,keywords:letter_frequency,38.8235,85
llama,tb_tie,42,mdp500,language:response_language,66.0714,56
llama,tb_tie,42,mdp500,length_constraints:nth_paragraph_first_word,19.2308,78
llama,tb_tie,42,mdp500,length_constraints:number_paragraphs,32.7586,58
llama,tb_tie,42,mdp500,length_constraints:number_sentences,66.6667,84
llama,tb_tie,42,mdp500,length_constraints:number_words,51.087,92
llama,tb_tie,42,mdp500,punctuation:no_comma,88.6598,97
llama,tb_tie,42,mdp500,startend:end_checker,60.0,75
llama,tb_tie,42,mdp500,startend:quotation,74.3243,74
llama,tb_tie,43,assembled500,change_case:capital_word_frequency,54.8077,104
llama,tb_tie,43,assembled500,change_case:english_capital,50.0,80
llama,tb_tie,43,assembled500,change_case:english_lowercase,86.4865,74
llama,tb_tie,43,assembled500,combination:repeat_prompt,0,71
llama,tb_tie,43,assembled500,combination:two_responses,73.0769,26
llama,tb_tie,43,assembled500,detectable_content:number_placeholders,79.4872,78
llama,tb_tie,43,assembled500,detectable_content:postscript,96.6667,60
llama,tb_tie,43,assembled500,detectable_format:constrained_response,100,1
llama,tb_tie,43,assembled500,detectable_format:json_format,41.6667,36
llama,tb_tie,43,assembled500,detectable_format:multiple_sections,83.5821,67
llama,tb_tie,43,assembled500,detectable_format:number_bullet_lists,61.4035,57
llama,tb_tie,43,assembled500,detectable_format:number_highlighted_sections,88.8889,72
llama,tb_tie,43,assembled500,detectable_format:title,98.5294,68
llama,tb_tie,43,assembled500,detectable_format:xml_format,22.8571,35
llama,tb_tie,43,assembled500,keywords:existence,76.9231,91
llama,tb_tie,43,assembled500,keywords:forbidden_words,100,91
llama,tb_tie,43,assembled500,keywords:frequency,79.5918,98
llama,tb_tie,43,assembled500,keywords:letter_frequency,44.8276,87
llama,tb_tie,43,assembled500,language:response_language,88.2353,51
llama,tb_tie,43,assembled500,length_constraints:nth_paragraph_first_word,19.6721,61
llama,tb_tie,43,assembled500,length_constraints:number_paragraphs,46.2687,67
llama,tb_tie,43,assembled500,length_constraints:number_sentences,51.4019,107
llama,tb_tie,43,assembled500,length_constraints:number_words,59.1837,98
llama,tb_tie,43,assembled500,punctuation:no_comma,96.6667,90
llama,tb_tie,43,assembled500,startend:end_checker,67.2566,113
llama,tb_tie,43,assembled500,startend:quotation,65.7895,38
llama,tb_tie,43,ifeval,change_case:capital_word_frequency,76.0,25
llama,tb_tie,43,ifeval,change_case:english_capital,68.0,25
llama,tb_tie,43,ifeval,change_case:english_lowercase,94.8718,39
llama,tb_tie,43,ifeval,combination:repeat_prompt,26.8293,41
llama,tb_tie,43,ifeval,combination:two_responses,70.8333,24
llama,tb_tie,43,ifeval,detectable_content:number_placeholders,88.8889,27
llama,tb_tie,43,ifeval,detectable_content:postscript,92.3077,26
llama,tb_tie,43,ifeval,detectable_format:constrained_response,100,10
llama,tb_tie,43,ifeval,detectable_format:json_format,47.0588,17
llama,tb_tie,43,ifeval,detectable_format:multiple_sections,71.4286,14
llama,tb_tie,43,ifeval,detectable_format:number_bullet_lists,80.6452,31
llama,tb_tie,43,ifeval,detectable_format:number_highlighted_sections,87.5,48
llama,tb_tie,43,ifeval,detectable_format:title,89.1892,37
llama,tb_tie,43,ifeval,keywords:existence,79.4872,39
llama,tb_tie,43,ifeval,keywords:forbidden_words,81.6327,49
llama,tb_tie,43,ifeval,keywords:frequency,76.1905,42
llama,tb_tie,43,ifeval,keywords:letter_frequency,60.6061,33
llama,tb_tie,43,ifeval,language:response_language,93.5484,31
llama,tb_tie,43,ifeval,length_constraints:nth_paragraph_first_word,50.0,12
llama,tb_tie,43,ifeval,length_constraints:number_paragraphs,59.2593,27
llama,tb_tie,43,ifeval,length_constraints:number_sentences,61.5385,52
llama,tb_tie,43,ifeval,length_constraints:number_words,69.2308,52
llama,tb_tie,43,ifeval,punctuation:no_comma,90.9091,66
llama,tb_tie,43,ifeval,startend:end_checker,80.7692,26
llama,tb_tie,43,ifeval,startend:quotation,87.8049,41
llama,tb_tie,43,mdp500,change_case:capital_word_frequency,43.0769,65
llama,tb_tie,43,mdp500,change_case:english_capital,55.8824,68
llama,tb_tie,43,mdp500,change_case:english_lowercase,75.641,78
llama,tb_tie,43,mdp500,combination:repeat_prompt,13.0435,23
llama,tb_tie,43,mdp500,combination:two_responses,50.0,24
llama,tb_tie,43,mdp500,detectable_content:number_placeholders,76.7442,86
llama,tb_tie,43,mdp500,detectable_content:postscript,92.9412,85
llama,tb_tie,43,mdp500,detectable_format:constrained_response,87.5,16
llama,tb_tie,43,mdp500,detectable_format:json_format,44.0,25
llama,tb_tie,43,mdp500,detectable_format:multiple_sections,60.3175,63
llama,tb_tie,43,mdp500,detectable_format:number_bullet_lists,69.3878,98
llama,tb_tie,43,mdp500,detectable_format:number_highlighted_sections,88.8889,72
llama,tb_tie,43,mdp500,detectable_format:title,71.4286,91
llama,tb_tie,43,mdp500,detectable_format:xml_format,21.7391,23
llama,tb_tie,43,mdp500,keywords:existence,90.625,96
llama,tb_tie,43,mdp500,keywords:forbidden_words,85.4369,103
llama,tb_tie,43,mdp500,keywords:frequency,61.8421,76
llama,tb_tie,43,mdp500,keywords:letter_frequency,37.6471,85
llama,tb_tie,43,mdp500,language:response_language,66.0714,56
llama,tb_tie,43,mdp500,length_constraints:nth_paragraph_first_word,21.7949,78
llama,tb_tie,43,mdp500,length_constraints:number_paragraphs,34.4828,58
llama,tb_tie,43,mdp500,length_constraints:number_sentences,60.7143,84
llama,tb_tie,43,mdp500,length_constraints:number_words,50.0,92
llama,tb_tie,43,mdp500,punctuation:no_comma,85.567,97
llama,tb_tie,43,mdp500,startend:end_checker,73.3333,75
llama,tb_tie,43,mdp500,startend:quotation,68.9189,74
llama,tb_tie,44,assembled500,change_case:capital_word_frequency,54.8077,104
llama,tb_tie,44,assembled500,change_case:english_capital,58.75,80
llama,tb_tie,44,assembled500,change_case:english_lowercase,91.8919,74
llama,tb_tie,44,assembled500,combination:repeat_prompt,0,71
llama,tb_tie,44,assembled500,combination:two_responses,65.3846,26
llama,tb_tie,44,assembled500,detectable_content:number_placeholders,82.0513,78
llama,tb_tie,44,assembled500,detectable_content:postscript,98.3333,60
llama,tb_tie,44,assembled500,detectable_format:constrained_response,100,1
llama,tb_tie,44,assembled500,detectable_format:json_format,47.2222,36
llama,tb_tie,44,assembled500,detectable_format:multiple_sections,83.5821,67
llama,tb_tie,44,assembled500,detectable_format:number_bullet_lists,68.4211,57
llama,tb_tie,44,assembled500,detectable_format:number_highlighted_sections,93.0556,72
llama,tb_tie,44,assembled500,detectable_format:title,97.0588,68
llama,tb_tie,44,assembled500,detectable_format:xml_format,20.0,35
llama,tb_tie,44,assembled500,keywords:existence,79.1209,91
llama,tb_tie,44,assembled500,keywords:forbidden_words,95.6044,91
llama,tb_tie,44,assembled500,keywords:frequency,77.551,98
llama,tb_tie,44,assembled500,keywords:letter_frequency,48.2759,87
llama,tb_tie,44,assembled500,language:response_language,88.2353,51
llama,tb_tie,44,assembled500,length_constraints:nth_paragraph_first_word,26.2295,61
llama,tb_tie,44,assembled500,length_constraints:number_paragraphs,56.7164,67
llama,tb_tie,44,assembled500,length_constraints:number_sentences,50.4673,107
llama,tb_tie,44,assembled500,length_constraints:number_words,63.2653,98
llama,tb_tie,44,assembled500,punctuation:no_comma,95.5556,90
llama,tb_tie,44,assembled500,startend:end_checker,71.6814,113
llama,tb_tie,44,assembled500,startend:quotation,68.4211,38
llama,tb_tie,44,ifeval,change_case:capital_word_frequency,80.0,25
llama,tb_tie,44,ifeval,change_case:english_capital,76.0,25
llama,tb_tie,44,ifeval,change_case:english_lowercase,94.8718,39
llama,tb_tie,44,ifeval,combination:repeat_prompt,26.8293,41
llama,tb_tie,44,ifeval,combination:two_responses,75.0,24
llama,tb_tie,44,ifeval,detectable_content:number_placeholders,88.8889,27
llama,tb_tie,44,ifeval,detectable_content:postscript,88.4615,26
llama,tb_tie,44,ifeval,detectable_format:constrained_response,100,10
llama,tb_tie,44,ifeval,detectable_format:json_format,58.8235,17
llama,tb_tie,44,ifeval,detectable_format:multiple_sections,64.2857,14
llama,tb_tie,44,ifeval,detectable_format:number_bullet_lists,77.4194,31
llama,tb_tie,44,ifeval,detectable_format:number_highlighted_sections,93.75,48
llama,tb_tie,44,ifeval,detectable_format:title,83.7838,37
llama,tb_tie,44,ifeval,keywords:existence,79.4872,39
llama,tb_tie,44,ifeval,keywords:forbidden_words,83.6735,49
llama,tb_tie,44,ifeval,keywords:frequency,76.1905,42
llama,tb_tie,44,ifeval,keywords:letter_frequency,63.6364,33
llama,tb_tie,44,ifeval,language:response_language,93.5484,31
llama,tb_tie,44,ifeval,length_constraints:nth_paragraph_first_word,58.3333,12
llama,tb_tie,44,ifeval,length_constraints:number_paragraphs,55.5556,27
llama,tb_tie,44,ifeval,length_constraints:number_sentences,59.6154,52
llama,tb_tie,44,ifeval,length_constraints:number_words,71.1538,52
llama,tb_tie,44,ifeval,punctuation:no_comma,93.9394,66
llama,tb_tie,44,ifeval,startend:end_checker,88.4615,26
llama,tb_tie,44,ifeval,startend:quotation,95.122,41
llama,tb_tie,44,mdp500,change_case:capital_word_frequency,49.2308,65
llama,tb_tie,44,mdp500,change_case:english_capital,50.0,68
llama,tb_tie,44,mdp500,change_case:english_lowercase,76.9231,78
llama,tb_tie,44,mdp500,combination:repeat_prompt,8.6957,23
llama,tb_tie,44,mdp500,combination:two_responses,41.6667,24
llama,tb_tie,44,mdp500,detectable_content:number_placeholders,80.2326,86
llama,tb_tie,44,mdp500,detectable_content:postscript,94.1176,85
llama,tb_tie,44,mdp500,detectable_format:constrained_response,81.25,16
llama,tb_tie,44,mdp500,detectable_format:json_format,56.0,25
llama,tb_tie,44,mdp500,detectable_format:multiple_sections,60.3175,63
llama,tb_tie,44,mdp500,detectable_format:number_bullet_lists,64.2857,98
llama,tb_tie,44,mdp500,detectable_format:number_highlighted_sections,90.2778,72
llama,tb_tie,44,mdp500,detectable_format:title,71.4286,91
llama,tb_tie,44,mdp500,detectable_format:xml_format,56.5217,23
llama,tb_tie,44,mdp500,keywords:existence,87.5,96
llama,tb_tie,44,mdp500,keywords:forbidden_words,88.3495,103
llama,tb_tie,44,mdp500,keywords:frequency,67.1053,76
llama,tb_tie,44,mdp500,keywords:letter_frequency,38.8235,85
llama,tb_tie,44,mdp500,language:response_language,66.0714,56
llama,tb_tie,44,mdp500,length_constraints:nth_paragraph_first_word,25.641,78
llama,tb_tie,44,mdp500,length_constraints:number_paragraphs,34.4828,58
llama,tb_tie,44,mdp500,length_constraints:number_sentences,65.4762,84
llama,tb_tie,44,mdp500,length_constraints:number_words,52.1739,92
llama,tb_tie,44,mdp500,punctuation:no_comma,84.5361,97
llama,tb_tie,44,mdp500,startend:end_checker,68.0,75
llama,tb_tie,44,mdp500,startend:quotation,68.9189,74
llama,tb_tie,45,assembled500,change_case:capital_word_frequency,55.7692,104
llama,tb_tie,45,assembled500,change_case:english_capital,47.5,80
llama,tb_tie,45,assembled500,change_case:english_lowercase,89.1892,74
llama,tb_tie,45,assembled500,combination:repeat_prompt,0,71
llama,tb_tie,45,assembled500,combination:two_responses,76.9231,26
llama,tb_tie,45,assembled500,detectable_content:number_placeholders,80.7692,78
llama,tb_tie,45,assembled500,detectable_content:postscript,96.6667,60
llama,tb_tie,45,assembled500,detectable_format:constrained_response,100,1
llama,tb_tie,45,assembled500,detectable_format:json_format,50.0,36
llama,tb_tie,45,assembled500,detectable_format:multiple_sections,83.5821,67
llama,tb_tie,45,assembled500,detectable_format:number_bullet_lists,68.4211,57
llama,tb_tie,45,assembled500,detectable_format:number_highlighted_sections,93.0556,72
llama,tb_tie,45,assembled500,detectable_format:title,95.5882,68
llama,tb_tie,45,assembled500,detectable_format:xml_format,42.8571,35
llama,tb_tie,45,assembled500,keywords:existence,80.2198,91
llama,tb_tie,45,assembled500,keywords:forbidden_words,100,91
llama,tb_tie,45,assembled500,keywords:frequency,69.3878,98
llama,tb_tie,45,assembled500,keywords:letter_frequency,49.4253,87
llama,tb_tie,45,assembled500,language:response_language,90.1961,51
llama,tb_tie,45,assembled500,length_constraints:nth_paragraph_first_word,16.3934,61
llama,tb_tie,45,assembled500,length_constraints:number_paragraphs,52.2388,67
llama,tb_tie,45,assembled500,length_constraints:number_sentences,51.4019,107
llama,tb_tie,45,assembled500,length_constraints:number_words,58.1633,98
llama,tb_tie,45,assembled500,punctuation:no_comma,95.5556,90
llama,tb_tie,45,assembled500,startend:end_checker,75.2212,113
llama,tb_tie,45,assembled500,startend:quotation,68.4211,38
llama,tb_tie,45,ifeval,change_case:capital_word_frequency,76.0,25
llama,tb_tie,45,ifeval,change_case:english_capital,68.0,25
llama,tb_tie,45,ifeval,change_case:english_lowercase,92.3077,39
llama,tb_tie,45,ifeval,combination:repeat_prompt,24.3902,41
llama,tb_tie,45,ifeval,combination:two_responses,79.1667,24
llama,tb_tie,45,ifeval,detectable_content:number_placeholders,88.8889,27
llama,tb_tie,45,ifeval,detectable_content:postscript,92.3077,26
llama,tb_tie,45,ifeval,detectable_format:constrained_response,100,10
llama,tb_tie,45,ifeval,detectable_format:json_format,58.8235,17
llama,tb_tie,45,ifeval,detectable_format:multiple_sections,64.2857,14
llama,tb_tie,45,ifeval,detectable_format:number_bullet_lists,80.6452,31
llama,tb_tie,45,ifeval,detectable_format:number_highlighted_sections,93.75,48
llama,tb_tie,45,ifeval,detectable_format:title,81.0811,37
llama,tb_tie,45,ifeval,keywords:existence,76.9231,39
llama,tb_tie,45,ifeval,keywords:forbidden_words,81.6327,49
llama,tb_tie,45,ifeval,keywords:frequency,76.1905,42
llama,tb_tie,45,ifeval,keywords:letter_frequency,66.6667,33
llama,tb_tie,45,ifeval,language:response_language,90.3226,31
llama,tb_tie,45,ifeval,length_constraints:nth_paragraph_first_word,66.6667,12
llama,tb_tie,45,ifeval,length_constraints:number_paragraphs,55.5556,27
llama,tb_tie,45,ifeval,length_constraints:number_sentences,67.3077,52
llama,tb_tie,45,ifeval,length_constraints:number_words,69.2308,52
llama,tb_tie,45,ifeval,punctuation:no_comma,92.4242,66
llama,tb_tie,45,ifeval,startend:end_checker,76.9231,26
llama,tb_tie,45,ifeval,startend:quotation,87.8049,41
llama,tb_tie,45,mdp500,change_case:capital_word_frequency,44.6154,65
llama,tb_tie,45,mdp500,change_case:english_capital,57.3529,68
llama,tb_tie,45,mdp500,change_case:english_lowercase,79.4872,78
llama,tb_tie,45,mdp500,combination:repeat_prompt,13.0435,23
llama,tb_tie,45,mdp500,combination:two_responses,41.6667,24
llama,tb_tie,45,mdp500,detectable_content:number_placeholders,76.7442,86
llama,tb_tie,45,mdp500,detectable_content:postscript,90.5882,85
llama,tb_tie,45,mdp500,detectable_format:constrained_response,81.25,16
llama,tb_tie,45,mdp500,detectable_format:json_format,56.0,25
llama,tb_tie,45,mdp500,detectable_format:multiple_sections,60.3175,63
llama,tb_tie,45,mdp500,detectable_format:number_bullet_lists,67.3469,98
llama,tb_tie,45,mdp500,detectable_format:number_highlighted_sections,91.6667,72
llama,tb_tie,45,mdp500,detectable_format:title,70.3297,91
llama,tb_tie,45,mdp500,detectable_format:xml_format,52.1739,23
llama,tb_tie,45,mdp500,keywords:existence,91.6667,96
llama,tb_tie,45,mdp500,keywords:forbidden_words,84.466,103
llama,tb_tie,45,mdp500,keywords:frequency,68.4211,76
llama,tb_tie,45,mdp500,keywords:letter_frequency,36.4706,85
llama,tb_tie,45,mdp500,language:response_language,67.8571,56
llama,tb_tie,45,mdp500,length_constraints:nth_paragraph_first_word,23.0769,78
llama,tb_tie,45,mdp500,length_constraints:number_paragraphs,41.3793,58
llama,tb_tie,45,mdp500,length_constraints:number_sentences,63.0952,84
llama,tb_tie,45,mdp500,length_constraints:number_words,54.3478,92
llama,tb_tie,45,mdp500,punctuation:no_comma,86.5979,97
llama,tb_tie,45,mdp500,startend:end_checker,69.3333,75
llama,tb_tie,45,mdp500,startend:quotation,78.3784,74
llama,tb_tie,46,assembled500,change_case:capital_word_frequency,50.0,104
llama,tb_tie,46,assembled500,change_case:english_capital,48.75,80
llama,tb_tie,46,assembled500,change_case:english_lowercase,85.1351,74
llama,tb_tie,46,assembled500,combination:repeat_prompt,0,71
llama,tb_tie,46,assembled500,combination:two_responses,73.0769,26
llama,tb_tie,46,assembled500,detectable_content:number_placeholders,79.4872,78
llama,tb_tie,46,assembled500,detectable_content:postscript,95.0,60
llama,tb_tie,46,assembled500,detectable_format:constrained_response,100,1
llama,tb_tie,46,assembled500,detectable_format:json_format,58.3333,36
llama,tb_tie,46,assembled500,detectable_format:multiple_sections,83.5821,67
llama,tb_tie,46,assembled500,detectable_format:number_bullet_lists,70.1754,57
llama,tb_tie,46,assembled500,detectable_format:number_highlighted_sections,91.6667,72
llama,tb_tie,46,assembled500,detectable_format:title,97.0588,68
llama,tb_tie,46,assembled500,detectable_format:xml_format,28.5714,35
llama,tb_tie,46,assembled500,keywords:existence,81.3187,91
llama,tb_tie,46,assembled500,keywords:forbidden_words,98.9011,91
llama,tb_tie,46,assembled500,keywords:frequency,74.4898,98
llama,tb_tie,46,assembled500,keywords:letter_frequency,48.2759,87
llama,tb_tie,46,assembled500,language:response_language,92.1569,51
llama,tb_tie,46,assembled500,length_constraints:nth_paragraph_first_word,19.6721,61
llama,tb_tie,46,assembled500,length_constraints:number_paragraphs,49.2537,67
llama,tb_tie,46,assembled500,length_constraints:number_sentences,52.3364,107
llama,tb_tie,46,assembled500,length_constraints:number_words,60.2041,98
llama,tb_tie,46,assembled500,punctuation:no_comma,94.4444,90
llama,tb_tie,46,assembled500,startend:end_checker,71.6814,113
llama,tb_tie,46,assembled500,startend:quotation,44.7368,38
llama,tb_tie,46,ifeval,change_case:capital_word_frequency,80.0,25
llama,tb_tie,46,ifeval,change_case:english_capital,68.0,25
llama,tb_tie,46,ifeval,change_case:english_lowercase,89.7436,39
llama,tb_tie,46,ifeval,combination:repeat_prompt,34.1463,41
llama,tb_tie,46,ifeval,combination:two_responses,70.8333,24
llama,tb_tie,46,ifeval,detectable_content:number_placeholders,92.5926,27
llama,tb_tie,46,ifeval,detectable_content:postscript,96.1538,26
llama,tb_tie,46,ifeval,detectable_format:constrained_response,100,10
llama,tb_tie,46,ifeval,detectable_format:json_format,64.7059,17
llama,tb_tie,46,ifeval,detectable_format:multiple_sections,57.1429,14
llama,tb_tie,46,ifeval,detectable_format:number_bullet_lists,70.9677,31
llama,tb_tie,46,ifeval,detectable_format:number_highlighted_sections,95.8333,48
llama,tb_tie,46,ifeval,detectable_format:title,81.0811,37
llama,tb_tie,46,ifeval,keywords:existence,82.0513,39
llama,tb_tie,46,ifeval,keywords:forbidden_words,79.5918,49
llama,tb_tie,46,ifeval,keywords:frequency,80.9524,42
llama,tb_tie,46,ifeval,keywords:letter_frequency,63.6364,33
llama,tb_tie,46,ifeval,language:response_language,90.3226,31
llama,tb_tie,46,ifeval,length_constraints:nth_paragraph_first_word,66.6667,12
llama,tb_tie,46,ifeval,length_constraints:number_paragraphs,59.2593,27
llama,tb_tie,46,ifeval,length_constraints:number_sentences,63.4615,52
llama,tb_tie,46,ifeval,length_constraints:number_words,67.3077,52
llama,tb_tie,46,ifeval,punctuation:no_comma,92.4242,66
llama,tb_tie,46,ifeval,startend:end_checker,88.4615,26
llama,tb_tie,46,ifeval,startend:quotation,87.8049,41
llama,tb_tie,46,mdp500,change_case:capital_word_frequency,43.0769,65
llama,tb_tie,46,mdp500,change_case:english_capital,55.8824,68
llama,tb_tie,46,mdp500,change_case:english_lowercase,74.359,78
llama,tb_tie,46,mdp500,combination:repeat_prompt,13.0435,23
llama,tb_tie,46,mdp500,combination:two_responses,45.8333,24
llama,tb_tie,46,mdp500,detectable_content:number_placeholders,70.9302,86
llama,tb_tie,46,mdp500,detectable_content:postscript,94.1176,85
llama,tb_tie,46,mdp500,detectable_format:constrained_response,81.25,16
llama,tb_tie,46,mdp500,detectable_format:json_format,52.0,25
llama,tb_tie,46,mdp500,detectable_format:multiple_sections,61.9048,63
llama,tb_tie,46,mdp500,detectable_format:number_bullet_lists,69.3878,98
llama,tb_tie,46,mdp500,detectable_format:number_highlighted_sections,86.1111,72
llama,tb_tie,46,mdp500,detectable_format:title,70.3297,91
llama,tb_tie,46,mdp500,detectable_format:xml_format,52.1739,23
llama,tb_tie,46,mdp500,keywords:existence,90.625,96
llama,tb_tie,46,mdp500,keywords:forbidden_words,88.3495,103
llama,tb_tie,46,mdp500,keywords:frequency,59.2105,76
llama,tb_tie,46,mdp500,keywords:letter_frequency,40.0,85
llama,tb_tie,46,mdp500,language:response_language,69.6429,56
llama,tb_tie,46,mdp500,length_constraints:nth_paragraph_first_word,25.641,78
llama,tb_tie,46,mdp500,length_constraints:number_paragraphs,34.4828,58
llama,tb_tie,46,mdp500,length_constraints:number_sentences,64.2857,84
llama,tb_tie,46,mdp500,length_constraints:number_words,47.8261,92
llama,tb_tie,46,mdp500,punctuation:no_comma,82.4742,97
llama,tb_tie,46,mdp500,startend:end_checker,70.6667,75
llama,tb_tie,46,mdp500,startend:quotation,74.3243,74
llama1b,da_half,42,assembled500,change_case:capital_word_frequency,53.8462,104
llama1b,da_half,42,assembled500,change_case:english_capital,35.0,80
llama1b,da_half,42,assembled500,change_case:english_lowercase,90.5405,74
llama1b,da_half,42,assembled500,combination:repeat_prompt,0,71
llama1b,da_half,42,assembled500,combination:two_responses,30.7692,26
llama1b,da_half,42,assembled500,detectable_content:number_placeholders,93.5897,78
llama1b,da_half,42,assembled500,detectable_content:postscript,73.3333,60
llama1b,da_half,42,assembled500,detectable_format:constrained_response,100,1
llama1b,da_half,42,assembled500,detectable_format:json_format,19.4444,36
llama1b,da_half,42,assembled500,detectable_format:multiple_sections,71.6418,67
llama1b,da_half,42,assembled500,detectable_format:number_bullet_lists,40.3509,57
llama1b,da_half,42,assembled500,detectable_format:number_highlighted_sections,86.1111,72
llama1b,da_half,42,assembled500,detectable_format:title,61.7647,68
llama1b,da_half,42,assembled500,detectable_format:xml_format,25.7143,35
llama1b,da_half,42,assembled500,keywords:existence,52.7473,91
llama1b,da_half,42,assembled500,keywords:forbidden_words,97.8022,91
llama1b,da_half,42,assembled500,keywords:frequency,51.0204,98
llama1b,da_half,42,assembled500,keywords:letter_frequency,45.977,87
llama1b,da_half,42,assembled500,language:response_language,78.4314,51
llama1b,da_half,42,assembled500,length_constraints:nth_paragraph_first_word,6.5574,61
llama1b,da_half,42,assembled500,length_constraints:number_paragraphs,20.8955,67
llama1b,da_half,42,assembled500,length_constraints:number_sentences,46.729,107
llama1b,da_half,42,assembled500,length_constraints:number_words,58.1633,98
llama1b,da_half,42,assembled500,punctuation:no_comma,90.0,90
llama1b,da_half,42,assembled500,startend:end_checker,29.2035,113
llama1b,da_half,42,assembled500,startend:quotation,47.3684,38
llama1b,da_half,42,ifeval,change_case:capital_word_frequency,80.0,25
llama1b,da_half,42,ifeval,change_case:english_capital,36.0,25
llama1b,da_half,42,ifeval,change_case:english_lowercase,74.359,39
llama1b,da_half,42,ifeval,combination:repeat_prompt,2.439,41
llama1b,da_half,42,ifeval,combination:two_responses,25.0,24
llama1b,da_half,42,ifeval,detectable_content:number_placeholders,96.2963,27
llama1b,da_half,42,ifeval,detectable_content:postscript,65.3846,26
llama1b,da_half,42,ifeval,detectable_format:constrained_response,100,10
llama1b,da_half,42,ifeval,detectable_format:json_format,58.8235,17
llama1b,da_half,42,ifeval,detectable_format:multiple_sections,14.2857,14
llama1b,da_half,42,ifeval,detectable_format:number_bullet_lists,45.1613,31
llama1b,da_half,42,ifeval,detectable_format:number_highlighted_sections,97.9167,48
llama1b,da_half,42,ifeval,detectable_format:title,56.7568,37
llama1b,da_half,42,ifeval,keywords:existence,61.5385,39
llama1b,da_half,42,ifeval,keywords:forbidden_words,69.3878,49
llama1b,da_half,42,ifeval,keywords:frequency,61.9048,42
llama1b,da_half,42,ifeval,keywords:letter_frequency,60.6061,33
llama1b,da_half,42,ifeval,language:response_language,83.871,31
llama1b,da_half,42,ifeval,length_constraints:nth_paragraph_first_word,50.0,12
llama1b,da_half,42,ifeval,length_constraints:number_paragraphs,11.1111,27
llama1b,da_half,42,ifeval,length_constraints:number_sentences,57.6923,52
llama1b,da_half,42,ifeval,length_constraints:number_words,69.2308,52
llama1b,da_half,42,ifeval,punctuation:no_comma,92.4242,66
llama1b,da_half,42,ifeval,startend:end_checker,38.4615,26
llama1b,da_half,42,ifeval,startend:quotation,53.6585,41
llama1b,da_half,42,mdp500,change_case:capital_word_frequency,36.9231,65
llama1b,da_half,42,mdp500,change_case:english_capital,22.0588,68
llama1b,da_half,42,mdp500,change_case:english_lowercase,71.7949,78
llama1b,da_half,42,mdp500,combination:repeat_prompt,0,23
llama1b,da_half,42,mdp500,combination:two_responses,20.8333,24
llama1b,da_half,42,mdp500,detectable_content:number_placeholders,79.0698,86
llama1b,da_half,42,mdp500,detectable_content:postscript,70.5882,85
llama1b,da_half,42,mdp500,detectable_format:constrained_response,62.5,16
llama1b,da_half,42,mdp500,detectable_format:json_format,56.0,25
llama1b,da_half,42,mdp500,detectable_format:multiple_sections,55.5556,63
llama1b,da_half,42,mdp500,detectable_format:number_bullet_lists,53.0612,98
llama1b,da_half,42,mdp500,detectable_format:number_highlighted_sections,72.2222,72
llama1b,da_half,42,mdp500,detectable_format:title,46.1538,91
llama1b,da_half,42,mdp500,detectable_format:xml_format,43.4783,23
llama1b,da_half,42,mdp500,keywords:existence,77.0833,96
llama1b,da_half,42,mdp500,keywords:forbidden_words,75.7282,103
llama1b,da_half,42,mdp500,keywords:frequency,50.0,76
llama1b,da_half,42,mdp500,keywords:letter_frequency,35.2941,85
llama1b,da_half,42,mdp500,language:response_language,50.0,56
llama1b,da_half,42,mdp500,length_constraints:nth_paragraph_first_word,6.4103,78
llama1b,da_half,42,mdp500,length_constraints:number_paragraphs,12.069,58
llama1b,da_half,42,mdp500,length_constraints:number_sentences,59.5238,84
llama1b,da_half,42,mdp500,length_constraints:number_words,48.913,92
llama1b,da_half,42,mdp500,punctuation:no_comma,86.5979,97
llama1b,da_half,42,mdp500,startend:end_checker,30.6667,75
llama1b,da_half,42,mdp500,startend:quotation,31.0811,74
llama1b,da_half,43,assembled500,change_case:capital_word_frequency,50.9615,104
llama1b,da_half,43,assembled500,change_case:english_capital,28.75,80
llama1b,da_half,43,assembled500,change_case:english_lowercase,85.1351,74
llama1b,da_half,43,assembled500,combination:repeat_prompt,0,71
llama1b,da_half,43,assembled500,combination:two_responses,23.0769,26
llama1b,da_half,43,assembled500,detectable_content:number_placeholders,89.7436,78
llama1b,da_half,43,assembled500,detectable_content:postscript,80.0,60
llama1b,da_half,43,assembled500,detectable_format:constrained_response,0,1
llama1b,da_half,43,assembled500,detectable_format:json_format,22.2222,36
llama1b,da_half,43,assembled500,detectable_format:multiple_sections,70.1493,67
llama1b,da_half,43,assembled500,detectable_format:number_bullet_lists,43.8596,57
llama1b,da_half,43,assembled500,detectable_format:number_highlighted_sections,93.0556,72
llama1b,da_half,43,assembled500,detectable_format:title,64.7059,68
llama1b,da_half,43,assembled500,detectable_format:xml_format,28.5714,35
llama1b,da_half,43,assembled500,keywords:existence,52.7473,91
llama1b,da_half,43,assembled500,keywords:forbidden_words,98.9011,91
llama1b,da_half,43,assembled500,keywords:frequency,58.1633,98
llama1b,da_half,43,assembled500,keywords:letter_frequency,44.8276,87
llama1b,da_half,43,assembled500,language:response_language,82.3529,51
llama1b,da_half,43,assembled500,length_constraints:nth_paragraph_first_word,4.918,61
llama1b,da_half,43,assembled500,length_constraints:number_paragraphs,25.3731,67
llama1b,da_half,43,assembled500,length_constraints:number_sentences,46.729,107
llama1b,da_half,43,assembled500,length_constraints:number_words,55.102,98
llama1b,da_half,43,assembled500,punctuation:no_comma,93.3333,90
llama1b,da_half,43,assembled500,startend:end_checker,26.5487,113
llama1b,da_half,43,assembled500,startend:quotation,50.0,38
llama1b,da_half,43,ifeval,change_case:capital_word_frequency,68.0,25
llama1b,da_half,43,ifeval,change_case:english_capital,44.0,25
llama1b,da_half,43,ifeval,change_case:english_lowercase,71.7949,39
llama1b,da_half,43,ifeval,combination:repeat_prompt,2.439,41
llama1b,da_half,43,ifeval,combination:two_responses,12.5,24
llama1b,da_half,43,ifeval,detectable_content:number_placeholders,85.1852,27
llama1b,da_half,43,ifeval,detectable_content:postscript,84.6154,26
llama1b,da_half,43,ifeval,detectable_format:constrained_response,100,10
llama1b,da_half,43,ifeval,detectable_format:json_format,58.8235,17
llama1b,da_half,43,ifeval,detectable_format:multiple_sections,21.4286,14
llama1b,da_half,43,ifeval,detectable_format:number_bullet_lists,45.1613,31
llama1b,da_half,43,ifeval,detectable_format:number_highlighted_sections,89.5833,48
llama1b,da_half,43,ifeval,detectable_format:title,54.0541,37
llama1b,da_half,43,ifeval,keywords:existence,51.2821,39
llama1b,da_half,43,ifeval,keywords:forbidden_words,71.4286,49
llama1b,da_half,43,ifeval,keywords:frequency,54.7619,42
llama1b,da_half,43,ifeval,keywords:letter_frequency,60.6061,33
llama1b,da_half,43,ifeval,language:response_language,80.6452,31
llama1b,da_half,43,ifeval,length_constraints:nth_paragraph_first_word,33.3333,12
llama1b,da_half,43,ifeval,length_constraints:number_paragraphs,7.4074,27
llama1b,da_half,43,ifeval,length_constraints:number_sentences,48.0769,52
llama1b,da_half,43,ifeval,length_constraints:number_words,61.5385,52
llama1b,da_half,43,ifeval,punctuation:no_comma,92.4242,66
llama1b,da_half,43,ifeval,startend:end_checker,38.4615,26
llama1b,da_half,43,ifeval,startend:quotation,56.0976,41
llama1b,da_half,43,mdp500,change_case:capital_word_frequency,43.0769,65
llama1b,da_half,43,mdp500,change_case:english_capital,30.8824,68
llama1b,da_half,43,mdp500,change_case:english_lowercase,67.9487,78
llama1b,da_half,43,mdp500,combination:repeat_prompt,0,23
llama1b,da_half,43,mdp500,combination:two_responses,12.5,24
llama1b,da_half,43,mdp500,detectable_content:number_placeholders,76.7442,86
llama1b,da_half,43,mdp500,detectable_content:postscript,72.9412,85
llama1b,da_half,43,mdp500,detectable_format:constrained_response,56.25,16
llama1b,da_half,43,mdp500,detectable_format:json_format,48.0,25
llama1b,da_half,43,mdp500,detectable_format:multiple_sections,55.5556,63
llama1b,da_half,43,mdp500,detectable_format:number_bullet_lists,50.0,98
llama1b,da_half,43,mdp500,detectable_format:number_highlighted_sections,72.2222,72
llama1b,da_half,43,mdp500,detectable_format:title,49.4505,91
llama1b,da_half,43,mdp500,detectable_format:xml_format,47.8261,23
llama1b,da_half,43,mdp500,keywords:existence,78.125,96
llama1b,da_half,43,mdp500,keywords:forbidden_words,74.7573,103
llama1b,da_half,43,mdp500,keywords:frequency,50.0,76
llama1b,da_half,43,mdp500,keywords:letter_frequency,35.2941,85
llama1b,da_half,43,mdp500,language:response_language,53.5714,56
llama1b,da_half,43,mdp500,length_constraints:nth_paragraph_first_word,6.4103,78
llama1b,da_half,43,mdp500,length_constraints:number_paragraphs,10.3448,58
llama1b,da_half,43,mdp500,length_constraints:number_sentences,52.381,84
llama1b,da_half,43,mdp500,length_constraints:number_words,48.913,92
llama1b,da_half,43,mdp500,punctuation:no_comma,87.6289,97
llama1b,da_half,43,mdp500,startend:end_checker,25.3333,75
llama1b,da_half,43,mdp500,startend:quotation,32.4324,74
llama1b,da_half,44,assembled500,change_case:capital_word_frequency,54.8077,104
llama1b,da_half,44,assembled500,change_case:english_capital,23.75,80
llama1b,da_half,44,assembled500,change_case:english_lowercase,79.7297,74
llama1b,da_half,44,assembled500,combination:repeat_prompt,0,71
llama1b,da_half,44,assembled500,combination:two_responses,23.0769,26
llama1b,da_half,44,assembled500,detectable_content:number_placeholders,88.4615,78
llama1b,da_half,44,assembled500,detectable_content:postscript,63.3333,60
llama1b,da_half,44,assembled500,detectable_format:constrained_response,100,1
llama1b,da_half,44,assembled500,detectable_format:json_format,36.1111,36
llama1b,da_half,44,assembled500,detectable_format:multiple_sections,73.1343,67
llama1b,da_half,44,assembled500,detectable_format:number_bullet_lists,33.3333,57
llama1b,da_half,44,assembled500,detectable_format:number_highlighted_sections,86.1111,72
llama1b,da_half,44,assembled500,detectable_format:title,58.8235,68
llama1b,da_half,44,assembled500,detectable_format:xml_format,37.1429,35
llama1b,da_half,44,assembled500,keywords:existence,61.5385,91
llama1b,da_half,44,assembled500,keywords:forbidden_words,96.7033,91
llama1b,da_half,44,assembled500,keywords:frequency,57.1429,98
llama1b,da_half,44,assembled500,keywords:letter_frequency,41.3793,87
llama1b,da_half,44,assembled500,language:response_language,88.2353,51
llama1b,da_half,44,assembled500,length_constraints:nth_paragraph_first_word,4.918,61
llama1b,da_half,44,assembled500,length_constraints:number_paragraphs,20.8955,67
llama1b,da_half,44,assembled500,length_constraints:number_sentences,49.5327,107
llama1b,da_half,44,assembled500,length_constraints:number_words,55.102,98
llama1b,da_half,44,assembled500,punctuation:no_comma,90.0,90
llama1b,da_half,44,assembled500,startend:end_checker,32.7434,113
llama1b,da_half,44,assembled500,startend:quotation,52.6316,38
llama1b,da_half,44,ifeval,change_case:capital_word_frequency,76.0,25
llama1b,da_half,44,ifeval,change_case:english_capital,40.0,25
llama1b,da_half,44,ifeval,change_case:english_lowercase,71.7949,39
llama1b,da_half,44,ifeval,combination:repeat_prompt,2.439,41
llama1b,da_half,44,ifeval,combination:two_responses,25.0,24
llama1b,da_half,44,ifeval,detectable_content:number_placeholders,85.1852,27
llama1b,da_half,44,ifeval,detectable_content:postscript,73.0769,26
llama1b,da_half,44,ifeval,detectable_format:constrained_response,100,10
llama1b,da_half,44,ifeval,detectable_format:json_format,52.9412,17
llama1b,da_half,44,ifeval,detectable_format:multiple_sections,28.5714,14
llama1b,da_half,44,ifeval,detectable_format:number_bullet_lists,48.3871,31
llama1b,da_half,44,ifeval,detectable_format:number_highlighted_sections,89.5833,48
llama1b,da_half,44,ifeval,detectable_format:title,43.2432,37
llama1b,da_half,44,ifeval,keywords:existence,51.2821,39
llama1b,da_half,44,ifeval,keywords:forbidden_words,71.4286,49
llama1b,da_half,44,ifeval,keywords:frequency,57.1429,42
llama1b,da_half,44,ifeval,keywords:letter_frequency,60.6061,33
llama1b,da_half,44,ifeval,language:response_language,80.6452,31
llama1b,da_half,44,ifeval,length_constraints:nth_paragraph_first_word,41.6667,12
llama1b,da_half,44,ifeval,length_constraints:number_paragraphs,11.1111,27
llama1b,da_half,44,ifeval,length_constraints:number_sentences,61.5385,52
llama1b,da_half,44,ifeval,length_constraints:number_words,61.5385,52
llama1b,da_half,44,ifeval,punctuation:no_comma,93.9394,66
llama1b,da_half,44,ifeval,startend:end_checker,34.6154,26
llama1b,da_half,44,ifeval,startend:quotation,56.0976,41
llama1b,da_half,44,mdp500,change_case:capital_word_frequency,40.0,65
llama1b,da_half,44,mdp500,change_case:english_capital,29.4118,68
llama1b,da_half,44,mdp500,change_case:english_lowercase,71.7949,78
llama1b,da_half,44,mdp500,combination:repeat_prompt,0,23
llama1b,da_half,44,mdp500,combination:two_responses,16.6667,24
llama1b,da_half,44,mdp500,detectable_content:number_placeholders,77.907,86
llama1b,da_half,44,mdp500,detectable_content:postscript,69.4118,85
llama1b,da_half,44,mdp500,detectable_format:constrained_response,50.0,16
llama1b,da_half,44,mdp500,detectable_format:json_format,44.0,25
llama1b,da_half,44,mdp500,detectable_format:multiple_sections,57.1429,63
llama1b,da_half,44,mdp500,detectable_format:number_bullet_lists,53.0612,98
llama1b,da_half,44,mdp500,detectable_format:number_highlighted_sections,66.6667,72
llama1b,da_half,44,mdp500,detectable_format:title,40.6593,91
llama1b,da_half,44,mdp500,detectable_format:xml_format,47.8261,23
llama1b,da_half,44,mdp500,keywords:existence,79.1667,96
llama1b,da_half,44,mdp500,keywords:forbidden_words,72.8155,103
llama1b,da_half,44,mdp500,keywords:frequency,50.0,76
llama1b,da_half,44,mdp500,keywords:letter_frequency,34.1176,85
llama1b,da_half,44,mdp500,language:response_language,51.7857,56
llama1b,da_half,44,mdp500,length_constraints:nth_paragraph_first_word,10.2564,78
llama1b,da_half,44,mdp500,length_constraints:number_paragraphs,6.8966,58
llama1b,da_half,44,mdp500,length_constraints:number_sentences,55.9524,84
llama1b,da_half,44,mdp500,length_constraints:number_words,50.0,92
llama1b,da_half,44,mdp500,punctuation:no_comma,85.567,97
llama1b,da_half,44,mdp500,startend:end_checker,33.3333,75
llama1b,da_half,44,mdp500,startend:quotation,35.1351,74
llama1b,grpo,42,assembled500,change_case:capital_word_frequency,58.6538,104
llama1b,grpo,42,assembled500,change_case:english_capital,33.75,80
llama1b,grpo,42,assembled500,change_case:english_lowercase,79.7297,74
llama1b,grpo,42,assembled500,combination:repeat_prompt,0,71
llama1b,grpo,42,assembled500,combination:two_responses,26.9231,26
llama1b,grpo,42,assembled500,detectable_content:number_placeholders,93.5897,78
llama1b,grpo,42,assembled500,detectable_content:postscript,78.3333,60
llama1b,grpo,42,assembled500,detectable_format:constrained_response,100,1
llama1b,grpo,42,assembled500,detectable_format:json_format,16.6667,36
llama1b,grpo,42,assembled500,detectable_format:multiple_sections,71.6418,67
llama1b,grpo,42,assembled500,detectable_format:number_bullet_lists,43.8596,57
llama1b,grpo,42,assembled500,detectable_format:number_highlighted_sections,97.2222,72
llama1b,grpo,42,assembled500,detectable_format:title,61.7647,68
llama1b,grpo,42,assembled500,detectable_format:xml_format,25.7143,35
llama1b,grpo,42,assembled500,keywords:existence,56.044,91
llama1b,grpo,42,assembled500,keywords:forbidden_words,98.9011,91
llama1b,grpo,42,assembled500,keywords:frequency,53.0612,98
llama1b,grpo,42,assembled500,keywords:letter_frequency,44.8276,87
llama1b,grpo,42,assembled500,language:response_language,82.3529,51
llama1b,grpo,42,assembled500,length_constraints:nth_paragraph_first_word,6.5574,61
llama1b,grpo,42,assembled500,length_constraints:number_paragraphs,20.8955,67
llama1b,grpo,42,assembled500,length_constraints:number_sentences,50.4673,107
llama1b,grpo,42,assembled500,length_constraints:number_words,51.0204,98
llama1b,grpo,42,assembled500,punctuation:no_comma,97.7778,90
llama1b,grpo,42,assembled500,startend:end_checker,33.6283,113
llama1b,grpo,42,assembled500,startend:quotation,42.1053,38
llama1b,grpo,42,ifeval,change_case:capital_word_frequency,72.0,25
llama1b,grpo,42,ifeval,change_case:english_capital,48.0,25
llama1b,grpo,42,ifeval,change_case:english_lowercase,79.4872,39
llama1b,grpo,42,ifeval,combination:repeat_prompt,2.439,41
llama1b,grpo,42,ifeval,combination:two_responses,37.5,24
llama1b,grpo,42,ifeval,detectable_content:number_placeholders,100,27
llama1b,grpo,42,ifeval,detectable_content:postscript,84.6154,26
llama1b,grpo,42,ifeval,detectable_format:constrained_response,80.0,10
llama1b,grpo,42,ifeval,detectable_format:json_format,52.9412,17
llama1b,grpo,42,ifeval,detectable_format:multiple_sections,42.8571,14
llama1b,grpo,42,ifeval,detectable_format:number_bullet_lists,64.5161,31
llama1b,grpo,42,ifeval,detectable_format:number_highlighted_sections,91.6667,48
llama1b,grpo,42,ifeval,detectable_format:title,51.3514,37
llama1b,grpo,42,ifeval,keywords:existence,64.1026,39
llama1b,grpo,42,ifeval,keywords:forbidden_words,73.4694,49
llama1b,grpo,42,ifeval,keywords:frequency,59.5238,42
llama1b,grpo,42,ifeval,keywords:letter_frequency,63.6364,33
llama1b,grpo,42,ifeval,language:response_language,80.6452,31
llama1b,grpo,42,ifeval,length_constraints:nth_paragraph_first_word,41.6667,12
llama1b,grpo,42,ifeval,length_constraints:number_paragraphs,11.1111,27
llama1b,grpo,42,ifeval,length_constraints:number_sentences,63.4615,52
llama1b,grpo,42,ifeval,length_constraints:number_words,61.5385,52
llama1b,grpo,42,ifeval,punctuation:no_comma,96.9697,66
llama1b,grpo,42,ifeval,startend:end_checker,50.0,26
llama1b,grpo,42,ifeval,startend:quotation,53.6585,41
llama1b,grpo,42,mdp500,change_case:capital_word_frequency,43.0769,65
llama1b,grpo,42,mdp500,change_case:english_capital,26.4706,68
llama1b,grpo,42,mdp500,change_case:english_lowercase,74.359,78
llama1b,grpo,42,mdp500,combination:repeat_prompt,0,23
llama1b,grpo,42,mdp500,combination:two_responses,8.3333,24
llama1b,grpo,42,mdp500,detectable_content:number_placeholders,83.7209,86
llama1b,grpo,42,mdp500,detectable_content:postscript,81.1765,85
llama1b,grpo,42,mdp500,detectable_format:constrained_response,68.75,16
llama1b,grpo,42,mdp500,detectable_format:json_format,60.0,25
llama1b,grpo,42,mdp500,detectable_format:multiple_sections,55.5556,63
llama1b,grpo,42,mdp500,detectable_format:number_bullet_lists,54.0816,98
llama1b,grpo,42,mdp500,detectable_format:number_highlighted_sections,73.6111,72
llama1b,grpo,42,mdp500,detectable_format:title,41.7582,91
llama1b,grpo,42,mdp500,detectable_format:xml_format,60.8696,23
llama1b,grpo,42,mdp500,keywords:existence,81.25,96
llama1b,grpo,42,mdp500,keywords:forbidden_words,73.7864,103
llama1b,grpo,42,mdp500,keywords:frequency,51.3158,76
llama1b,grpo,42,mdp500,keywords:letter_frequency,38.8235,85
llama1b,grpo,42,mdp500,language:response_language,50.0,56
llama1b,grpo,42,mdp500,length_constraints:nth_paragraph_first_word,6.4103,78
llama1b,grpo,42,mdp500,length_constraints:number_paragraphs,24.1379,58
llama1b,grpo,42,mdp500,length_constraints:number_sentences,54.7619,84
llama1b,grpo,42,mdp500,length_constraints:number_words,53.2609,92
llama1b,grpo,42,mdp500,punctuation:no_comma,90.7216,97
llama1b,grpo,42,mdp500,startend:end_checker,25.3333,75
llama1b,grpo,42,mdp500,startend:quotation,39.1892,74
llama1b,grpo,43,assembled500,change_case:capital_word_frequency,55.7692,104
llama1b,grpo,43,assembled500,change_case:english_capital,36.25,80
llama1b,grpo,43,assembled500,change_case:english_lowercase,79.7297,74
llama1b,grpo,43,assembled500,combination:repeat_prompt,0,71
llama1b,grpo,43,assembled500,combination:two_responses,23.0769,26
llama1b,grpo,43,assembled500,detectable_content:number_placeholders,88.4615,78
llama1b,grpo,43,assembled500,detectable_content:postscript,73.3333,60
llama1b,grpo,43,assembled500,detectable_format:constrained_response,0,1
llama1b,grpo,43,assembled500,detectable_format:json_format,36.1111,36
llama1b,grpo,43,assembled500,detectable_format:multiple_sections,74.6269,67
llama1b,grpo,43,assembled500,detectable_format:number_bullet_lists,40.3509,57
llama1b,grpo,43,assembled500,detectable_format:number_highlighted_sections,90.2778,72
llama1b,grpo,43,assembled500,detectable_format:title,70.5882,68
llama1b,grpo,43,assembled500,detectable_format:xml_format,28.5714,35
llama1b,grpo,43,assembled500,keywords:existence,52.7473,91
llama1b,grpo,43,assembled500,keywords:forbidden_words,100,91
llama1b,grpo,43,assembled500,keywords:frequency,57.1429,98
llama1b,grpo,43,assembled500,keywords:letter_frequency,43.6782,87
llama1b,grpo,43,assembled500,language:response_language,84.3137,51
llama1b,grpo,43,assembled500,length_constraints:nth_paragraph_first_word,11.4754,61
llama1b,grpo,43,assembled500,length_constraints:number_paragraphs,28.3582,67
llama1b,grpo,43,assembled500,length_constraints:number_sentences,46.729,107
llama1b,grpo,43,assembled500,length_constraints:number_words,56.1224,98
llama1b,grpo,43,assembled500,punctuation:no_comma,95.5556,90
llama1b,grpo,43,assembled500,startend:end_checker,23.8938,113
llama1b,grpo,43,assembled500,startend:quotation,50.0,38
llama1b,grpo,43,ifeval,change_case:capital_word_frequency,68.0,25
llama1b,grpo,43,ifeval,change_case:english_capital,40.0,25
llama1b,grpo,43,ifeval,change_case:english_lowercase,76.9231,39
llama1b,grpo,43,ifeval,combination:repeat_prompt,2.439,41
llama1b,grpo,43,ifeval,combination:two_responses,33.3333,24
llama1b,grpo,43,ifeval,detectable_content:number_placeholders,81.4815,27
llama1b,grpo,43,ifeval,detectable_content:postscript,80.7692,26
llama1b,grpo,43,ifeval,detectable_format:constrained_response,100,10
llama1b,grpo,43,ifeval,detectable_format:json_format,47.0588,17
llama1b,grpo,43,ifeval,detectable_format:multiple_sections,21.4286,14
llama1b,grpo,43,ifeval,detectable_format:number_bullet_lists,51.6129,31
llama1b,grpo,43,ifeval,detectable_format:number_highlighted_sections,91.6667,48
llama1b,grpo,43,ifeval,detectable_format:title,56.7568,37
llama1b,grpo,43,ifeval,keywords:existence,66.6667,39
llama1b,grpo,43,ifeval,keywords:forbidden_words,75.5102,49
llama1b,grpo,43,ifeval,keywords:frequency,59.5238,42
llama1b,grpo,43,ifeval,keywords:letter_frequency,63.6364,33
llama1b,grpo,43,ifeval,language:response_language,77.4194,31
llama1b,grpo,43,ifeval,length_constraints:nth_paragraph_first_word,33.3333,12
llama1b,grpo,43,ifeval,length_constraints:number_paragraphs,3.7037,27
llama1b,grpo,43,ifeval,length_constraints:number_sentences,53.8462,52
llama1b,grpo,43,ifeval,length_constraints:number_words,61.5385,52
llama1b,grpo,43,ifeval,punctuation:no_comma,89.3939,66
llama1b,grpo,43,ifeval,startend:end_checker,38.4615,26
llama1b,grpo,43,ifeval,startend:quotation,58.5366,41
llama1b,grpo,43,mdp500,change_case:capital_word_frequency,47.6923,65
llama1b,grpo,43,mdp500,change_case:english_capital,22.0588,68
llama1b,grpo,43,mdp500,change_case:english_lowercase,76.9231,78
llama1b,grpo,43,mdp500,combination:repeat_prompt,0,23
llama1b,grpo,43,mdp500,combination:two_responses,12.5,24
llama1b,grpo,43,mdp500,detectable_content:number_placeholders,77.907,86
llama1b,grpo,43,mdp500,detectable_content:postscript,75.2941,85
llama1b,grpo,43,mdp500,detectable_format:constrained_response,50.0,16
llama1b,grpo,43,mdp500,detectable_format:json_format,56.0,25
llama1b,grpo,43,mdp500,detectable_format:multiple_sections,53.9683,63
llama1b,grpo,43,mdp500,detectable_format:number_bullet_lists,48.9796,98
llama1b,grpo,43,mdp500,detectable_format:number_highlighted_sections,72.2222,72
llama1b,grpo,43,mdp500,detectable_format:title,49.4505,91
llama1b,grpo,43,mdp500,detectable_format:xml_format,43.4783,23
llama1b,grpo,43,mdp500,keywords:existence,80.2083,96
llama1b,grpo,43,mdp500,keywords:forbidden_words,76.699,103
llama1b,grpo,43,mdp500,keywords:frequency,53.9474,76
llama1b,grpo,43,mdp500,keywords:letter_frequency,35.2941,85
llama1b,grpo,43,mdp500,language:response_language,51.7857,56
llama1b,grpo,43,mdp500,length_constraints:nth_paragraph_first_word,7.6923,78
llama1b,grpo,43,mdp500,length_constraints:number_paragraphs,20.6897,58
llama1b,grpo,43,mdp500,length_constraints:number_sentences,50.0,84
llama1b,grpo,43,mdp500,length_constraints:number_words,48.913,92
llama1b,grpo,43,mdp500,punctuation:no_comma,87.6289,97
llama1b,grpo,43,mdp500,startend:end_checker,20.0,75
llama1b,grpo,43,mdp500,startend:quotation,35.1351,74
llama1b,grpo,44,assembled500,change_case:capital_word_frequency,54.8077,104
llama1b,grpo,44,assembled500,change_case:english_capital,37.5,80
llama1b,grpo,44,assembled500,change_case:english_lowercase,83.7838,74
llama1b,grpo,44,assembled500,combination:repeat_prompt,0,71
llama1b,grpo,44,assembled500,combination:two_responses,19.2308,26
llama1b,grpo,44,assembled500,detectable_content:number_placeholders,88.4615,78
llama1b,grpo,44,assembled500,detectable_content:postscript,75.0,60
llama1b,grpo,44,assembled500,detectable_format:constrained_response,100,1
llama1b,grpo,44,assembled500,detectable_format:json_format,33.3333,36
llama1b,grpo,44,assembled500,detectable_format:multiple_sections,71.6418,67
llama1b,grpo,44,assembled500,detectable_format:number_bullet_lists,45.614,57
llama1b,grpo,44,assembled500,detectable_format:number_highlighted_sections,88.8889,72
llama1b,grpo,44,assembled500,detectable_format:title,63.2353,68
llama1b,grpo,44,assembled500,detectable_format:xml_format,28.5714,35
llama1b,grpo,44,assembled500,keywords:existence,57.1429,91
llama1b,grpo,44,assembled500,keywords:forbidden_words,98.9011,91
llama1b,grpo,44,assembled500,keywords:frequency,63.2653,98
llama1b,grpo,44,assembled500,keywords:letter_frequency,45.977,87
llama1b,grpo,44,assembled500,language:response_language,88.2353,51
llama1b,grpo,44,assembled500,length_constraints:nth_paragraph_first_word,4.918,61
llama1b,grpo,44,assembled500,length_constraints:number_paragraphs,23.8806,67
llama1b,grpo,44,assembled500,length_constraints:number_sentences,48.5981,107
llama1b,grpo,44,assembled500,length_constraints:number_words,54.0816,98
llama1b,grpo,44,assembled500,punctuation:no_comma,90.0,90
llama1b,grpo,44,assembled500,startend:end_checker,19.469,113
llama1b,grpo,44,assembled500,startend:quotation,42.1053,38
llama1b,grpo,44,ifeval,change_case:capital_word_frequency,76.0,25
llama1b,grpo,44,ifeval,change_case:english_capital,36.0,25
llama1b,grpo,44,ifeval,change_case:english_lowercase,69.2308,39
llama1b,grpo,44,ifeval,combination:repeat_prompt,2.439,41
llama1b,grpo,44,ifeval,combination:two_responses,12.5,24
llama1b,grpo,44,ifeval,detectable_content:number_placeholders,88.8889,27
llama1b,grpo,44,ifeval,detectable_content:postscript,84.6154,26
llama1b,grpo,44,ifeval,detectable_format:constrained_response,100,10
llama1b,grpo,44,ifeval,detectable_format:json_format,52.9412,17
llama1b,grpo,44,ifeval,detectable_format:multiple_sections,14.2857,14
llama1b,grpo,44,ifeval,detectable_format:number_bullet_lists,41.9355,31
llama1b,grpo,44,ifeval,detectable_format:number_highlighted_sections,93.75,48
llama1b,grpo,44,ifeval,detectable_format:title,54.0541,37
llama1b,grpo,44,ifeval,keywords:existence,56.4103,39
llama1b,grpo,44,ifeval,keywords:forbidden_words,69.3878,49
llama1b,grpo,44,ifeval,keywords:frequency,66.6667,42
llama1b,grpo,44,ifeval,keywords:letter_frequency,60.6061,33
llama1b,grpo,44,ifeval,language:response_language,80.6452,31
llama1b,grpo,44,ifeval,length_constraints:nth_paragraph_first_word,41.6667,12
llama1b,grpo,44,ifeval,length_constraints:number_paragraphs,11.1111,27
llama1b,grpo,44,ifeval,length_constraints:number_sentences,55.7692,52
llama1b,grpo,44,ifeval,length_constraints:number_words,63.4615,52
llama1b,grpo,44,ifeval,punctuation:no_comma,87.8788,66
llama1b,grpo,44,ifeval,startend:end_checker,38.4615,26
llama1b,grpo,44,ifeval,startend:quotation,48.7805,41
llama1b,grpo,44,mdp500,change_case:capital_word_frequency,36.9231,65
llama1b,grpo,44,mdp500,change_case:english_capital,30.8824,68
llama1b,grpo,44,mdp500,change_case:english_lowercase,64.1026,78
llama1b,grpo,44,mdp500,combination:repeat_prompt,0,23
llama1b,grpo,44,mdp500,combination:two_responses,8.3333,24
llama1b,grpo,44,mdp500,detectable_content:number_placeholders,77.907,86
llama1b,grpo,44,mdp500,detectable_content:postscript,70.5882,85
llama1b,grpo,44,mdp500,detectable_format:constrained_response,62.5,16
llama1b,grpo,44,mdp500,detectable_format:json_format,56.0,25
llama1b,grpo,44,mdp500,detectable_format:multiple_sections,57.1429,63
llama1b,grpo,44,mdp500,detectable_format:number_bullet_lists,53.0612,98
llama1b,grpo,44,mdp500,detectable_format:number_highlighted_sections,73.6111,72
llama1b,grpo,44,mdp500,detectable_format:title,47.2527,91
llama1b,grpo,44,mdp500,detectable_format:xml_format,56.5217,23
llama1b,grpo,44,mdp500,keywords:existence,79.1667,96
llama1b,grpo,44,mdp500,keywords:forbidden_words,73.7864,103
llama1b,grpo,44,mdp500,keywords:frequency,52.6316,76
llama1b,grpo,44,mdp500,keywords:letter_frequency,35.2941,85
llama1b,grpo,44,mdp500,language:response_language,48.2143,56
llama1b,grpo,44,mdp500,length_constraints:nth_paragraph_first_word,7.6923,78
llama1b,grpo,44,mdp500,length_constraints:number_paragraphs,17.2414,58
llama1b,grpo,44,mdp500,length_constraints:number_sentences,60.7143,84
llama1b,grpo,44,mdp500,length_constraints:number_words,52.1739,92
llama1b,grpo,44,mdp500,punctuation:no_comma,87.6289,97
llama1b,grpo,44,mdp500,startend:end_checker,28.0,75
llama1b,grpo,44,mdp500,startend:quotation,28.3784,74
llama1b,grpo,45,assembled500,change_case:capital_word_frequency,54.8077,104
llama1b,grpo,45,assembled500,change_case:english_capital,27.5,80
llama1b,grpo,45,assembled500,change_case:english_lowercase,82.4324,74
llama1b,grpo,45,assembled500,combination:repeat_prompt,0,71
llama1b,grpo,45,assembled500,combination:two_responses,15.3846,26
llama1b,grpo,45,assembled500,detectable_content:number_placeholders,92.3077,78
llama1b,grpo,45,assembled500,detectable_content:postscript,71.6667,60
llama1b,grpo,45,assembled500,detectable_format:constrained_response,100,1
llama1b,grpo,45,assembled500,detectable_format:json_format,33.3333,36
llama1b,grpo,45,assembled500,detectable_format:multiple_sections,73.1343,67
llama1b,grpo,45,assembled500,detectable_format:number_bullet_lists,33.3333,57
llama1b,grpo,45,assembled500,detectable_format:number_highlighted_sections,95.8333,72
llama1b,grpo,45,assembled500,detectable_format:title,38.2353,68
llama1b,grpo,45,assembled500,detectable_format:xml_format,31.4286,35
llama1b,grpo,45,assembled500,keywords:existence,52.7473,91
llama1b,grpo,45,assembled500,keywords:forbidden_words,100,91
llama1b,grpo,45,assembled500,keywords:frequency,64.2857,98
llama1b,grpo,45,assembled500,keywords:letter_frequency,43.6782,87
llama1b,grpo,45,assembled500,language:response_language,76.4706,51
llama1b,grpo,45,assembled500,length_constraints:nth_paragraph_first_word,6.5574,61
llama1b,grpo,45,assembled500,length_constraints:number_paragraphs,26.8657,67
llama1b,grpo,45,assembled500,length_constraints:number_sentences,48.5981,107
llama1b,grpo,45,assembled500,length_constraints:number_words,52.0408,98
llama1b,grpo,45,assembled500,punctuation:no_comma,90.0,90
llama1b,grpo,45,assembled500,startend:end_checker,32.7434,113
llama1b,grpo,45,assembled500,startend:quotation,55.2632,38
llama1b,grpo,45,ifeval,change_case:capital_word_frequency,72.0,25
llama1b,grpo,45,ifeval,change_case:english_capital,32.0,25
llama1b,grpo,45,ifeval,change_case:english_lowercase,71.7949,39
llama1b,grpo,45,ifeval,combination:repeat_prompt,2.439,41
llama1b,grpo,45,ifeval,combination:two_responses,29.1667,24
llama1b,grpo,45,ifeval,detectable_content:number_placeholders,81.4815,27
llama1b,grpo,45,ifeval,detectable_content:postscript,65.3846,26
llama1b,grpo,45,ifeval,detectable_format:constrained_response,100,10
llama1b,grpo,45,ifeval,detectable_format:json_format,47.0588,17
llama1b,grpo,45,ifeval,detectable_format:multiple_sections,14.2857,14
llama1b,grpo,45,ifeval,detectable_format:number_bullet_lists,58.0645,31
llama1b,grpo,45,ifeval,detectable_format:number_highlighted_sections,97.9167,48
llama1b,grpo,45,ifeval,detectable_format:title,37.8378,37
llama1b,grpo,45,ifeval,keywords:existence,64.1026,39
llama1b,grpo,45,ifeval,keywords:forbidden_words,75.5102,49
llama1b,grpo,45,ifeval,keywords:frequency,59.5238,42
llama1b,grpo,45,ifeval,keywords:letter_frequency,57.5758,33
llama1b,grpo,45,ifeval,language:response_language,80.6452,31
llama1b,grpo,45,ifeval,length_constraints:nth_paragraph_first_word,25.0,12
llama1b,grpo,45,ifeval,length_constraints:number_paragraphs,14.8148,27
llama1b,grpo,45,ifeval,length_constraints:number_sentences,57.6923,52
llama1b,grpo,45,ifeval,length_constraints:number_words,71.1538,52
llama1b,grpo,45,ifeval,punctuation:no_comma,92.4242,66
llama1b,grpo,45,ifeval,startend:end_checker,46.1538,26
llama1b,grpo,45,ifeval,startend:quotation,65.8537,41
llama1b,grpo,45,mdp500,change_case:capital_word_frequency,41.5385,65
llama1b,grpo,45,mdp500,change_case:english_capital,27.9412,68
llama1b,grpo,45,mdp500,change_case:english_lowercase,74.359,78
llama1b,grpo,45,mdp500,combination:repeat_prompt,0,23
llama1b,grpo,45,mdp500,combination:two_responses,4.1667,24
llama1b,grpo,45,mdp500,detectable_content:number_placeholders,76.7442,86
llama1b,grpo,45,mdp500,detectable_content:postscript,69.4118,85
llama1b,grpo,45,mdp500,detectable_format:constrained_response,75.0,16
llama1b,grpo,45,mdp500,detectable_format:json_format,68.0,25
llama1b,grpo,45,mdp500,detectable_format:multiple_sections,50.7937,63
llama1b,grpo,45,mdp500,detectable_format:number_bullet_lists,53.0612,98
llama1b,grpo,45,mdp500,detectable_format:number_highlighted_sections,75.0,72
llama1b,grpo,45,mdp500,detectable_format:title,34.0659,91
llama1b,grpo,45,mdp500,detectable_format:xml_format,47.8261,23
llama1b,grpo,45,mdp500,keywords:existence,81.25,96
llama1b,grpo,45,mdp500,keywords:forbidden_words,76.699,103
llama1b,grpo,45,mdp500,keywords:frequency,48.6842,76
llama1b,grpo,45,mdp500,keywords:letter_frequency,35.2941,85
llama1b,grpo,45,mdp500,language:response_language,50.0,56
llama1b,grpo,45,mdp500,length_constraints:nth_paragraph_first_word,6.4103,78
llama1b,grpo,45,mdp500,length_constraints:number_paragraphs,18.9655,58
llama1b,grpo,45,mdp500,length_constraints:number_sentences,60.7143,84
llama1b,grpo,45,mdp500,length_constraints:number_words,50.0,92
llama1b,grpo,45,mdp500,punctuation:no_comma,86.5979,97
llama1b,grpo,45,mdp500,startend:end_checker,22.6667,75
llama1b,grpo,45,mdp500,startend:quotation,41.8919,74
llama1b,grpo,46,assembled500,change_case:capital_word_frequency,51.9231,104
llama1b,grpo,46,assembled500,change_case:english_capital,30.0,80
llama1b,grpo,46,assembled500,change_case:english_lowercase,77.027,74
llama1b,grpo,46,assembled500,combination:repeat_prompt,0,71
llama1b,grpo,46,assembled500,combination:two_responses,26.9231,26
llama1b,grpo,46,assembled500,detectable_content:number_placeholders,91.0256,78
llama1b,grpo,46,assembled500,detectable_content:postscript,78.3333,60
llama1b,grpo,46,assembled500,detectable_format:constrained_response,0,1
llama1b,grpo,46,assembled500,detectable_format:json_format,19.4444,36
llama1b,grpo,46,assembled500,detectable_format:multiple_sections,76.1194,67
llama1b,grpo,46,assembled500,detectable_format:number_bullet_lists,31.5789,57
llama1b,grpo,46,assembled500,detectable_format:number_highlighted_sections,87.5,72
llama1b,grpo,46,assembled500,detectable_format:title,54.4118,68
llama1b,grpo,46,assembled500,detectable_format:xml_format,22.8571,35
llama1b,grpo,46,assembled500,keywords:existence,61.5385,91
llama1b,grpo,46,assembled500,keywords:forbidden_words,98.9011,91
llama1b,grpo,46,assembled500,keywords:frequency,63.2653,98
llama1b,grpo,46,assembled500,keywords:letter_frequency,45.977,87
llama1b,grpo,46,assembled500,language:response_language,86.2745,51
llama1b,grpo,46,assembled500,length_constraints:nth_paragraph_first_word,9.8361,61
llama1b,grpo,46,assembled500,length_constraints:number_paragraphs,17.9104,67
llama1b,grpo,46,assembled500,length_constraints:number_sentences,48.5981,107
llama1b,grpo,46,assembled500,length_constraints:number_words,59.1837,98
llama1b,grpo,46,assembled500,punctuation:no_comma,93.3333,90
llama1b,grpo,46,assembled500,startend:end_checker,33.6283,113
llama1b,grpo,46,assembled500,startend:quotation,42.1053,38
llama1b,grpo,46,ifeval,change_case:capital_word_frequency,64.0,25
llama1b,grpo,46,ifeval,change_case:english_capital,36.0,25
llama1b,grpo,46,ifeval,change_case:english_lowercase,61.5385,39
llama1b,grpo,46,ifeval,combination:repeat_prompt,2.439,41
llama1b,grpo,46,ifeval,combination:two_responses,25.0,24
llama1b,grpo,46,ifeval,detectable_content:number_placeholders,88.8889,27
llama1b,grpo,46,ifeval,detectable_content:postscript,80.7692,26
llama1b,grpo,46,ifeval,detectable_format:constrained_response,100,10
llama1b,grpo,46,ifeval,detectable_format:json_format,64.7059,17
llama1b,grpo,46,ifeval,detectable_format:multiple_sections,14.2857,14
llama1b,grpo,46,ifeval,detectable_format:number_bullet_lists,54.8387,31
llama1b,grpo,46,ifeval,detectable_format:number_highlighted_sections,93.75,48
llama1b,grpo,46,ifeval,detectable_format:title,37.8378,37
llama1b,grpo,46,ifeval,keywords:existence,56.4103,39
llama1b,grpo,46,ifeval,keywords:forbidden_words,71.4286,49
llama1b,grpo,46,ifeval,keywords:frequency,71.4286,42
llama1b,grpo,46,ifeval,keywords:letter_frequency,54.5455,33
llama1b,grpo,46,ifeval,language:response_language,83.871,31
llama1b,grpo,46,ifeval,length_constraints:nth_paragraph_first_word,50.0,12
llama1b,grpo,46,ifeval,length_constraints:number_paragraphs,11.1111,27
llama1b,grpo,46,ifeval,length_constraints:number_sentences,59.6154,52
llama1b,grpo,46,ifeval,length_constraints:number_words,67.3077,52
llama1b,grpo,46,ifeval,punctuation:no_comma,89.3939,66
llama1b,grpo,46,ifeval,startend:end_checker,34.6154,26
llama1b,grpo,46,ifeval,startend:quotation,51.2195,41
llama1b,grpo,46,mdp500,change_case:capital_word_frequency,41.5385,65
llama1b,grpo,46,mdp500,change_case:english_capital,23.5294,68
llama1b,grpo,46,mdp500,change_case:english_lowercase,70.5128,78
llama1b,grpo,46,mdp500,combination:repeat_prompt,0,23
llama1b,grpo,46,mdp500,combination:two_responses,12.5,24
llama1b,grpo,46,mdp500,detectable_content:number_placeholders,76.7442,86
llama1b,grpo,46,mdp500,detectable_content:postscript,72.9412,85
llama1b,grpo,46,mdp500,detectable_format:constrained_response,62.5,16
llama1b,grpo,46,mdp500,detectable_format:json_format,52.0,25
llama1b,grpo,46,mdp500,detectable_format:multiple_sections,50.7937,63
llama1b,grpo,46,mdp500,detectable_format:number_bullet_lists,55.102,98
llama1b,grpo,46,mdp500,detectable_format:number_highlighted_sections,75.0,72
llama1b,grpo,46,mdp500,detectable_format:title,39.5604,91
llama1b,grpo,46,mdp500,detectable_format:xml_format,52.1739,23
llama1b,grpo,46,mdp500,keywords:existence,83.3333,96
llama1b,grpo,46,mdp500,keywords:forbidden_words,74.7573,103
llama1b,grpo,46,mdp500,keywords:frequency,51.3158,76
llama1b,grpo,46,mdp500,keywords:letter_frequency,31.7647,85
llama1b,grpo,46,mdp500,language:response_language,53.5714,56
llama1b,grpo,46,mdp500,length_constraints:nth_paragraph_first_word,10.2564,78
llama1b,grpo,46,mdp500,length_constraints:number_paragraphs,12.069,58
llama1b,grpo,46,mdp500,length_constraints:number_sentences,61.9048,84
llama1b,grpo,46,mdp500,length_constraints:number_words,51.087,92
llama1b,grpo,46,mdp500,punctuation:no_comma,83.5052,97
llama1b,grpo,46,mdp500,startend:end_checker,32.0,75
llama1b,grpo,46,mdp500,startend:quotation,35.1351,74
llama1b,tb_mplacebo,42,assembled500,change_case:capital_word_frequency,51.9231,104
llama1b,tb_mplacebo,42,assembled500,change_case:english_capital,27.5,80
llama1b,tb_mplacebo,42,assembled500,change_case:english_lowercase,75.6757,74
llama1b,tb_mplacebo,42,assembled500,combination:repeat_prompt,0,71
llama1b,tb_mplacebo,42,assembled500,combination:two_responses,11.5385,26
llama1b,tb_mplacebo,42,assembled500,detectable_content:number_placeholders,89.7436,78
llama1b,tb_mplacebo,42,assembled500,detectable_content:postscript,75.0,60
llama1b,tb_mplacebo,42,assembled500,detectable_format:constrained_response,100,1
llama1b,tb_mplacebo,42,assembled500,detectable_format:json_format,27.7778,36
llama1b,tb_mplacebo,42,assembled500,detectable_format:multiple_sections,70.1493,67
llama1b,tb_mplacebo,42,assembled500,detectable_format:number_bullet_lists,38.5965,57
llama1b,tb_mplacebo,42,assembled500,detectable_format:number_highlighted_sections,90.2778,72
llama1b,tb_mplacebo,42,assembled500,detectable_format:title,58.8235,68
llama1b,tb_mplacebo,42,assembled500,detectable_format:xml_format,37.1429,35
llama1b,tb_mplacebo,42,assembled500,keywords:existence,57.1429,91
llama1b,tb_mplacebo,42,assembled500,keywords:forbidden_words,98.9011,91
llama1b,tb_mplacebo,42,assembled500,keywords:frequency,59.1837,98
llama1b,tb_mplacebo,42,assembled500,keywords:letter_frequency,45.977,87
llama1b,tb_mplacebo,42,assembled500,language:response_language,76.4706,51
llama1b,tb_mplacebo,42,assembled500,length_constraints:nth_paragraph_first_word,6.5574,61
llama1b,tb_mplacebo,42,assembled500,length_constraints:number_paragraphs,22.3881,67
llama1b,tb_mplacebo,42,assembled500,length_constraints:number_sentences,51.4019,107
llama1b,tb_mplacebo,42,assembled500,length_constraints:number_words,59.1837,98
llama1b,tb_mplacebo,42,assembled500,punctuation:no_comma,92.2222,90
llama1b,tb_mplacebo,42,assembled500,startend:end_checker,30.9735,113
llama1b,tb_mplacebo,42,assembled500,startend:quotation,42.1053,38
llama1b,tb_mplacebo,42,mdp500,change_case:capital_word_frequency,43.0769,65
llama1b,tb_mplacebo,42,mdp500,change_case:english_capital,27.9412,68
llama1b,tb_mplacebo,42,mdp500,change_case:english_lowercase,78.2051,78
llama1b,tb_mplacebo,42,mdp500,combination:repeat_prompt,0,23
llama1b,tb_mplacebo,42,mdp500,combination:two_responses,25.0,24
llama1b,tb_mplacebo,42,mdp500,detectable_content:number_placeholders,80.2326,86
llama1b,tb_mplacebo,42,mdp500,detectable_content:postscript,72.9412,85
llama1b,tb_mplacebo,42,mdp500,detectable_format:constrained_response,62.5,16
llama1b,tb_mplacebo,42,mdp500,detectable_format:json_format,40.0,25
llama1b,tb_mplacebo,42,mdp500,detectable_format:multiple_sections,57.1429,63
llama1b,tb_mplacebo,42,mdp500,detectable_format:number_bullet_lists,47.9592,98
llama1b,tb_mplacebo,42,mdp500,detectable_format:number_highlighted_sections,79.1667,72
llama1b,tb_mplacebo,42,mdp500,detectable_format:title,41.7582,91
llama1b,tb_mplacebo,42,mdp500,detectable_format:xml_format,34.7826,23
llama1b,tb_mplacebo,42,mdp500,keywords:existence,78.125,96
llama1b,tb_mplacebo,42,mdp500,keywords:forbidden_words,73.7864,103
llama1b,tb_mplacebo,42,mdp500,keywords:frequency,60.5263,76
llama1b,tb_mplacebo,42,mdp500,keywords:letter_frequency,38.8235,85
llama1b,tb_mplacebo,42,mdp500,language:response_language,51.7857,56
llama1b,tb_mplacebo,42,mdp500,length_constraints:nth_paragraph_first_word,7.6923,78
llama1b,tb_mplacebo,42,mdp500,length_constraints:number_paragraphs,13.7931,58
llama1b,tb_mplacebo,42,mdp500,length_constraints:number_sentences,52.381,84
llama1b,tb_mplacebo,42,mdp500,length_constraints:number_words,45.6522,92
llama1b,tb_mplacebo,42,mdp500,punctuation:no_comma,85.567,97
llama1b,tb_mplacebo,42,mdp500,startend:end_checker,25.3333,75
llama1b,tb_mplacebo,42,mdp500,startend:quotation,37.8378,74
llama1b,tb_mplacebo,43,assembled500,change_case:capital_word_frequency,54.8077,104
llama1b,tb_mplacebo,43,assembled500,change_case:english_capital,30.0,80
llama1b,tb_mplacebo,43,assembled500,change_case:english_lowercase,79.7297,74
llama1b,tb_mplacebo,43,assembled500,combination:repeat_prompt,0,71
llama1b,tb_mplacebo,43,assembled500,combination:two_responses,15.3846,26
llama1b,tb_mplacebo,43,assembled500,detectable_content:number_placeholders,85.8974,78
llama1b,tb_mplacebo,43,assembled500,detectable_content:postscript,73.3333,60
llama1b,tb_mplacebo,43,assembled500,detectable_format:constrained_response,100,1
llama1b,tb_mplacebo,43,assembled500,detectable_format:json_format,22.2222,36
llama1b,tb_mplacebo,43,assembled500,detectable_format:multiple_sections,74.6269,67
llama1b,tb_mplacebo,43,assembled500,detectable_format:number_bullet_lists,40.3509,57
llama1b,tb_mplacebo,43,assembled500,detectable_format:number_highlighted_sections,90.2778,72
llama1b,tb_mplacebo,43,assembled500,detectable_format:title,55.8824,68
llama1b,tb_mplacebo,43,assembled500,detectable_format:xml_format,40.0,35
llama1b,tb_mplacebo,43,assembled500,keywords:existence,61.5385,91
llama1b,tb_mplacebo,43,assembled500,keywords:forbidden_words,100,91
llama1b,tb_mplacebo,43,assembled500,keywords:frequency,55.102,98
llama1b,tb_mplacebo,43,assembled500,keywords:letter_frequency,43.6782,87
llama1b,tb_mplacebo,43,assembled500,language:response_language,84.3137,51
llama1b,tb_mplacebo,43,assembled500,length_constraints:nth_paragraph_first_word,6.5574,61
llama1b,tb_mplacebo,43,assembled500,length_constraints:number_paragraphs,19.403,67
llama1b,tb_mplacebo,43,assembled500,length_constraints:number_sentences,46.729,107
llama1b,tb_mplacebo,43,assembled500,length_constraints:number_words,54.0816,98
llama1b,tb_mplacebo,43,assembled500,punctuation:no_comma,94.4444,90
llama1b,tb_mplacebo,43,assembled500,startend:end_checker,19.469,113
llama1b,tb_mplacebo,43,assembled500,startend:quotation,28.9474,38
llama1b,tb_mplacebo,43,mdp500,change_case:capital_word_frequency,44.6154,65
llama1b,tb_mplacebo,43,mdp500,change_case:english_capital,29.4118,68
llama1b,tb_mplacebo,43,mdp500,change_case:english_lowercase,70.5128,78
llama1b,tb_mplacebo,43,mdp500,combination:repeat_prompt,0,23
llama1b,tb_mplacebo,43,mdp500,combination:two_responses,20.8333,24
llama1b,tb_mplacebo,43,mdp500,detectable_content:number_placeholders,76.7442,86
llama1b,tb_mplacebo,43,mdp500,detectable_content:postscript,65.8824,85
llama1b,tb_mplacebo,43,mdp500,detectable_format:constrained_response,68.75,16
llama1b,tb_mplacebo,43,mdp500,detectable_format:json_format,52.0,25
llama1b,tb_mplacebo,43,mdp500,detectable_format:multiple_sections,53.9683,63
llama1b,tb_mplacebo,43,mdp500,detectable_format:number_bullet_lists,64.2857,98
llama1b,tb_mplacebo,43,mdp500,detectable_format:number_highlighted_sections,73.6111,72
llama1b,tb_mplacebo,43,mdp500,detectable_format:title,40.6593,91
llama1b,tb_mplacebo,43,mdp500,detectable_format:xml_format,47.8261,23
llama1b,tb_mplacebo,43,mdp500,keywords:existence,78.125,96
llama1b,tb_mplacebo,43,mdp500,keywords:forbidden_words,76.699,103
llama1b,tb_mplacebo,43,mdp500,keywords:frequency,53.9474,76
llama1b,tb_mplacebo,43,mdp500,keywords:letter_frequency,34.1176,85
llama1b,tb_mplacebo,43,mdp500,language:response_language,53.5714,56
llama1b,tb_mplacebo,43,mdp500,length_constraints:nth_paragraph_first_word,7.6923,78
llama1b,tb_mplacebo,43,mdp500,length_constraints:number_paragraphs,12.069,58
llama1b,tb_mplacebo,43,mdp500,length_constraints:number_sentences,53.5714,84
llama1b,tb_mplacebo,43,mdp500,length_constraints:number_words,47.8261,92
llama1b,tb_mplacebo,43,mdp500,punctuation:no_comma,86.5979,97
llama1b,tb_mplacebo,43,mdp500,startend:end_checker,28.0,75
llama1b,tb_mplacebo,43,mdp500,startend:quotation,36.4865,74
llama1b,tb_mplacebo,44,assembled500,change_case:capital_word_frequency,57.6923,104
llama1b,tb_mplacebo,44,assembled500,change_case:english_capital,28.75,80
llama1b,tb_mplacebo,44,assembled500,change_case:english_lowercase,83.7838,74
llama1b,tb_mplacebo,44,assembled500,combination:repeat_prompt,0,71
llama1b,tb_mplacebo,44,assembled500,combination:two_responses,26.9231,26
llama1b,tb_mplacebo,44,assembled500,detectable_content:number_placeholders,87.1795,78
llama1b,tb_mplacebo,44,assembled500,detectable_content:postscript,75.0,60
llama1b,tb_mplacebo,44,assembled500,detectable_format:constrained_response,100,1
llama1b,tb_mplacebo,44,assembled500,detectable_format:json_format,33.3333,36
llama1b,tb_mplacebo,44,assembled500,detectable_format:multiple_sections,76.1194,67
llama1b,tb_mplacebo,44,assembled500,detectable_format:number_bullet_lists,38.5965,57
llama1b,tb_mplacebo,44,assembled500,detectable_format:number_highlighted_sections,93.0556,72
llama1b,tb_mplacebo,44,assembled500,detectable_format:title,64.7059,68
llama1b,tb_mplacebo,44,assembled500,detectable_format:xml_format,48.5714,35
llama1b,tb_mplacebo,44,assembled500,keywords:existence,49.4505,91
llama1b,tb_mplacebo,44,assembled500,keywords:forbidden_words,100,91
llama1b,tb_mplacebo,44,assembled500,keywords:frequency,52.0408,98
llama1b,tb_mplacebo,44,assembled500,keywords:letter_frequency,42.5287,87
llama1b,tb_mplacebo,44,assembled500,language:response_language,74.5098,51
llama1b,tb_mplacebo,44,assembled500,length_constraints:nth_paragraph_first_word,4.918,61
llama1b,tb_mplacebo,44,assembled500,length_constraints:number_paragraphs,23.8806,67
llama1b,tb_mplacebo,44,assembled500,length_constraints:number_sentences,50.4673,107
llama1b,tb_mplacebo,44,assembled500,length_constraints:number_words,54.0816,98
llama1b,tb_mplacebo,44,assembled500,punctuation:no_comma,93.3333,90
llama1b,tb_mplacebo,44,assembled500,startend:end_checker,29.2035,113
llama1b,tb_mplacebo,44,assembled500,startend:quotation,50.0,38
llama1b,tb_mplacebo,44,mdp500,change_case:capital_word_frequency,38.4615,65
llama1b,tb_mplacebo,44,mdp500,change_case:english_capital,23.5294,68
llama1b,tb_mplacebo,44,mdp500,change_case:english_lowercase,75.641,78
llama1b,tb_mplacebo,44,mdp500,combination:repeat_prompt,0,23
llama1b,tb_mplacebo,44,mdp500,combination:two_responses,16.6667,24
llama1b,tb_mplacebo,44,mdp500,detectable_content:number_placeholders,73.2558,86
llama1b,tb_mplacebo,44,mdp500,detectable_content:postscript,69.4118,85
llama1b,tb_mplacebo,44,mdp500,detectable_format:constrained_response,56.25,16
llama1b,tb_mplacebo,44,mdp500,detectable_format:json_format,56.0,25
llama1b,tb_mplacebo,44,mdp500,detectable_format:multiple_sections,53.9683,63
llama1b,tb_mplacebo,44,mdp500,detectable_format:number_bullet_lists,56.1224,98
llama1b,tb_mplacebo,44,mdp500,detectable_format:number_highlighted_sections,79.1667,72
llama1b,tb_mplacebo,44,mdp500,detectable_format:title,52.7473,91
llama1b,tb_mplacebo,44,mdp500,detectable_format:xml_format,43.4783,23
llama1b,tb_mplacebo,44,mdp500,keywords:existence,77.0833,96
llama1b,tb_mplacebo,44,mdp500,keywords:forbidden_words,74.7573,103
llama1b,tb_mplacebo,44,mdp500,keywords:frequency,51.3158,76
llama1b,tb_mplacebo,44,mdp500,keywords:letter_frequency,37.6471,85
llama1b,tb_mplacebo,44,mdp500,language:response_language,50.0,56
llama1b,tb_mplacebo,44,mdp500,length_constraints:nth_paragraph_first_word,8.9744,78
llama1b,tb_mplacebo,44,mdp500,length_constraints:number_paragraphs,12.069,58
llama1b,tb_mplacebo,44,mdp500,length_constraints:number_sentences,55.9524,84
llama1b,tb_mplacebo,44,mdp500,length_constraints:number_words,53.2609,92
llama1b,tb_mplacebo,44,mdp500,punctuation:no_comma,84.5361,97
llama1b,tb_mplacebo,44,mdp500,startend:end_checker,25.3333,75
llama1b,tb_mplacebo,44,mdp500,startend:quotation,32.4324,74
llama1b,tb_placebo,42,assembled500,change_case:capital_word_frequency,58.6538,104
llama1b,tb_placebo,42,assembled500,change_case:english_capital,33.75,80
llama1b,tb_placebo,42,assembled500,change_case:english_lowercase,79.7297,74
llama1b,tb_placebo,42,assembled500,combination:repeat_prompt,0,71
llama1b,tb_placebo,42,assembled500,combination:two_responses,38.4615,26
llama1b,tb_placebo,42,assembled500,detectable_content:number_placeholders,91.0256,78
llama1b,tb_placebo,42,assembled500,detectable_content:postscript,68.3333,60
llama1b,tb_placebo,42,assembled500,detectable_format:constrained_response,100,1
llama1b,tb_placebo,42,assembled500,detectable_format:json_format,19.4444,36
llama1b,tb_placebo,42,assembled500,detectable_format:multiple_sections,71.6418,67
llama1b,tb_placebo,42,assembled500,detectable_format:number_bullet_lists,40.3509,57
llama1b,tb_placebo,42,assembled500,detectable_format:number_highlighted_sections,88.8889,72
llama1b,tb_placebo,42,assembled500,detectable_format:title,66.1765,68
llama1b,tb_placebo,42,assembled500,detectable_format:xml_format,25.7143,35
llama1b,tb_placebo,42,assembled500,keywords:existence,57.1429,91
llama1b,tb_placebo,42,assembled500,keywords:forbidden_words,98.9011,91
llama1b,tb_placebo,42,assembled500,keywords:frequency,56.1224,98
llama1b,tb_placebo,42,assembled500,keywords:letter_frequency,39.0805,87
llama1b,tb_placebo,42,assembled500,language:response_language,80.3922,51
llama1b,tb_placebo,42,assembled500,length_constraints:nth_paragraph_first_word,4.918,61
llama1b,tb_placebo,42,assembled500,length_constraints:number_paragraphs,20.8955,67
llama1b,tb_placebo,42,assembled500,length_constraints:number_sentences,50.4673,107
llama1b,tb_placebo,42,assembled500,length_constraints:number_words,60.2041,98
llama1b,tb_placebo,42,assembled500,punctuation:no_comma,93.3333,90
llama1b,tb_placebo,42,assembled500,startend:end_checker,27.4336,113
llama1b,tb_placebo,42,assembled500,startend:quotation,34.2105,38
llama1b,tb_placebo,42,ifeval,change_case:capital_word_frequency,72.0,25
llama1b,tb_placebo,42,ifeval,change_case:english_capital,28.0,25
llama1b,tb_placebo,42,ifeval,change_case:english_lowercase,79.4872,39
llama1b,tb_placebo,42,ifeval,combination:repeat_prompt,2.439,41
llama1b,tb_placebo,42,ifeval,combination:two_responses,20.8333,24
llama1b,tb_placebo,42,ifeval,detectable_content:number_placeholders,88.8889,27
llama1b,tb_placebo,42,ifeval,detectable_content:postscript,76.9231,26
llama1b,tb_placebo,42,ifeval,detectable_format:constrained_response,90.0,10
llama1b,tb_placebo,42,ifeval,detectable_format:json_format,52.9412,17
llama1b,tb_placebo,42,ifeval,detectable_format:multiple_sections,28.5714,14
llama1b,tb_placebo,42,ifeval,detectable_format:number_bullet_lists,64.5161,31
llama1b,tb_placebo,42,ifeval,detectable_format:number_highlighted_sections,93.75,48
llama1b,tb_placebo,42,ifeval,detectable_format:title,64.8649,37
llama1b,tb_placebo,42,ifeval,keywords:existence,51.2821,39
llama1b,tb_placebo,42,ifeval,keywords:forbidden_words,75.5102,49
llama1b,tb_placebo,42,ifeval,keywords:frequency,61.9048,42
llama1b,tb_placebo,42,ifeval,keywords:letter_frequency,60.6061,33
llama1b,tb_placebo,42,ifeval,language:response_language,80.6452,31
llama1b,tb_placebo,42,ifeval,length_constraints:nth_paragraph_first_word,41.6667,12
llama1b,tb_placebo,42,ifeval,length_constraints:number_paragraphs,7.4074,27
llama1b,tb_placebo,42,ifeval,length_constraints:number_sentences,53.8462,52
llama1b,tb_placebo,42,ifeval,length_constraints:number_words,67.3077,52
llama1b,tb_placebo,42,ifeval,punctuation:no_comma,93.9394,66
llama1b,tb_placebo,42,ifeval,startend:end_checker,38.4615,26
llama1b,tb_placebo,42,ifeval,startend:quotation,58.5366,41
llama1b,tb_placebo,42,mdp500,change_case:capital_word_frequency,44.6154,65
llama1b,tb_placebo,42,mdp500,change_case:english_capital,29.4118,68
llama1b,tb_placebo,42,mdp500,change_case:english_lowercase,70.5128,78
llama1b,tb_placebo,42,mdp500,combination:repeat_prompt,0,23
llama1b,tb_placebo,42,mdp500,combination:two_responses,20.8333,24
llama1b,tb_placebo,42,mdp500,detectable_content:number_placeholders,80.2326,86
llama1b,tb_placebo,42,mdp500,detectable_content:postscript,71.7647,85
llama1b,tb_placebo,42,mdp500,detectable_format:constrained_response,56.25,16
llama1b,tb_placebo,42,mdp500,detectable_format:json_format,64.0,25
llama1b,tb_placebo,42,mdp500,detectable_format:multiple_sections,55.5556,63
llama1b,tb_placebo,42,mdp500,detectable_format:number_bullet_lists,54.0816,98
llama1b,tb_placebo,42,mdp500,detectable_format:number_highlighted_sections,73.6111,72
llama1b,tb_placebo,42,mdp500,detectable_format:title,45.0549,91
llama1b,tb_placebo,42,mdp500,detectable_format:xml_format,56.5217,23
llama1b,tb_placebo,42,mdp500,keywords:existence,79.1667,96
llama1b,tb_placebo,42,mdp500,keywords:forbidden_words,75.7282,103
llama1b,tb_placebo,42,mdp500,keywords:frequency,53.9474,76
llama1b,tb_placebo,42,mdp500,keywords:letter_frequency,36.4706,85
llama1b,tb_placebo,42,mdp500,language:response_language,51.7857,56
llama1b,tb_placebo,42,mdp500,length_constraints:nth_paragraph_first_word,8.9744,78
llama1b,tb_placebo,42,mdp500,length_constraints:number_paragraphs,5.1724,58
llama1b,tb_placebo,42,mdp500,length_constraints:number_sentences,59.5238,84
llama1b,tb_placebo,42,mdp500,length_constraints:number_words,50.0,92
llama1b,tb_placebo,42,mdp500,punctuation:no_comma,86.5979,97
llama1b,tb_placebo,42,mdp500,startend:end_checker,29.3333,75
llama1b,tb_placebo,42,mdp500,startend:quotation,32.4324,74
llama1b,tb_placebo,43,assembled500,change_case:capital_word_frequency,57.6923,104
llama1b,tb_placebo,43,assembled500,change_case:english_capital,35.0,80
llama1b,tb_placebo,43,assembled500,change_case:english_lowercase,86.4865,74
llama1b,tb_placebo,43,assembled500,combination:repeat_prompt,0,71
llama1b,tb_placebo,43,assembled500,combination:two_responses,26.9231,26
llama1b,tb_placebo,43,assembled500,detectable_content:number_placeholders,79.4872,78
llama1b,tb_placebo,43,assembled500,detectable_content:postscript,71.6667,60
llama1b,tb_placebo,43,assembled500,detectable_format:constrained_response,100,1
llama1b,tb_placebo,43,assembled500,detectable_format:json_format,16.6667,36
llama1b,tb_placebo,43,assembled500,detectable_format:multiple_sections,73.1343,67
llama1b,tb_placebo,43,assembled500,detectable_format:number_bullet_lists,40.3509,57
llama1b,tb_placebo,43,assembled500,detectable_format:number_highlighted_sections,90.2778,72
llama1b,tb_placebo,43,assembled500,detectable_format:title,55.8824,68
llama1b,tb_placebo,43,assembled500,detectable_format:xml_format,28.5714,35
llama1b,tb_placebo,43,assembled500,keywords:existence,57.1429,91
llama1b,tb_placebo,43,assembled500,keywords:forbidden_words,100,91
llama1b,tb_placebo,43,assembled500,keywords:frequency,58.1633,98
llama1b,tb_placebo,43,assembled500,keywords:letter_frequency,48.2759,87
llama1b,tb_placebo,43,assembled500,language:response_language,78.4314,51
llama1b,tb_placebo,43,assembled500,length_constraints:nth_paragraph_first_word,4.918,61
llama1b,tb_placebo,43,assembled500,length_constraints:number_paragraphs,23.8806,67
llama1b,tb_placebo,43,assembled500,length_constraints:number_sentences,47.6636,107
llama1b,tb_placebo,43,assembled500,length_constraints:number_words,58.1633,98
llama1b,tb_placebo,43,assembled500,punctuation:no_comma,93.3333,90
llama1b,tb_placebo,43,assembled500,startend:end_checker,37.1681,113
llama1b,tb_placebo,43,assembled500,startend:quotation,52.6316,38
llama1b,tb_placebo,43,ifeval,change_case:capital_word_frequency,76.0,25
llama1b,tb_placebo,43,ifeval,change_case:english_capital,32.0,25
llama1b,tb_placebo,43,ifeval,change_case:english_lowercase,74.359,39
llama1b,tb_placebo,43,ifeval,combination:repeat_prompt,2.439,41
llama1b,tb_placebo,43,ifeval,combination:two_responses,29.1667,24
llama1b,tb_placebo,43,ifeval,detectable_content:number_placeholders,85.1852,27
llama1b,tb_placebo,43,ifeval,detectable_content:postscript,76.9231,26
llama1b,tb_placebo,43,ifeval,detectable_format:constrained_response,90.0,10
llama1b,tb_placebo,43,ifeval,detectable_format:json_format,47.0588,17
llama1b,tb_placebo,43,ifeval,detectable_format:multiple_sections,21.4286,14
llama1b,tb_placebo,43,ifeval,detectable_format:number_bullet_lists,58.0645,31
llama1b,tb_placebo,43,ifeval,detectable_format:number_highlighted_sections,93.75,48
llama1b,tb_placebo,43,ifeval,detectable_format:title,54.0541,37
llama1b,tb_placebo,43,ifeval,keywords:existence,53.8462,39
llama1b,tb_placebo,43,ifeval,keywords:forbidden_words,71.4286,49
llama1b,tb_placebo,43,ifeval,keywords:frequency,64.2857,42
llama1b,tb_placebo,43,ifeval,keywords:letter_frequency,57.5758,33
llama1b,tb_placebo,43,ifeval,language:response_language,87.0968,31
llama1b,tb_placebo,43,ifeval,length_constraints:nth_paragraph_first_word,58.3333,12
llama1b,tb_placebo,43,ifeval,length_constraints:number_paragraphs,3.7037,27
llama1b,tb_placebo,43,ifeval,length_constraints:number_sentences,53.8462,52
llama1b,tb_placebo,43,ifeval,length_constraints:number_words,67.3077,52
llama1b,tb_placebo,43,ifeval,punctuation:no_comma,90.9091,66
llama1b,tb_placebo,43,ifeval,startend:end_checker,38.4615,26
llama1b,tb_placebo,43,ifeval,startend:quotation,68.2927,41
llama1b,tb_placebo,43,mdp500,change_case:capital_word_frequency,44.6154,65
llama1b,tb_placebo,43,mdp500,change_case:english_capital,36.7647,68
llama1b,tb_placebo,43,mdp500,change_case:english_lowercase,74.359,78
llama1b,tb_placebo,43,mdp500,combination:repeat_prompt,0,23
llama1b,tb_placebo,43,mdp500,combination:two_responses,8.3333,24
llama1b,tb_placebo,43,mdp500,detectable_content:number_placeholders,76.7442,86
llama1b,tb_placebo,43,mdp500,detectable_content:postscript,78.8235,85
llama1b,tb_placebo,43,mdp500,detectable_format:constrained_response,75.0,16
llama1b,tb_placebo,43,mdp500,detectable_format:json_format,48.0,25
llama1b,tb_placebo,43,mdp500,detectable_format:multiple_sections,55.5556,63
llama1b,tb_placebo,43,mdp500,detectable_format:number_bullet_lists,59.1837,98
llama1b,tb_placebo,43,mdp500,detectable_format:number_highlighted_sections,75.0,72
llama1b,tb_placebo,43,mdp500,detectable_format:title,41.7582,91
llama1b,tb_placebo,43,mdp500,detectable_format:xml_format,56.5217,23
llama1b,tb_placebo,43,mdp500,keywords:existence,77.0833,96
llama1b,tb_placebo,43,mdp500,keywords:forbidden_words,76.699,103
llama1b,tb_placebo,43,mdp500,keywords:frequency,51.3158,76
llama1b,tb_placebo,43,mdp500,keywords:letter_frequency,38.8235,85
llama1b,tb_placebo,43,mdp500,language:response_language,55.3571,56
llama1b,tb_placebo,43,mdp500,length_constraints:nth_paragraph_first_word,8.9744,78
llama1b,tb_placebo,43,mdp500,length_constraints:number_paragraphs,13.7931,58
llama1b,tb_placebo,43,mdp500,length_constraints:number_sentences,52.381,84
llama1b,tb_placebo,43,mdp500,length_constraints:number_words,47.8261,92
llama1b,tb_placebo,43,mdp500,punctuation:no_comma,86.5979,97
llama1b,tb_placebo,43,mdp500,startend:end_checker,30.6667,75
llama1b,tb_placebo,43,mdp500,startend:quotation,36.4865,74
llama1b,tb_placebo,44,assembled500,change_case:capital_word_frequency,58.6538,104
llama1b,tb_placebo,44,assembled500,change_case:english_capital,26.25,80
llama1b,tb_placebo,44,assembled500,change_case:english_lowercase,83.7838,74
llama1b,tb_placebo,44,assembled500,combination:repeat_prompt,0,71
llama1b,tb_placebo,44,assembled500,combination:two_responses,11.5385,26
llama1b,tb_placebo,44,assembled500,detectable_content:number_placeholders,91.0256,78
llama1b,tb_placebo,44,assembled500,detectable_content:postscript,63.3333,60
llama1b,tb_placebo,44,assembled500,detectable_format:constrained_response,0,1
llama1b,tb_placebo,44,assembled500,detectable_format:json_format,27.7778,36
llama1b,tb_placebo,44,assembled500,detectable_format:multiple_sections,70.1493,67
llama1b,tb_placebo,44,assembled500,detectable_format:number_bullet_lists,35.0877,57
llama1b,tb_placebo,44,assembled500,detectable_format:number_highlighted_sections,91.6667,72
llama1b,tb_placebo,44,assembled500,detectable_format:title,54.4118,68
llama1b,tb_placebo,44,assembled500,detectable_format:xml_format,28.5714,35
llama1b,tb_placebo,44,assembled500,keywords:existence,52.7473,91
llama1b,tb_placebo,44,assembled500,keywords:forbidden_words,98.9011,91
llama1b,tb_placebo,44,assembled500,keywords:frequency,52.0408,98
llama1b,tb_placebo,44,assembled500,keywords:letter_frequency,47.1264,87
llama1b,tb_placebo,44,assembled500,language:response_language,76.4706,51
llama1b,tb_placebo,44,assembled500,length_constraints:nth_paragraph_first_word,4.918,61
llama1b,tb_placebo,44,assembled500,length_constraints:number_paragraphs,22.3881,67
llama1b,tb_placebo,44,assembled500,length_constraints:number_sentences,49.5327,107
llama1b,tb_placebo,44,assembled500,length_constraints:number_words,54.0816,98
llama1b,tb_placebo,44,assembled500,punctuation:no_comma,92.2222,90
llama1b,tb_placebo,44,assembled500,startend:end_checker,24.7788,113
llama1b,tb_placebo,44,assembled500,startend:quotation,31.5789,38
llama1b,tb_placebo,44,ifeval,change_case:capital_word_frequency,72.0,25
llama1b,tb_placebo,44,ifeval,change_case:english_capital,32.0,25
llama1b,tb_placebo,44,ifeval,change_case:english_lowercase,74.359,39
llama1b,tb_placebo,44,ifeval,combination:repeat_prompt,2.439,41
llama1b,tb_placebo,44,ifeval,combination:two_responses,20.8333,24
llama1b,tb_placebo,44,ifeval,detectable_content:number_placeholders,88.8889,27
llama1b,tb_placebo,44,ifeval,detectable_content:postscript,73.0769,26
llama1b,tb_placebo,44,ifeval,detectable_format:constrained_response,90.0,10
llama1b,tb_placebo,44,ifeval,detectable_format:json_format,47.0588,17
llama1b,tb_placebo,44,ifeval,detectable_format:multiple_sections,28.5714,14
llama1b,tb_placebo,44,ifeval,detectable_format:number_bullet_lists,58.0645,31
llama1b,tb_placebo,44,ifeval,detectable_format:number_highlighted_sections,93.75,48
llama1b,tb_placebo,44,ifeval,detectable_format:title,48.6486,37
llama1b,tb_placebo,44,ifeval,keywords:existence,56.4103,39
llama1b,tb_placebo,44,ifeval,keywords:forbidden_words,69.3878,49
llama1b,tb_placebo,44,ifeval,keywords:frequency,59.5238,42
llama1b,tb_placebo,44,ifeval,keywords:letter_frequency,60.6061,33
llama1b,tb_placebo,44,ifeval,language:response_language,80.6452,31
llama1b,tb_placebo,44,ifeval,length_constraints:nth_paragraph_first_word,41.6667,12
llama1b,tb_placebo,44,ifeval,length_constraints:number_paragraphs,14.8148,27
llama1b,tb_placebo,44,ifeval,length_constraints:number_sentences,53.8462,52
llama1b,tb_placebo,44,ifeval,length_constraints:number_words,65.3846,52
llama1b,tb_placebo,44,ifeval,punctuation:no_comma,92.4242,66
llama1b,tb_placebo,44,ifeval,startend:end_checker,34.6154,26
llama1b,tb_placebo,44,ifeval,startend:quotation,53.6585,41
llama1b,tb_placebo,44,mdp500,change_case:capital_word_frequency,44.6154,65
llama1b,tb_placebo,44,mdp500,change_case:english_capital,23.5294,68
llama1b,tb_placebo,44,mdp500,change_case:english_lowercase,69.2308,78
llama1b,tb_placebo,44,mdp500,combination:repeat_prompt,0,23
llama1b,tb_placebo,44,mdp500,combination:two_responses,8.3333,24
llama1b,tb_placebo,44,mdp500,detectable_content:number_placeholders,75.5814,86
llama1b,tb_placebo,44,mdp500,detectable_content:postscript,74.1176,85
llama1b,tb_placebo,44,mdp500,detectable_format:constrained_response,50.0,16
llama1b,tb_placebo,44,mdp500,detectable_format:json_format,60.0,25
llama1b,tb_placebo,44,mdp500,detectable_format:multiple_sections,55.5556,63
llama1b,tb_placebo,44,mdp500,detectable_format:number_bullet_lists,57.1429,98
llama1b,tb_placebo,44,mdp500,detectable_format:number_highlighted_sections,69.4444,72
llama1b,tb_placebo,44,mdp500,detectable_format:title,47.2527,91
llama1b,tb_placebo,44,mdp500,detectable_format:xml_format,34.7826,23
llama1b,tb_placebo,44,mdp500,keywords:existence,80.2083,96
llama1b,tb_placebo,44,mdp500,keywords:forbidden_words,72.8155,103
llama1b,tb_placebo,44,mdp500,keywords:frequency,50.0,76
llama1b,tb_placebo,44,mdp500,keywords:letter_frequency,35.2941,85
llama1b,tb_placebo,44,mdp500,language:response_language,50.0,56
llama1b,tb_placebo,44,mdp500,length_constraints:nth_paragraph_first_word,10.2564,78
llama1b,tb_placebo,44,mdp500,length_constraints:number_paragraphs,13.7931,58
llama1b,tb_placebo,44,mdp500,length_constraints:number_sentences,57.1429,84
llama1b,tb_placebo,44,mdp500,length_constraints:number_words,48.913,92
llama1b,tb_placebo,44,mdp500,punctuation:no_comma,88.6598,97
llama1b,tb_placebo,44,mdp500,startend:end_checker,26.6667,75
llama1b,tb_placebo,44,mdp500,startend:quotation,35.1351,74
llama1b,tb_tie,42,assembled500,change_case:capital_word_frequency,52.8846,104
llama1b,tb_tie,42,assembled500,change_case:english_capital,27.5,80
llama1b,tb_tie,42,assembled500,change_case:english_lowercase,83.7838,74
llama1b,tb_tie,42,assembled500,combination:repeat_prompt,0,71
llama1b,tb_tie,42,assembled500,combination:two_responses,30.7692,26
llama1b,tb_tie,42,assembled500,detectable_content:number_placeholders,88.4615,78
llama1b,tb_tie,42,assembled500,detectable_content:postscript,71.6667,60
llama1b,tb_tie,42,assembled500,detectable_format:constrained_response,100,1
llama1b,tb_tie,42,assembled500,detectable_format:json_format,27.7778,36
llama1b,tb_tie,42,assembled500,detectable_format:multiple_sections,77.6119,67
llama1b,tb_tie,42,assembled500,detectable_format:number_bullet_lists,45.614,57
llama1b,tb_tie,42,assembled500,detectable_format:number_highlighted_sections,88.8889,72
llama1b,tb_tie,42,assembled500,detectable_format:title,61.7647,68
llama1b,tb_tie,42,assembled500,detectable_format:xml_format,34.2857,35
llama1b,tb_tie,42,assembled500,keywords:existence,59.3407,91
llama1b,tb_tie,42,assembled500,keywords:forbidden_words,97.8022,91
llama1b,tb_tie,42,assembled500,keywords:frequency,56.1224,98
llama1b,tb_tie,42,assembled500,keywords:letter_frequency,43.6782,87
llama1b,tb_tie,42,assembled500,language:response_language,86.2745,51
llama1b,tb_tie,42,assembled500,length_constraints:nth_paragraph_first_word,4.918,61
llama1b,tb_tie,42,assembled500,length_constraints:number_paragraphs,20.8955,67
llama1b,tb_tie,42,assembled500,length_constraints:number_sentences,50.4673,107
llama1b,tb_tie,42,assembled500,length_constraints:number_words,60.2041,98
llama1b,tb_tie,42,assembled500,punctuation:no_comma,92.2222,90
llama1b,tb_tie,42,assembled500,startend:end_checker,33.6283,113
llama1b,tb_tie,42,assembled500,startend:quotation,52.6316,38
llama1b,tb_tie,42,ifeval,change_case:capital_word_frequency,68.0,25
llama1b,tb_tie,42,ifeval,change_case:english_capital,20.0,25
llama1b,tb_tie,42,ifeval,change_case:english_lowercase,79.4872,39
llama1b,tb_tie,42,ifeval,combination:repeat_prompt,2.439,41
llama1b,tb_tie,42,ifeval,combination:two_responses,25.0,24
llama1b,tb_tie,42,ifeval,detectable_content:number_placeholders,92.5926,27
llama1b,tb_tie,42,ifeval,detectable_content:postscript,76.9231,26
llama1b,tb_tie,42,ifeval,detectable_format:constrained_response,90.0,10
llama1b,tb_tie,42,ifeval,detectable_format:json_format,58.8235,17
llama1b,tb_tie,42,ifeval,detectable_format:multiple_sections,14.2857,14
llama1b,tb_tie,42,ifeval,detectable_format:number_bullet_lists,51.6129,31
llama1b,tb_tie,42,ifeval,detectable_format:number_highlighted_sections,91.6667,48
llama1b,tb_tie,42,ifeval,detectable_format:title,43.2432,37
llama1b,tb_tie,42,ifeval,keywords:existence,51.2821,39
llama1b,tb_tie,42,ifeval,keywords:forbidden_words,73.4694,49
llama1b,tb_tie,42,ifeval,keywords:frequency,59.5238,42
llama1b,tb_tie,42,ifeval,keywords:letter_frequency,57.5758,33
llama1b,tb_tie,42,ifeval,language:response_language,83.871,31
llama1b,tb_tie,42,ifeval,length_constraints:nth_paragraph_first_word,33.3333,12
llama1b,tb_tie,42,ifeval,length_constraints:number_paragraphs,7.4074,27
llama1b,tb_tie,42,ifeval,length_constraints:number_sentences,55.7692,52
llama1b,tb_tie,42,ifeval,length_constraints:number_words,69.2308,52
llama1b,tb_tie,42,ifeval,punctuation:no_comma,83.3333,66
llama1b,tb_tie,42,ifeval,startend:end_checker,38.4615,26
llama1b,tb_tie,42,ifeval,startend:quotation,58.5366,41
llama1b,tb_tie,42,mdp500,change_case:capital_word_frequency,43.0769,65
llama1b,tb_tie,42,mdp500,change_case:english_capital,25.0,68
llama1b,tb_tie,42,mdp500,change_case:english_lowercase,69.2308,78
llama1b,tb_tie,42,mdp500,combination:repeat_prompt,0,23
llama1b,tb_tie,42,mdp500,combination:two_responses,20.8333,24
llama1b,tb_tie,42,mdp500,detectable_content:number_placeholders,76.7442,86
llama1b,tb_tie,42,mdp500,detectable_content:postscript,72.9412,85
llama1b,tb_tie,42,mdp500,detectable_format:constrained_response,75.0,16
llama1b,tb_tie,42,mdp500,detectable_format:json_format,52.0,25
llama1b,tb_tie,42,mdp500,detectable_format:multiple_sections,55.5556,63
llama1b,tb_tie,42,mdp500,detectable_format:number_bullet_lists,57.1429,98
llama1b,tb_tie,42,mdp500,detectable_format:number_highlighted_sections,72.2222,72
llama1b,tb_tie,42,mdp500,detectable_format:title,46.1538,91
llama1b,tb_tie,42,mdp500,detectable_format:xml_format,56.5217,23
llama1b,tb_tie,42,mdp500,keywords:existence,83.3333,96
llama1b,tb_tie,42,mdp500,keywords:forbidden_words,75.7282,103
llama1b,tb_tie,42,mdp500,keywords:frequency,57.8947,76
llama1b,tb_tie,42,mdp500,keywords:letter_frequency,34.1176,85
llama1b,tb_tie,42,mdp500,language:response_language,53.5714,56
llama1b,tb_tie,42,mdp500,length_constraints:nth_paragraph_first_word,10.2564,78
llama1b,tb_tie,42,mdp500,length_constraints:number_paragraphs,12.069,58
llama1b,tb_tie,42,mdp500,length_constraints:number_sentences,58.3333,84
llama1b,tb_tie,42,mdp500,length_constraints:number_words,52.1739,92
llama1b,tb_tie,42,mdp500,punctuation:no_comma,83.5052,97
llama1b,tb_tie,42,mdp500,startend:end_checker,24.0,75
llama1b,tb_tie,42,mdp500,startend:quotation,35.1351,74
llama1b,tb_tie,43,assembled500,change_case:capital_word_frequency,55.7692,104
llama1b,tb_tie,43,assembled500,change_case:english_capital,35.0,80
llama1b,tb_tie,43,assembled500,change_case:english_lowercase,82.4324,74
llama1b,tb_tie,43,assembled500,combination:repeat_prompt,0,71
llama1b,tb_tie,43,assembled500,combination:two_responses,30.7692,26
llama1b,tb_tie,43,assembled500,detectable_content:number_placeholders,92.3077,78
llama1b,tb_tie,43,assembled500,detectable_content:postscript,75.0,60
llama1b,tb_tie,43,assembled500,detectable_format:constrained_response,100,1
llama1b,tb_tie,43,assembled500,detectable_format:json_format,27.7778,36
llama1b,tb_tie,43,assembled500,detectable_format:multiple_sections,74.6269,67
llama1b,tb_tie,43,assembled500,detectable_format:number_bullet_lists,50.8772,57
llama1b,tb_tie,43,assembled500,detectable_format:number_highlighted_sections,94.4444,72
llama1b,tb_tie,43,assembled500,detectable_format:title,54.4118,68
llama1b,tb_tie,43,assembled500,detectable_format:xml_format,31.4286,35
llama1b,tb_tie,43,assembled500,keywords:existence,62.6374,91
llama1b,tb_tie,43,assembled500,keywords:forbidden_words,98.9011,91
llama1b,tb_tie,43,assembled500,keywords:frequency,57.1429,98
llama1b,tb_tie,43,assembled500,keywords:letter_frequency,49.4253,87
llama1b,tb_tie,43,assembled500,language:response_language,82.3529,51
llama1b,tb_tie,43,assembled500,length_constraints:nth_paragraph_first_word,4.918,61
llama1b,tb_tie,43,assembled500,length_constraints:number_paragraphs,26.8657,67
llama1b,tb_tie,43,assembled500,length_constraints:number_sentences,47.6636,107
llama1b,tb_tie,43,assembled500,length_constraints:number_words,59.1837,98
llama1b,tb_tie,43,assembled500,punctuation:no_comma,95.5556,90
llama1b,tb_tie,43,assembled500,startend:end_checker,23.8938,113
llama1b,tb_tie,43,assembled500,startend:quotation,52.6316,38
llama1b,tb_tie,43,ifeval,change_case:capital_word_frequency,76.0,25
llama1b,tb_tie,43,ifeval,change_case:english_capital,40.0,25
llama1b,tb_tie,43,ifeval,change_case:english_lowercase,74.359,39
llama1b,tb_tie,43,ifeval,combination:repeat_prompt,2.439,41
llama1b,tb_tie,43,ifeval,combination:two_responses,25.0,24
llama1b,tb_tie,43,ifeval,detectable_content:number_placeholders,77.7778,27
llama1b,tb_tie,43,ifeval,detectable_content:postscript,73.0769,26
llama1b,tb_tie,43,ifeval,detectable_format:constrained_response,90.0,10
llama1b,tb_tie,43,ifeval,detectable_format:json_format,41.1765,17
llama1b,tb_tie,43,ifeval,detectable_format:multiple_sections,21.4286,14
llama1b,tb_tie,43,ifeval,detectable_format:number_bullet_lists,54.8387,31
llama1b,tb_tie,43,ifeval,detectable_format:number_highlighted_sections,87.5,48
llama1b,tb_tie,43,ifeval,detectable_format:title,56.7568,37
llama1b,tb_tie,43,ifeval,keywords:existence,66.6667,39
llama1b,tb_tie,43,ifeval,keywords:forbidden_words,71.4286,49
llama1b,tb_tie,43,ifeval,keywords:frequency,59.5238,42
llama1b,tb_tie,43,ifeval,keywords:letter_frequency,63.6364,33
llama1b,tb_tie,43,ifeval,language:response_language,83.871,31
llama1b,tb_tie,43,ifeval,length_constraints:nth_paragraph_first_word,33.3333,12
llama1b,tb_tie,43,ifeval,length_constraints:number_paragraphs,14.8148,27
llama1b,tb_tie,43,ifeval,length_constraints:number_sentences,57.6923,52
llama1b,tb_tie,43,ifeval,length_constraints:number_words,67.3077,52
llama1b,tb_tie,43,ifeval,punctuation:no_comma,87.8788,66
llama1b,tb_tie,43,ifeval,startend:end_checker,26.9231,26
llama1b,tb_tie,43,ifeval,startend:quotation,58.5366,41
llama1b,tb_tie,43,mdp500,change_case:capital_word_frequency,47.6923,65
llama1b,tb_tie,43,mdp500,change_case:english_capital,36.7647,68
llama1b,tb_tie,43,mdp500,change_case:english_lowercase,70.5128,78
llama1b,tb_tie,43,mdp500,combination:repeat_prompt,0,23
llama1b,tb_tie,43,mdp500,combination:two_responses,12.5,24
llama1b,tb_tie,43,mdp500,detectable_content:number_placeholders,77.907,86
llama1b,tb_tie,43,mdp500,detectable_content:postscript,63.5294,85
llama1b,tb_tie,43,mdp500,detectable_format:constrained_response,56.25,16
llama1b,tb_tie,43,mdp500,detectable_format:json_format,56.0,25
llama1b,tb_tie,43,mdp500,detectable_format:multiple_sections,49.2063,63
llama1b,tb_tie,43,mdp500,detectable_format:number_bullet_lists,52.0408,98
llama1b,tb_tie,43,mdp500,detectable_format:number_highlighted_sections,72.2222,72
llama1b,tb_tie,43,mdp500,detectable_format:title,39.5604,91
llama1b,tb_tie,43,mdp500,detectable_format:xml_format,47.8261,23
llama1b,tb_tie,43,mdp500,keywords:existence,82.2917,96
llama1b,tb_tie,43,mdp500,keywords:forbidden_words,77.6699,103
llama1b,tb_tie,43,mdp500,keywords:frequency,59.2105,76
llama1b,tb_tie,43,mdp500,keywords:letter_frequency,32.9412,85
llama1b,tb_tie,43,mdp500,language:response_language,48.2143,56
llama1b,tb_tie,43,mdp500,length_constraints:nth_paragraph_first_word,5.1282,78
llama1b,tb_tie,43,mdp500,length_constraints:number_paragraphs,8.6207,58
llama1b,tb_tie,43,mdp500,length_constraints:number_sentences,60.7143,84
llama1b,tb_tie,43,mdp500,length_constraints:number_words,47.8261,92
llama1b,tb_tie,43,mdp500,punctuation:no_comma,88.6598,97
llama1b,tb_tie,43,mdp500,startend:end_checker,21.3333,75
llama1b,tb_tie,43,mdp500,startend:quotation,39.1892,74
llama1b,tb_tie,44,assembled500,change_case:capital_word_frequency,57.6923,104
llama1b,tb_tie,44,assembled500,change_case:english_capital,32.5,80
llama1b,tb_tie,44,assembled500,change_case:english_lowercase,79.7297,74
llama1b,tb_tie,44,assembled500,combination:repeat_prompt,0,71
llama1b,tb_tie,44,assembled500,combination:two_responses,30.7692,26
llama1b,tb_tie,44,assembled500,detectable_content:number_placeholders,88.4615,78
llama1b,tb_tie,44,assembled500,detectable_content:postscript,71.6667,60
llama1b,tb_tie,44,assembled500,detectable_format:constrained_response,100,1
llama1b,tb_tie,44,assembled500,detectable_format:json_format,22.2222,36
llama1b,tb_tie,44,assembled500,detectable_format:multiple_sections,73.1343,67
llama1b,tb_tie,44,assembled500,detectable_format:number_bullet_lists,36.8421,57
llama1b,tb_tie,44,assembled500,detectable_format:number_highlighted_sections,95.8333,72
llama1b,tb_tie,44,assembled500,detectable_format:title,51.4706,68
llama1b,tb_tie,44,assembled500,detectable_format:xml_format,25.7143,35
llama1b,tb_tie,44,assembled500,keywords:existence,65.9341,91
llama1b,tb_tie,44,assembled500,keywords:forbidden_words,98.9011,91
llama1b,tb_tie,44,assembled500,keywords:frequency,53.0612,98
llama1b,tb_tie,44,assembled500,keywords:letter_frequency,43.6782,87
llama1b,tb_tie,44,assembled500,language:response_language,78.4314,51
llama1b,tb_tie,44,assembled500,length_constraints:nth_paragraph_first_word,9.8361,61
llama1b,tb_tie,44,assembled500,length_constraints:number_paragraphs,22.3881,67
llama1b,tb_tie,44,assembled500,length_constraints:number_sentences,51.4019,107
llama1b,tb_tie,44,assembled500,length_constraints:number_words,54.0816,98
llama1b,tb_tie,44,assembled500,punctuation:no_comma,90.0,90
llama1b,tb_tie,44,assembled500,startend:end_checker,24.7788,113
llama1b,tb_tie,44,assembled500,startend:quotation,47.3684,38
llama1b,tb_tie,44,ifeval,change_case:capital_word_frequency,72.0,25
llama1b,tb_tie,44,ifeval,change_case:english_capital,44.0,25
llama1b,tb_tie,44,ifeval,change_case:english_lowercase,64.1026,39
llama1b,tb_tie,44,ifeval,combination:repeat_prompt,2.439,41
llama1b,tb_tie,44,ifeval,combination:two_responses,25.0,24
llama1b,tb_tie,44,ifeval,detectable_content:number_placeholders,92.5926,27
llama1b,tb_tie,44,ifeval,detectable_content:postscript,76.9231,26
llama1b,tb_tie,44,ifeval,detectable_format:constrained_response,100,10
llama1b,tb_tie,44,ifeval,detectable_format:json_format,52.9412,17
llama1b,tb_tie,44,ifeval,detectable_format:multiple_sections,28.5714,14
llama1b,tb_tie,44,ifeval,detectable_format:number_bullet_lists,58.0645,31
llama1b,tb_tie,44,ifeval,detectable_format:number_highlighted_sections,91.6667,48
llama1b,tb_tie,44,ifeval,detectable_format:title,48.6486,37
llama1b,tb_tie,44,ifeval,keywords:existence,61.5385,39
llama1b,tb_tie,44,ifeval,keywords:forbidden_words,73.4694,49
llama1b,tb_tie,44,ifeval,keywords:frequency,64.2857,42
llama1b,tb_tie,44,ifeval,keywords:letter_frequency,54.5455,33
llama1b,tb_tie,44,ifeval,language:response_language,77.4194,31
llama1b,tb_tie,44,ifeval,length_constraints:nth_paragraph_first_word,41.6667,12
llama1b,tb_tie,44,ifeval,length_constraints:number_paragraphs,22.2222,27
llama1b,tb_tie,44,ifeval,length_constraints:number_sentences,55.7692,52
llama1b,tb_tie,44,ifeval,length_constraints:number_words,67.3077,52
llama1b,tb_tie,44,ifeval,punctuation:no_comma,92.4242,66
llama1b,tb_tie,44,ifeval,startend:end_checker,42.3077,26
llama1b,tb_tie,44,ifeval,startend:quotation,58.5366,41
llama1b,tb_tie,44,mdp500,change_case:capital_word_frequency,49.2308,65
llama1b,tb_tie,44,mdp500,change_case:english_capital,25.0,68
llama1b,tb_tie,44,mdp500,change_case:english_lowercase,73.0769,78
llama1b,tb_tie,44,mdp500,combination:repeat_prompt,0,23
llama1b,tb_tie,44,mdp500,combination:two_responses,20.8333,24
llama1b,tb_tie,44,mdp500,detectable_content:number_placeholders,82.5581,86
llama1b,tb_tie,44,mdp500,detectable_content:postscript,68.2353,85
llama1b,tb_tie,44,mdp500,detectable_format:constrained_response,75.0,16
llama1b,tb_tie,44,mdp500,detectable_format:json_format,52.0,25
llama1b,tb_tie,44,mdp500,detectable_format:multiple_sections,52.381,63
llama1b,tb_tie,44,mdp500,detectable_format:number_bullet_lists,55.102,98
llama1b,tb_tie,44,mdp500,detectable_format:number_highlighted_sections,76.3889,72
llama1b,tb_tie,44,mdp500,detectable_format:title,41.7582,91
llama1b,tb_tie,44,mdp500,detectable_format:xml_format,52.1739,23
llama1b,tb_tie,44,mdp500,keywords:existence,81.25,96
llama1b,tb_tie,44,mdp500,keywords:forbidden_words,76.699,103
llama1b,tb_tie,44,mdp500,keywords:frequency,50.0,76
llama1b,tb_tie,44,mdp500,keywords:letter_frequency,38.8235,85
llama1b,tb_tie,44,mdp500,language:response_language,50.0,56
llama1b,tb_tie,44,mdp500,length_constraints:nth_paragraph_first_word,8.9744,78
llama1b,tb_tie,44,mdp500,length_constraints:number_paragraphs,12.069,58
llama1b,tb_tie,44,mdp500,length_constraints:number_sentences,57.1429,84
llama1b,tb_tie,44,mdp500,length_constraints:number_words,48.913,92
llama1b,tb_tie,44,mdp500,punctuation:no_comma,86.5979,97
llama1b,tb_tie,44,mdp500,startend:end_checker,25.3333,75
llama1b,tb_tie,44,mdp500,startend:quotation,32.4324,74
llama1b,tb_tie,45,assembled500,change_case:capital_word_frequency,52.8846,104
llama1b,tb_tie,45,assembled500,change_case:english_capital,37.5,80
llama1b,tb_tie,45,assembled500,change_case:english_lowercase,86.4865,74
llama1b,tb_tie,45,assembled500,combination:repeat_prompt,0,71
llama1b,tb_tie,45,assembled500,combination:two_responses,26.9231,26
llama1b,tb_tie,45,assembled500,detectable_content:number_placeholders,87.1795,78
llama1b,tb_tie,45,assembled500,detectable_content:postscript,80.0,60
llama1b,tb_tie,45,assembled500,detectable_format:constrained_response,100,1
llama1b,tb_tie,45,assembled500,detectable_format:json_format,25.0,36
llama1b,tb_tie,45,assembled500,detectable_format:multiple_sections,67.1642,67
llama1b,tb_tie,45,assembled500,detectable_format:number_bullet_lists,49.1228,57
llama1b,tb_tie,45,assembled500,detectable_format:number_highlighted_sections,86.1111,72
llama1b,tb_tie,45,assembled500,detectable_format:title,42.6471,68
llama1b,tb_tie,45,assembled500,detectable_format:xml_format,22.8571,35
llama1b,tb_tie,45,assembled500,keywords:existence,63.7363,91
llama1b,tb_tie,45,assembled500,keywords:forbidden_words,98.9011,91
llama1b,tb_tie,45,assembled500,keywords:frequency,64.2857,98
llama1b,tb_tie,45,assembled500,keywords:letter_frequency,40.2299,87
llama1b,tb_tie,45,assembled500,language:response_language,90.1961,51
llama1b,tb_tie,45,assembled500,length_constraints:nth_paragraph_first_word,6.5574,61
llama1b,tb_tie,45,assembled500,length_constraints:number_paragraphs,25.3731,67
llama1b,tb_tie,45,assembled500,length_constraints:number_sentences,52.3364,107
llama1b,tb_tie,45,assembled500,length_constraints:number_words,60.2041,98
llama1b,tb_tie,45,assembled500,punctuation:no_comma,88.8889,90
llama1b,tb_tie,45,assembled500,startend:end_checker,29.2035,113
llama1b,tb_tie,45,assembled500,startend:quotation,44.7368,38
llama1b,tb_tie,45,ifeval,change_case:capital_word_frequency,68.0,25
llama1b,tb_tie,45,ifeval,change_case:english_capital,44.0,25
llama1b,tb_tie,45,ifeval,change_case:english_lowercase,74.359,39
llama1b,tb_tie,45,ifeval,combination:repeat_prompt,2.439,41
llama1b,tb_tie,45,ifeval,combination:two_responses,29.1667,24
llama1b,tb_tie,45,ifeval,detectable_content:number_placeholders,92.5926,27
llama1b,tb_tie,45,ifeval,detectable_content:postscript,84.6154,26
llama1b,tb_tie,45,ifeval,detectable_format:constrained_response,100,10
llama1b,tb_tie,45,ifeval,detectable_format:json_format,35.2941,17
llama1b,tb_tie,45,ifeval,detectable_format:multiple_sections,35.7143,14
llama1b,tb_tie,45,ifeval,detectable_format:number_bullet_lists,67.7419,31
llama1b,tb_tie,45,ifeval,detectable_format:number_highlighted_sections,85.4167,48
llama1b,tb_tie,45,ifeval,detectable_format:title,37.8378,37
llama1b,tb_tie,45,ifeval,keywords:existence,58.9744,39
llama1b,tb_tie,45,ifeval,keywords:forbidden_words,73.4694,49
llama1b,tb_tie,45,ifeval,keywords:frequency,71.4286,42
llama1b,tb_tie,45,ifeval,keywords:letter_frequency,60.6061,33
llama1b,tb_tie,45,ifeval,language:response_language,77.4194,31
llama1b,tb_tie,45,ifeval,length_constraints:nth_paragraph_first_word,25.0,12
llama1b,tb_tie,45,ifeval,length_constraints:number_paragraphs,11.1111,27
llama1b,tb_tie,45,ifeval,length_constraints:number_sentences,53.8462,52
llama1b,tb_tie,45,ifeval,length_constraints:number_words,63.4615,52
llama1b,tb_tie,45,ifeval,punctuation:no_comma,90.9091,66
llama1b,tb_tie,45,ifeval,startend:end_checker,34.6154,26
llama1b,tb_tie,45,ifeval,startend:quotation,58.5366,41
llama1b,tb_tie,45,mdp500,change_case:capital_word_frequency,44.6154,65
llama1b,tb_tie,45,mdp500,change_case:english_capital,22.0588,68
llama1b,tb_tie,45,mdp500,change_case:english_lowercase,75.641,78
llama1b,tb_tie,45,mdp500,combination:repeat_prompt,0,23
llama1b,tb_tie,45,mdp500,combination:two_responses,16.6667,24
llama1b,tb_tie,45,mdp500,detectable_content:number_placeholders,80.2326,86
llama1b,tb_tie,45,mdp500,detectable_content:postscript,80.0,85
llama1b,tb_tie,45,mdp500,detectable_format:constrained_response,62.5,16
llama1b,tb_tie,45,mdp500,detectable_format:json_format,48.0,25
llama1b,tb_tie,45,mdp500,detectable_format:multiple_sections,47.619,63
llama1b,tb_tie,45,mdp500,detectable_format:number_bullet_lists,54.0816,98
llama1b,tb_tie,45,mdp500,detectable_format:number_highlighted_sections,69.4444,72
llama1b,tb_tie,45,mdp500,detectable_format:title,38.4615,91
llama1b,tb_tie,45,mdp500,detectable_format:xml_format,47.8261,23
llama1b,tb_tie,45,mdp500,keywords:existence,77.0833,96
llama1b,tb_tie,45,mdp500,keywords:forbidden_words,78.6408,103
llama1b,tb_tie,45,mdp500,keywords:frequency,60.5263,76
llama1b,tb_tie,45,mdp500,keywords:letter_frequency,34.1176,85
llama1b,tb_tie,45,mdp500,language:response_language,48.2143,56
llama1b,tb_tie,45,mdp500,length_constraints:nth_paragraph_first_word,8.9744,78
llama1b,tb_tie,45,mdp500,length_constraints:number_paragraphs,10.3448,58
llama1b,tb_tie,45,mdp500,length_constraints:number_sentences,50.0,84
llama1b,tb_tie,45,mdp500,length_constraints:number_words,51.087,92
llama1b,tb_tie,45,mdp500,punctuation:no_comma,83.5052,97
llama1b,tb_tie,45,mdp500,startend:end_checker,28.0,75
llama1b,tb_tie,45,mdp500,startend:quotation,35.1351,74
llama1b,tb_tie,46,assembled500,change_case:capital_word_frequency,53.8462,104
llama1b,tb_tie,46,assembled500,change_case:english_capital,32.5,80
llama1b,tb_tie,46,assembled500,change_case:english_lowercase,86.4865,74
llama1b,tb_tie,46,assembled500,combination:repeat_prompt,0,71
llama1b,tb_tie,46,assembled500,combination:two_responses,34.6154,26
llama1b,tb_tie,46,assembled500,detectable_content:number_placeholders,89.7436,78
llama1b,tb_tie,46,assembled500,detectable_content:postscript,71.6667,60
llama1b,tb_tie,46,assembled500,detectable_format:constrained_response,0,1
llama1b,tb_tie,46,assembled500,detectable_format:json_format,22.2222,36
llama1b,tb_tie,46,assembled500,detectable_format:multiple_sections,70.1493,67
llama1b,tb_tie,46,assembled500,detectable_format:number_bullet_lists,47.3684,57
llama1b,tb_tie,46,assembled500,detectable_format:number_highlighted_sections,93.0556,72
llama1b,tb_tie,46,assembled500,detectable_format:title,54.4118,68
llama1b,tb_tie,46,assembled500,detectable_format:xml_format,42.8571,35
llama1b,tb_tie,46,assembled500,keywords:existence,61.5385,91
llama1b,tb_tie,46,assembled500,keywords:forbidden_words,98.9011,91
llama1b,tb_tie,46,assembled500,keywords:frequency,52.0408,98
llama1b,tb_tie,46,assembled500,keywords:letter_frequency,42.5287,87
llama1b,tb_tie,46,assembled500,language:response_language,88.2353,51
llama1b,tb_tie,46,assembled500,length_constraints:nth_paragraph_first_word,4.918,61
llama1b,tb_tie,46,assembled500,length_constraints:number_paragraphs,28.3582,67
llama1b,tb_tie,46,assembled500,length_constraints:number_sentences,46.729,107
llama1b,tb_tie,46,assembled500,length_constraints:number_words,61.2245,98
llama1b,tb_tie,46,assembled500,punctuation:no_comma,93.3333,90
llama1b,tb_tie,46,assembled500,startend:end_checker,20.354,113
llama1b,tb_tie,46,assembled500,startend:quotation,55.2632,38
llama1b,tb_tie,46,ifeval,change_case:capital_word_frequency,72.0,25
llama1b,tb_tie,46,ifeval,change_case:english_capital,44.0,25
llama1b,tb_tie,46,ifeval,change_case:english_lowercase,74.359,39
llama1b,tb_tie,46,ifeval,combination:repeat_prompt,2.439,41
llama1b,tb_tie,46,ifeval,combination:two_responses,16.6667,24
llama1b,tb_tie,46,ifeval,detectable_content:number_placeholders,88.8889,27
llama1b,tb_tie,46,ifeval,detectable_content:postscript,88.4615,26
llama1b,tb_tie,46,ifeval,detectable_format:constrained_response,90.0,10
llama1b,tb_tie,46,ifeval,detectable_format:json_format,58.8235,17
llama1b,tb_tie,46,ifeval,detectable_format:multiple_sections,21.4286,14
llama1b,tb_tie,46,ifeval,detectable_format:number_bullet_lists,67.7419,31
llama1b,tb_tie,46,ifeval,detectable_format:number_highlighted_sections,91.6667,48
llama1b,tb_tie,46,ifeval,detectable_format:title,43.2432,37
llama1b,tb_tie,46,ifeval,keywords:existence,66.6667,39
llama1b,tb_tie,46,ifeval,keywords:forbidden_words,75.5102,49
llama1b,tb_tie,46,ifeval,keywords:frequency,64.2857,42
llama1b,tb_tie,46,ifeval,keywords:letter_frequency,57.5758,33
llama1b,tb_tie,46,ifeval,language:response_language,83.871,31
llama1b,tb_tie,46,ifeval,length_constraints:nth_paragraph_first_word,33.3333,12
llama1b,tb_tie,46,ifeval,length_constraints:number_paragraphs,14.8148,27
llama1b,tb_tie,46,ifeval,length_constraints:number_sentences,57.6923,52
llama1b,tb_tie,46,ifeval,length_constraints:number_words,71.1538,52
llama1b,tb_tie,46,ifeval,punctuation:no_comma,93.9394,66
llama1b,tb_tie,46,ifeval,startend:end_checker,38.4615,26
llama1b,tb_tie,46,ifeval,startend:quotation,65.8537,41
llama1b,tb_tie,46,mdp500,change_case:capital_word_frequency,41.5385,65
llama1b,tb_tie,46,mdp500,change_case:english_capital,36.7647,68
llama1b,tb_tie,46,mdp500,change_case:english_lowercase,66.6667,78
llama1b,tb_tie,46,mdp500,combination:repeat_prompt,0,23
llama1b,tb_tie,46,mdp500,combination:two_responses,8.3333,24
llama1b,tb_tie,46,mdp500,detectable_content:number_placeholders,75.5814,86
llama1b,tb_tie,46,mdp500,detectable_content:postscript,67.0588,85
llama1b,tb_tie,46,mdp500,detectable_format:constrained_response,68.75,16
llama1b,tb_tie,46,mdp500,detectable_format:json_format,60.0,25
llama1b,tb_tie,46,mdp500,detectable_format:multiple_sections,50.7937,63
llama1b,tb_tie,46,mdp500,detectable_format:number_bullet_lists,54.0816,98
llama1b,tb_tie,46,mdp500,detectable_format:number_highlighted_sections,70.8333,72
llama1b,tb_tie,46,mdp500,detectable_format:title,39.5604,91
llama1b,tb_tie,46,mdp500,detectable_format:xml_format,47.8261,23
llama1b,tb_tie,46,mdp500,keywords:existence,83.3333,96
llama1b,tb_tie,46,mdp500,keywords:forbidden_words,73.7864,103
llama1b,tb_tie,46,mdp500,keywords:frequency,52.6316,76
llama1b,tb_tie,46,mdp500,keywords:letter_frequency,34.1176,85
llama1b,tb_tie,46,mdp500,language:response_language,53.5714,56
llama1b,tb_tie,46,mdp500,length_constraints:nth_paragraph_first_word,12.8205,78
llama1b,tb_tie,46,mdp500,length_constraints:number_paragraphs,10.3448,58
llama1b,tb_tie,46,mdp500,length_constraints:number_sentences,53.5714,84
llama1b,tb_tie,46,mdp500,length_constraints:number_words,48.913,92
llama1b,tb_tie,46,mdp500,punctuation:no_comma,86.5979,97
llama1b,tb_tie,46,mdp500,startend:end_checker,25.3333,75
llama1b,tb_tie,46,mdp500,startend:quotation,35.1351,74
